cohort,curvature_gradient_mean_abs,curvature_proxy_mean,data_seed,example_id,hops,intervention,optimization_seed,spectral_effective_rank,spectral_entropy,spectral_gap,tokens
train_id,0.005811476614326239,-0.14767222106456757,16301,train_hop_1_finite_speed_cone:ergt43_pair_273170000_cf1,1,full,12011,1.0,2.9262320173852226e-15,2.0,51
train_id,0.004856211598962545,-0.1745096743106842,16301,train_hop_1_memory_source_condition:ergt43_pair_313530019_cf1,1,full,12011,1.0,1.1064242936149578e-15,2.0,51
train_id,0.004757435992360115,-0.1260589063167572,16301,train_hop_1_boundary_deficit:ergt43_pair_283260010_cf1,1,full,12011,1.0,1.4631160086926113e-15,2.0,51
train_id,0.005563671700656414,-0.15925852954387665,16301,train_hop_1_memory_source_condition:ergt43_pair_313530010_cf0,1,full,12011,1.0,0.0,2.0,51
train_id,0.0061836582608520985,-0.16508787870407104,16301,train_hop_1_payload_transport:ergt43_pair_293350023_cf1,1,full,12011,1.0,0.0,2.0,51
train_id,0.003944740165024996,-0.15179096162319183,16301,train_hop_1_payload_transport:ergt43_pair_293350021_cf1,1,full,12011,1.0,0.0,2.0,51
train_id,0.005218103993684053,-0.13023090362548828,16301,train_hop_1_terminal_mass:ergt43_pair_303440008_cf1,1,full,12011,1.0,0.0,2.0,51
train_id,0.005870118271559477,-0.1922203004360199,16301,train_hop_1_combined_long_horizon:ergt43_pair_323620017_cf0,1,full,12011,1.0,2.9262320173852226e-15,2.0,51
train_id,0.004715430084615946,-0.14753839373588562,16301,train_hop_1_payload_transport:ergt43_pair_293350023_cf0,1,full,12011,1.0,0.0,2.0,51
train_id,0.003966463264077902,-0.1696408987045288,16301,train_hop_1_payload_transport:ergt43_pair_293350019_cf0,1,full,12011,1.0,1.1064242936149578e-15,2.0,51
train_id,0.0056555429473519325,-0.13351137936115265,16301,train_hop_1_finite_speed_cone:ergt43_pair_273170003_cf1,1,full,12011,1.0,0.0,2.0,51
train_id,0.005324557423591614,-0.1393439620733261,16301,train_hop_1_boundary_deficit:ergt43_pair_283260008_cf1,1,full,12011,1.0,0.0,2.0,51
train_id,0.00483265845105052,-0.17590029537677765,16301,train_hop_1_memory_source_condition:ergt43_pair_313530000_cf0,1,full,12011,1.0,0.0,2.0,51
train_id,0.004835063125938177,-0.1280471533536911,16301,train_hop_1_terminal_mass:ergt43_pair_303440021_cf0,1,full,12011,1.0,0.0,2.0,51
train_id,0.006367696449160576,-0.1598380208015442,16301,train_hop_1_combined_long_horizon:ergt43_pair_323620018_cf0,1,full,12011,1.0,0.0,2.0,51
train_id,0.005161989014595747,-0.1678406149148941,16301,train_hop_1_payload_transport:ergt43_pair_293350021_cf0,1,full,12011,1.0,2.9262320173852226e-15,2.0,51
train_id,0.005049429833889008,-0.1683122217655182,16301,train_hop_1_boundary_deficit:ergt43_pair_283260017_cf0,1,full,12011,1.0,0.0,2.0,51
train_id,0.0046158148907125,-0.1366729587316513,16301,train_hop_1_finite_speed_cone:ergt43_pair_273170000_cf0,1,full,12011,1.0,0.0,2.0,51
train_id,0.004687106236815453,-0.1833655834197998,16301,train_hop_1_payload_transport:ergt43_pair_293350019_cf1,1,full,12011,1.0,0.0,2.0,51
train_id,0.005105441436171532,-0.17778202891349792,16301,train_hop_1_combined_long_horizon:ergt43_pair_323620018_cf1,1,full,12011,1.0,3.6396154475405295e-15,2.0,51
train_id,0.004305265378206968,-0.1468524932861328,16301,train_hop_1_boundary_deficit:ergt43_pair_283260023_cf0,1,full,12011,1.0,0.0,2.0,51
train_id,0.005733528174459934,-0.13678349554538727,16301,train_hop_1_geodesic_action:ergt43_pair_263080014_cf1,1,full,12011,1.0,0.0,2.0,51
train_id,0.004863666836172342,-0.1355966031551361,16301,train_hop_1_finite_speed_cone:ergt43_pair_273170007_cf1,1,full,12011,1.0,1.4631160086926113e-15,2.0,51
train_id,0.0056669809855520725,-0.18979504704475403,16301,train_hop_1_combined_long_horizon:ergt43_pair_323620014_cf0,1,full,12011,1.0,0.0,2.0,51
train_id,0.005048744380474091,-0.14155301451683044,16301,train_hop_1_finite_speed_cone:ergt43_pair_273170003_cf0,1,full,12011,1.0,1.8198077237702647e-15,2.0,51
train_id,0.004586160182952881,-0.1671570986509323,16301,train_hop_1_finite_speed_cone:ergt43_pair_273170011_cf0,1,full,12011,1.0,0.0,2.0,51
train_id,0.005814065225422382,-0.125984326004982,16301,train_hop_1_terminal_mass:ergt43_pair_303440002_cf1,1,full,12011,1.0,0.0,2.0,51
train_id,0.005056112539023161,-0.1282404661178589,16301,train_hop_1_finite_speed_cone:ergt43_pair_273170007_cf0,1,full,12011,1.0,5.532121468074789e-16,2.0,51
train_id,0.004763891454786062,-0.1346045583486557,16301,train_hop_1_geodesic_action:ergt43_pair_263080022_cf1,1,full,12011,1.0,1.1064242936149578e-15,2.0,51
train_id,0.0039342655800282955,-0.13180841505527496,16301,train_hop_1_memory_source_condition:ergt43_pair_313530019_cf0,1,full,12011,1.0,1.1064242936149578e-15,2.0,51
train_id,0.007120010443031788,-0.20423179864883423,16301,train_hop_1_combined_long_horizon:ergt43_pair_323620003_cf1,1,full,12011,1.0,0.0,2.0,51
train_id,0.0043965601362288,-0.16276894509792328,16301,train_hop_1_geodesic_action:ergt43_pair_263080012_cf0,1,full,12011,1.0,0.0,2.0,51
train_id,0.004973814822733402,-0.14942945539951324,16301,train_hop_1_geodesic_action:ergt43_pair_263080003_cf1,1,full,12011,1.0,1.1064242936149578e-15,2.0,51
train_id,0.005788740236312151,-0.12207327038049698,16301,train_hop_1_payload_transport:ergt43_pair_293350015_cf1,1,full,12011,1.0,1.1064242936149578e-15,2.0,51
train_id,0.006001872476190329,-0.13186495006084442,16301,train_hop_1_payload_transport:ergt43_pair_293350015_cf0,1,full,12011,1.0,0.0,2.0,51
train_id,0.00484964344650507,-0.1542685180902481,16301,train_hop_1_memory_source_condition:ergt43_pair_313530011_cf0,1,full,12011,1.0,0.0,2.0,51
train_id,0.005704673007130623,-0.1575789451599121,16301,train_hop_1_boundary_deficit:ergt43_pair_283260008_cf0,1,full,12011,1.0,1.1064242936149578e-15,2.0,51
train_id,0.005535751581192017,-0.16102202236652374,16301,train_hop_1_geodesic_action:ergt43_pair_263080022_cf0,1,full,12011,1.0,0.0,2.0,51
train_id,0.00492603424936533,-0.10528793185949326,16301,train_hop_1_boundary_deficit:ergt43_pair_283260010_cf0,1,full,12011,1.0,0.0,2.0,51
train_id,0.00542689161375165,-0.11767248809337616,16301,train_hop_1_geodesic_action:ergt43_pair_263080014_cf0,1,full,12011,1.0,0.0,2.0,51
train_id,0.004935526754707098,-0.12524844706058502,16301,train_hop_1_terminal_mass:ergt43_pair_303440011_cf0,1,full,12011,1.0,1.1064242936149578e-15,2.0,51
train_id,0.006997378077358007,-0.1719917505979538,16301,train_hop_1_combined_long_horizon:ergt43_pair_323620003_cf0,1,full,12011,1.0,0.0,2.0,51
train_id,0.005317753180861473,-0.1782398223876953,16301,train_hop_1_memory_source_condition:ergt43_pair_313530000_cf1,1,full,12011,1.0,0.0,2.0,51
train_id,0.005286380648612976,-0.23143357038497925,16301,train_hop_1_combined_long_horizon:ergt43_pair_323620014_cf1,1,full,12011,1.0,0.0,2.0,51
train_id,0.004146679304540157,-0.1262201964855194,16301,train_hop_1_boundary_deficit:ergt43_pair_283260023_cf1,1,full,12011,1.0,0.0,2.0,51
train_id,0.00411771796643734,-0.12271624058485031,16301,train_hop_1_finite_speed_cone:ergt43_pair_273170011_cf1,1,full,12011,1.0,0.0,2.0,51
train_id,0.005343539174646139,-0.1755392700433731,16301,train_hop_1_combined_long_horizon:ergt43_pair_323620017_cf1,1,full,12011,1.0,3.6396154475405295e-15,2.0,51
train_id,0.00584430294111371,-0.10770248621702194,16301,train_hop_1_terminal_mass:ergt43_pair_303440011_cf1,1,full,12011,1.0,0.0,2.0,51
train_id,0.005143952090293169,-0.14458510279655457,16301,train_hop_1_boundary_deficit:ergt43_pair_283260017_cf1,1,full,12011,1.0,1.1064242936149578e-15,2.0,51
train_id,0.0035844161175191402,-0.16489990055561066,16301,train_hop_1_geodesic_action:ergt43_pair_263080012_cf1,1,full,12011,1.0,0.0,2.0,51
train_id,0.004682614468038082,-0.12855246663093567,16301,train_hop_1_memory_source_condition:ergt43_pair_313530010_cf1,1,full,12011,1.0,1.1064242936149578e-15,2.0,51
train_id,0.0067132143303751945,-0.15169329941272736,16301,train_hop_1_terminal_mass:ergt43_pair_303440002_cf0,1,full,12011,1.0,0.0,2.0,51
train_id,0.005425239447504282,-0.12332892417907715,16301,train_hop_1_geodesic_action:ergt43_pair_263080003_cf0,1,full,12011,1.0,2.9262320173852226e-15,2.0,51
train_id,0.0062562464736402035,-0.13779431581497192,16301,train_hop_1_terminal_mass:ergt43_pair_303440008_cf0,1,full,12011,1.0,0.0,2.0,51
train_id,0.0054916818626224995,-0.10838818550109863,16301,train_hop_1_terminal_mass:ergt43_pair_303440021_cf1,1,full,12011,1.0,1.1064242936149578e-15,2.0,51
train_id,0.005583183839917183,-0.1453600525856018,16301,train_hop_1_memory_source_condition:ergt43_pair_313530011_cf1,1,full,12011,1.0,2.9262320173852226e-15,2.0,51
train_id,0.005909853149205446,-0.138936847448349,16301,train_unsupported:ergt43_pair_163040005_cf0,1,full,12011,1.0,1.1064242936149578e-15,2.0,51
train_id,0.005036619491875172,-0.14811526238918304,16301,train_unsupported:ergt43_pair_163040005_cf1,1,full,12011,1.0,1.1064242936149578e-15,2.0,51
train_id,0.004307076800614595,-0.15543341636657715,16301,train_unsupported:ergt43_pair_163040006_cf1,1,full,12011,1.0,2.9262320173852226e-15,2.0,51
train_id,0.005404943600296974,-0.14299362897872925,16301,train_unsupported:ergt43_pair_163040006_cf0,1,full,12011,1.0,1.1064242936149578e-15,2.0,51
train_id,0.0031403438188135624,-0.12339095026254654,16301,train_unsupported:ergt43_pair_163040004_cf1,1,full,12011,1.0,0.0,2.0,51
train_id,0.00416439026594162,-0.15131771564483643,16301,train_unsupported:ergt43_pair_163040004_cf0,1,full,12011,1.0,0.0,2.0,51
validation,0.006670183036476374,-0.1476239711046219,16301,validation:ergt43_pair_165120036_cf1,1,full,12011,1.0,1.1064242936149578e-15,2.0,35
validation,0.0063006519339978695,-0.10550694167613983,16301,validation:ergt43_pair_165120036_cf0,1,full,12011,1.0,0.0,2.0,35
validation,0.004848490469157696,-0.13893164694309235,16301,validation:ergt43_pair_165120052_cf1,1,full,12011,1.0,3.688080978716526e-16,2.0,35
validation,0.004564033355563879,-0.1719193458557129,16301,validation:ergt43_pair_165120052_cf0,1,full,12011,1.0,0.0,2.0,35
validation,0.006745973601937294,-0.1403476446866989,16301,validation:ergt43_pair_165120074_cf1,1,full,12011,1.0,1.3442188409194724e-15,2.0,35
validation,0.005972019862383604,-0.11490271240472794,16301,validation:ergt43_pair_165120074_cf0,1,full,12011,1.0,9.754107430478198e-16,2.0,35
validation,0.007517712656408548,-0.1747661530971527,16301,validation:ergt43_pair_165120097_cf0,1,full,12011,1.0,3.688080978716526e-16,2.0,35
validation,0.008745130151510239,-0.15267576277256012,16301,validation:ergt43_pair_165120097_cf1,1,full,12011,1.0,9.754107430478198e-16,2.0,35
validation,0.006457202602177858,-0.1365049034357071,16301,validation:ergt43_pair_165120007_cf1,1,full,12011,1.0,1.213205184473216e-15,2.0,35
validation,0.005630571395158768,-0.1275218427181244,16301,validation:ergt43_pair_165120007_cf0,1,full,12011,1.0,0.0,2.0,35
validation,0.004502980969846249,-0.12457122653722763,16301,validation:ergt43_pair_165120026_cf1,1,full,12011,1.0,0.0,2.0,35
validation,0.004260171204805374,-0.151023268699646,16301,validation:ergt43_pair_165120026_cf0,1,full,12011,1.0,1.4631160086926113e-15,2.0,35
validation,0.009226572699844837,-0.14776882529258728,16301,validation:ergt43_pair_165120076_cf0,1,full,12011,1.0,0.0,2.0,35
validation,0.007306638173758984,-0.19053936004638672,16301,validation:ergt43_pair_165120076_cf1,1,full,12011,1.0,0.0,2.0,35
validation,0.003985528368502855,-0.20876885950565338,16301,validation:ergt43_pair_165120012_cf0,1,full,12011,1.0,0.0,2.0,35
validation,0.003712303237989545,-0.15865173935890198,16301,validation:ergt43_pair_165120012_cf1,1,full,12011,1.0,0.0,2.0,35
validation,0.005374767817556858,-0.1605602204799652,16301,validation:ergt43_pair_165120078_cf1,1,full,12011,1.0,3.688080978716526e-16,2.0,35
validation,0.005772564094513655,-0.16334034502506256,16301,validation:ergt43_pair_165120078_cf0,1,full,12011,1.0,7.376161957433052e-16,2.0,35
validation,0.006596038118004799,-0.1705877035856247,16301,validation:ergt43_pair_165120023_cf1,1,full,12011,1.0,1.1064242936149578e-15,2.0,35
validation,0.008408108726143837,-0.16938890516757965,16301,validation:ergt43_pair_165120023_cf0,1,full,12011,1.0,0.0,2.0,35
validation,0.008988709188997746,-0.1257641464471817,16301,validation:ergt43_pair_165120051_cf0,1,full,12011,1.0,1.3442188409194724e-15,2.0,35
validation,0.006322870962321758,-0.13680727779865265,16301,validation:ergt43_pair_165120051_cf1,1,full,12011,1.0,1.3442188409194724e-15,2.0,35
validation,0.006823743227869272,-0.15570306777954102,16301,validation:ergt43_pair_165120057_cf1,1,full,12011,1.0,1.1064242936149578e-15,2.0,35
validation,0.006514969281852245,-0.1435977965593338,16301,validation:ergt43_pair_165120057_cf0,1,full,12011,1.0,0.0,2.0,35
validation,0.005801795981824398,-0.1278841197490692,16301,validation:ergt43_pair_165120040_cf1,1,full,12011,1.0,0.0,2.0,35
validation,0.0060045793652534485,-0.15522229671478271,16301,validation:ergt43_pair_165120040_cf0,1,full,12011,1.0,2.9262320173852226e-15,2.0,35
validation,0.005170171614736319,-0.13484486937522888,16301,validation:ergt43_pair_165120092_cf1,1,full,12011,1.0,0.0,2.0,35
validation,0.004614518489688635,-0.10762494057416916,16301,validation:ergt43_pair_165120092_cf0,1,full,12011,1.0,0.0,2.0,35
validation,0.0073096854612231255,-0.14600056409835815,16301,validation:ergt43_pair_165120058_cf1,1,full,12011,1.0,9.754107430478198e-16,2.0,35
validation,0.009035998955368996,-0.14415034651756287,16301,validation:ergt43_pair_165120058_cf0,1,full,12011,1.0,1.713026938791125e-15,2.0,35
validation,0.006982152815908194,-0.11992435157299042,16301,validation:ergt43_pair_165120088_cf0,1,full,12011,1.0,2.9262320173852226e-15,2.0,35
validation,0.007449035067111254,-0.1410670131444931,16301,validation:ergt43_pair_165120088_cf1,1,full,12011,1.0,0.0,2.0,35
validation,0.004372370894998312,-0.16338226199150085,16301,validation:ergt43_pair_165120054_cf0,1,full,12011,1.0,0.0,2.0,35
validation,0.004207653924822807,-0.1390940546989441,16301,validation:ergt43_pair_165120054_cf1,1,full,12011,1.0,0.0,2.0,35
validation,0.008740869350731373,-0.20953088998794556,16301,validation:ergt43_pair_165120090_cf0,1,full,12011,1.0,3.688080978716526e-16,2.0,35
validation,0.007035013288259506,-0.17816385626792908,16301,validation:ergt43_pair_165120090_cf1,1,full,12011,1.0,0.0,2.0,35
validation,0.006212672218680382,-0.14797888696193695,16301,validation:ergt43_pair_165120029_cf1,1,full,12011,1.0,7.376161957433052e-16,2.0,35
validation,0.00579418521374464,-0.11229074746370316,16301,validation:ergt43_pair_165120029_cf0,1,full,12011,1.0,1.3442188409194724e-15,2.0,35
validation,0.005917464382946491,-0.17127543687820435,16301,validation:ergt43_pair_165120030_cf0,1,full,12011,1.0,7.376161957433052e-16,2.0,35
validation,0.004111471585929394,-0.17185966670513153,16301,validation:ergt43_pair_165120030_cf1,1,full,12011,1.0,0.0,2.0,35
validation,0.004349609836935997,-0.10075346380472183,16301,validation:ergt43_pair_165120018_cf0,1,full,12011,1.0,0.0,2.0,35
validation,0.0043512978591024876,-0.11868568509817123,16301,validation:ergt43_pair_165120018_cf1,1,full,12011,1.0,5.532121468074789e-16,2.0,35
validation,0.005586911924183369,-0.14937137067317963,16301,validation:ergt43_pair_165120089_cf0,1,full,12011,1.0,7.376161957433052e-16,2.0,35
validation,0.005592441186308861,-0.1804002821445465,16301,validation:ergt43_pair_165120089_cf1,1,full,12011,1.0,3.688080978716526e-16,2.0,35
validation,0.010068233124911785,-0.18821093440055847,16301,validation:ergt43_pair_165120027_cf1,1,full,12011,1.0,0.0,2.0,35
validation,0.00914557371288538,-0.164348766207695,16301,validation:ergt43_pair_165120027_cf0,1,full,12011,1.0,0.0,2.0,35
validation,0.005071806721389294,-0.20705361664295197,16301,validation:ergt43_pair_165120080_cf1,1,full,12011,1.0,3.688080978716526e-16,2.0,35
validation,0.004996695090085268,-0.17512397468090057,16301,validation:ergt43_pair_165120080_cf0,1,full,12011,1.0,1.3442188409194724e-15,2.0,35
validation,0.006337337661534548,-0.16608944535255432,16301,validation:ergt43_pair_165120083_cf0,1,full,12011,1.0,0.0,2.0,35
validation,0.009811529889702797,-0.19828000664710999,16301,validation:ergt43_pair_165120083_cf1,1,full,12011,1.0,0.0,2.0,35
validation,0.00874769315123558,-0.21420688927173615,16301,validation:ergt43_pair_165120033_cf0,1,full,12011,1.0,0.0,2.0,35
validation,0.008705542422831059,-0.19001826643943787,16301,validation:ergt43_pair_165120033_cf1,1,full,12011,1.0,0.0,2.0,35
validation,0.008837604895234108,-0.12730176746845245,16301,validation:ergt43_pair_165120002_cf0,1,full,12011,1.0,0.0,2.0,35
validation,0.007292859721928835,-0.1372324675321579,16301,validation:ergt43_pair_165120002_cf1,1,full,12011,1.0,3.688080978716526e-16,2.0,35
validation,0.008644313551485538,-0.14104309678077698,16301,validation:ergt43_pair_165120064_cf1,1,full,12011,1.0,0.0,2.0,35
validation,0.007848321460187435,-0.1475115567445755,16301,validation:ergt43_pair_165120064_cf0,1,full,12011,1.0,0.0,2.0,35
validation,0.004318677354604006,-0.13463914394378662,16301,validation:ergt43_pair_165120014_cf0,1,full,12011,1.0,1.3442188409194724e-15,2.0,35
validation,0.005251903086900711,-0.14486399292945862,16301,validation:ergt43_pair_165120014_cf1,1,full,12011,1.0,0.0,2.0,35
validation,0.0043012709356844425,-0.17020472884178162,16301,validation:ergt43_pair_165120016_cf1,1,full,12011,1.0,0.0,2.0,35
validation,0.0028469054959714413,-0.17179200053215027,16301,validation:ergt43_pair_165120016_cf0,1,full,12011,1.0,1.3442188409194724e-15,2.0,35
validation,0.007166916970163584,-0.10339460521936417,16301,validation:ergt43_pair_165120060_cf1,1,full,12011,1.0,1.1064242936149578e-15,2.0,35
validation,0.008069075644016266,-0.147322878241539,16301,validation:ergt43_pair_165120060_cf0,1,full,12011,1.0,0.0,2.0,35
validation,0.008870120160281658,-0.1467144936323166,16301,validation:ergt43_pair_165120053_cf0,1,full,12011,1.0,0.0,2.0,35
validation,0.008195883594453335,-0.12360074371099472,16301,validation:ergt43_pair_165120053_cf1,1,full,12011,1.0,0.0,2.0,35
validation,0.006437794305384159,-0.13053451478481293,16301,validation:ergt43_pair_165120042_cf0,1,full,12011,1.0,0.0,2.0,35
validation,0.005978450644761324,-0.1433418244123459,16301,validation:ergt43_pair_165120042_cf1,1,full,12011,1.0,0.0,2.0,35
validation,0.007942412979900837,-0.16003505885601044,16301,validation:ergt43_pair_165120009_cf0,1,full,12011,1.0,0.0,2.0,35
validation,0.005715780891478062,-0.16721321642398834,16301,validation:ergt43_pair_165120009_cf1,1,full,12011,1.0,1.1064242936149578e-15,2.0,35
validation,0.008460335433483124,-0.13102681934833527,16301,validation:ergt43_pair_165120000_cf0,1,full,12011,1.0,0.0,2.0,35
validation,0.009287536144256592,-0.13804666697978973,16301,validation:ergt43_pair_165120000_cf1,1,full,12011,1.0,2.319629583967292e-15,2.0,35
validation,0.006759315263479948,-0.12396825104951859,16301,validation:ergt43_pair_165120028_cf1,1,full,12011,1.0,0.0,2.0,35
validation,0.007279529701918364,-0.13174335658550262,16301,validation:ergt43_pair_165120028_cf0,1,full,12011,1.0,1.9508214860956396e-15,2.0,35
validation,0.0045615858398377895,-0.14604894816875458,16301,validation:ergt43_pair_165120001_cf0,1,full,12011,1.0,0.0,2.0,35
validation,0.004539066459983587,-0.1602494865655899,16301,validation:ergt43_pair_165120001_cf1,1,full,12011,1.0,9.754107430478198e-16,2.0,35
validation,0.003860338358208537,-0.17093555629253387,16301,validation:ergt43_pair_165120091_cf1,1,full,12011,1.0,2.9262320173852226e-15,2.0,35
validation,0.004457940813153982,-0.18160749971866608,16301,validation:ergt43_pair_165120091_cf0,1,full,12011,1.0,3.688080978716526e-16,2.0,35
validation,0.00841283518821001,-0.16216620802879333,16301,validation:ergt43_pair_165120045_cf1,1,full,12011,1.0,9.754107430478198e-16,2.0,35
validation,0.008365945890545845,-0.14637555181980133,16301,validation:ergt43_pair_165120045_cf0,1,full,12011,1.0,9.754107430478198e-16,2.0,35
validation,0.010774260386824608,-0.1776597648859024,16301,validation:ergt43_pair_165120041_cf0,1,full,12011,1.0,0.0,2.0,35
validation,0.007733738515526056,-0.19688622653484344,16301,validation:ergt43_pair_165120041_cf1,1,full,12011,1.0,0.0,2.0,35
validation,0.005242794752120972,-0.18703030049800873,16301,validation:ergt43_pair_165120096_cf0,1,full,12011,1.0,7.376161957433052e-16,2.0,35
validation,0.0050325714983046055,-0.13731861114501953,16301,validation:ergt43_pair_165120096_cf1,1,full,12011,1.0,0.0,2.0,35
validation,0.0034447975922375917,-0.15989810228347778,16301,validation:ergt43_pair_165120066_cf1,1,full,12011,1.0,1.9508214860956396e-15,2.0,35
validation,0.003264219965785742,-0.19162216782569885,16301,validation:ergt43_pair_165120066_cf0,1,full,12011,1.0,3.688080978716526e-16,2.0,35
validation,0.0038657456170767546,-0.1562063843011856,16301,validation:ergt43_pair_165120024_cf1,1,full,12011,1.0,2.0163282613792086e-15,2.0,35
validation,0.0039056914392858744,-0.1768738180398941,16301,validation:ergt43_pair_165120024_cf0,1,full,12011,1.0,0.0,2.0,35
validation,0.005376833491027355,-0.12314100563526154,16301,validation:ergt43_pair_165120011_cf1,1,full,12011,1.0,0.0,2.0,35
validation,0.006660099606961012,-0.10594923049211502,16301,validation:ergt43_pair_165120011_cf0,1,full,12011,1.0,0.0,2.0,35
validation,0.0074995835311710835,-0.14025188982486725,16301,validation:ergt43_pair_165120079_cf0,1,full,12011,1.0,3.688080978716526e-16,2.0,35
validation,0.005892304237931967,-0.1526641994714737,16301,validation:ergt43_pair_165120079_cf1,1,full,12011,1.0,0.0,2.0,35
validation,0.007772671990096569,-0.14328759908676147,16301,validation:ergt43_pair_165120008_cf1,1,full,12011,1.0,3.688080978716526e-16,2.0,35
validation,0.007379937916994095,-0.12890562415122986,16301,validation:ergt43_pair_165120008_cf0,1,full,12011,1.0,0.0,2.0,35
validation,0.005943074356764555,-0.1527378112077713,16301,validation:ergt43_pair_165120038_cf1,1,full,12011,1.0,9.754107430478198e-16,2.0,35
validation,0.005949805490672588,-0.18551777303218842,16301,validation:ergt43_pair_165120038_cf0,1,full,12011,1.0,1.9508214860956396e-15,2.0,35
validation,0.009069966152310371,-0.18310146033763885,16301,validation:ergt43_pair_165120055_cf1,1,full,12011,1.0,0.0,2.0,35
validation,0.006895665545016527,-0.19397123157978058,16301,validation:ergt43_pair_165120055_cf0,1,full,12011,1.0,1.1064242936149578e-15,2.0,35
validation,0.005519069265574217,-0.12381861358880997,16301,validation:ergt43_pair_165120095_cf0,1,full,12011,1.0,2.319629583967292e-15,2.0,35
validation,0.007001675199717283,-0.14903922379016876,16301,validation:ergt43_pair_165120095_cf1,1,full,12011,1.0,3.688080978716526e-16,2.0,35
hop_4,5.7027013099286705e-05,-0.03511630743741989,16301,test_hop_4:ergt43_pair_173050016_cf1,4,full,12011,3.907571315765381,0.5768743753433228,0.2618122398853302,95
hop_4,5.63799258088693e-05,-0.03508748486638069,16301,test_hop_4:ergt43_pair_173050016_cf0,4,full,12011,4.098811149597168,0.6177354454994202,0.2618020474910736,95
hop_4,0.002360508544370532,-0.07960182428359985,16301,test_hop_4:ergt43_pair_173050048_cf1,4,full,12011,5.649149417877197,0.8260869383811951,0.2815697193145752,95
hop_4,2.3784145014360547e-05,-0.06870938092470169,16301,test_hop_4:ergt43_pair_173050048_cf0,4,full,12011,5.67824649810791,0.8291131854057312,0.28315261006355286,95
hop_4,0.0005831142771057785,-0.04809177666902542,16301,test_hop_4:ergt43_pair_173050044_cf1,4,full,12011,4.408131122589111,0.6183860301971436,0.5100939869880676,95
hop_4,0.0005777855403721333,-0.07465998083353043,16301,test_hop_4:ergt43_pair_173050044_cf0,4,full,12011,4.408127307891846,0.6183857917785645,0.509994626045227,95
hop_4,6.965482316445559e-05,-0.044563375413417816,16301,test_hop_4:ergt43_pair_173050032_cf0,4,full,12011,5.4077229499816895,0.7602653503417969,0.4539686143398285,95
hop_4,0.00010180664685321972,-0.047174010425806046,16301,test_hop_4:ergt43_pair_173050032_cf1,4,full,12011,5.438157081604004,0.7626482844352722,0.4735003411769867,95
hop_4,2.5684188585728407e-05,-0.07523774355649948,16301,test_hop_4:ergt43_pair_173050050_cf1,4,full,12011,4.632079124450684,0.6366126537322998,0.34792837500572205,95
hop_4,3.117688174825162e-05,-0.07184651494026184,16301,test_hop_4:ergt43_pair_173050050_cf0,4,full,12011,4.63205623626709,0.636610209941864,0.3479025065898895,95
hop_4,0.001800108584575355,-0.05831461772322655,16301,test_hop_4:ergt43_pair_173050006_cf1,4,full,12011,4.023123741149902,0.5923236608505249,0.28600457310676575,95
hop_4,0.00022128426644485444,-0.0833890289068222,16301,test_hop_4:ergt43_pair_173050006_cf0,4,full,12011,4.211883068084717,0.6311918497085571,0.2868589162826538,95
hop_4,4.6503169869538397e-05,-0.05956840515136719,16301,test_hop_4:ergt43_pair_173050042_cf1,4,full,12011,4.099096298217773,0.5874764919281006,0.2553469240665436,95
hop_4,4.09405110985972e-05,-0.052744507789611816,16301,test_hop_4:ergt43_pair_173050042_cf0,4,full,12011,4.1278815269470215,0.5899036526679993,0.26437047123908997,95
hop_4,0.00018200866179540753,-0.032125115394592285,16301,test_hop_4:ergt43_pair_173050028_cf1,4,full,12011,3.3178772926330566,0.41934800148010254,0.2120608538389206,95
hop_4,0.00020869655418209732,-0.032044604420661926,16301,test_hop_4:ergt43_pair_173050028_cf0,4,full,12011,3.3176767826080322,0.4193308651447296,0.2119966447353363,95
hop_4,0.00027623094501905143,-0.04782664775848389,16301,test_hop_4:ergt43_pair_173050027_cf0,4,full,12011,4.675332069396973,0.5998513102531433,0.4016263484954834,95
hop_4,0.0011902980040758848,-0.07583875954151154,16301,test_hop_4:ergt43_pair_173050027_cf1,4,full,12011,4.675394535064697,0.599856436252594,0.4014686346054077,95
hop_4,2.4777978978818282e-05,-0.038845244795084,16301,test_hop_4:ergt43_pair_173050003_cf1,4,full,12011,5.4778151512146,0.7655003070831299,0.5694963335990906,95
hop_4,2.809789111779537e-05,-0.05960538610816002,16301,test_hop_4:ergt43_pair_173050003_cf0,4,full,12011,5.477836608886719,0.7655019760131836,0.5695394277572632,95
hop_4,3.0122013413347304e-05,-0.04765283316373825,16301,test_hop_4:ergt43_pair_173050001_cf1,4,full,12011,4.272999286651611,0.6503123044967651,0.20970788598060608,95
hop_4,3.023344834218733e-05,-0.04486808180809021,16301,test_hop_4:ergt43_pair_173050001_cf0,4,full,12011,4.273305892944336,0.6503417491912842,0.20968234539031982,95
hop_4,0.000578579434659332,-0.06400075554847717,16301,test_hop_4:ergt43_pair_173050047_cf1,4,full,12011,5.106040000915527,0.762802004814148,0.24664725363254547,95
hop_4,0.0005850796005688608,-0.06394609808921814,16301,test_hop_4:ergt43_pair_173050047_cf0,4,full,12011,5.143774032592773,0.7659542560577393,0.25461944937705994,95
hop_4,0.00010183677659370005,-0.03214490786194801,16301,test_hop_4:ergt43_pair_173050025_cf0,4,full,12011,4.938353061676025,0.6724686026573181,0.40237855911254883,95
hop_4,1.8637483663042076e-05,-0.02752988412976265,16301,test_hop_4:ergt43_pair_173050025_cf1,4,full,12011,4.938542366027832,0.6724914908409119,0.40242698788642883,95
hop_4,5.097308894619346e-05,-0.02708468586206436,16301,test_hop_4:ergt43_pair_173050046_cf1,4,full,12011,4.723784923553467,0.6710416674613953,0.34565767645835876,95
hop_4,5.0461097998777404e-05,-0.02713613584637642,16301,test_hop_4:ergt43_pair_173050046_cf0,4,full,12011,4.723745346069336,0.6710386872291565,0.34559598565101624,95
hop_4,5.959438203717582e-05,-0.0785617083311081,16301,test_hop_4:ergt43_pair_173050037_cf0,4,full,12011,4.81337308883667,0.6526723504066467,0.45494887232780457,95
hop_4,5.991768557578325e-05,-0.08225807547569275,16301,test_hop_4:ergt43_pair_173050037_cf1,4,full,12011,4.81335973739624,0.6526713967323303,0.4549008309841156,95
hop_4,4.80610215163324e-05,-0.026943828910589218,16301,test_hop_4:ergt43_pair_173050021_cf0,4,full,12011,4.9507246017456055,0.7211582064628601,0.32141414284706116,95
hop_4,6.0199548897799104e-05,-0.05169287323951721,16301,test_hop_4:ergt43_pair_173050021_cf1,4,full,12011,4.950565814971924,0.7211455702781677,0.3214171528816223,95
hop_4,6.346769805531949e-05,-0.05973973870277405,16301,test_hop_4:ergt43_pair_173050009_cf1,4,full,12011,4.586681365966797,0.5926411747932434,0.36384856700897217,95
hop_4,6.30443828413263e-05,-0.05973171070218086,16301,test_hop_4:ergt43_pair_173050009_cf0,4,full,12011,4.586754322052002,0.5926472544670105,0.36387884616851807,95
hop_4,0.00030512805096805096,-0.09819470345973969,16301,test_hop_4:ergt43_pair_173050014_cf0,4,full,12011,4.571282386779785,0.5913494825363159,0.3420617878437042,95
hop_4,0.000642983999568969,-0.06098204851150513,16301,test_hop_4:ergt43_pair_173050014_cf1,4,full,12011,4.5713019371032715,0.5913510918617249,0.3420769274234772,95
hop_4,4.352735049906187e-05,-0.04762623831629753,16301,test_hop_4:ergt43_pair_173050043_cf1,4,full,12011,4.894935131072998,0.6164711713790894,0.6370123028755188,95
hop_4,4.7106183046707883e-05,-0.046698182821273804,16301,test_hop_4:ergt43_pair_173050043_cf0,4,full,12011,4.8949198722839355,0.6164700984954834,0.637022852897644,95
hop_4,6.249474972719327e-05,-0.043831244111061096,16301,test_hop_4:ergt43_pair_173050053_cf0,4,full,12011,3.9356863498687744,0.5229141116142273,0.2623579502105713,95
hop_4,0.00011590824578888714,-0.0461600199341774,16301,test_hop_4:ergt43_pair_173050053_cf1,4,full,12011,4.158177375793457,0.5994404554367065,0.26237788796424866,95
hop_4,3.299332456663251e-05,-0.04835689440369606,16301,test_hop_4:ergt43_pair_173050015_cf1,4,full,12011,4.760422229766846,0.6974462866783142,0.3044341802597046,95
hop_4,2.728632534854114e-05,-0.04887119680643082,16301,test_hop_4:ergt43_pair_173050015_cf0,4,full,12011,4.5727620124816895,0.6586703062057495,0.3044537603855133,95
hop_4,2.1132364054210484e-05,-0.0736110731959343,16301,test_hop_4:ergt43_pair_173050026_cf1,4,full,12011,5.051246166229248,0.7539055943489075,0.24126555025577545,95
hop_4,1.4615275176765863e-05,-0.0538238026201725,16301,test_hop_4:ergt43_pair_173050026_cf0,4,full,12011,5.0511980056762695,0.7538989782333374,0.24125178158283234,95
hop_4,6.662437954219058e-06,-0.024747341871261597,16301,test_hop_4:ergt43_pair_173050019_cf0,4,full,12011,4.188460826873779,0.5307260155677795,0.2778266966342926,95
hop_4,9.201190550811589e-06,-0.05007954314351082,16301,test_hop_4:ergt43_pair_173050019_cf1,4,full,12011,4.188279151916504,0.530711829662323,0.2777470350265503,95
hop_4,2.1923749955021776e-05,-0.05169111117720604,16301,test_hop_4:ergt43_pair_173050035_cf1,4,full,12011,5.1237053871154785,0.7622613906860352,0.2687515616416931,95
hop_4,9.798721293918788e-06,-0.03195186331868172,16301,test_hop_4:ergt43_pair_173050035_cf0,4,full,12011,5.139970779418945,0.765009343624115,0.26853176951408386,95
hop_4,4.474005982046947e-05,-0.04515969380736351,16301,test_hop_4:ergt43_pair_173050036_cf1,4,full,12011,3.5431928634643555,0.4845552146434784,0.2517123520374298,95
hop_4,4.541513044387102e-05,-0.045070938766002655,16301,test_hop_4:ergt43_pair_173050036_cf0,4,full,12011,3.543184995651245,0.48455455899238586,0.25170886516571045,95
hop_4,5.38658605364617e-06,-0.03659240901470184,16301,test_hop_4:ergt43_pair_173050017_cf0,4,full,12011,4.323172092437744,0.6089468002319336,0.2734922468662262,95
hop_4,4.587078819895396e-06,-0.03355345129966736,16301,test_hop_4:ergt43_pair_173050017_cf1,4,full,12011,4.323161602020264,0.6089461445808411,0.27346572279930115,95
hop_4,0.00017034080519806594,-0.04217446595430374,16301,test_hop_4:ergt43_pair_173050004_cf1,4,full,12011,4.106005668640137,0.6184864044189453,0.2619456648826599,95
hop_4,0.00017080744146369398,-0.04553360491991043,16301,test_hop_4:ergt43_pair_173050004_cf0,4,full,12011,4.106005668640137,0.6184861660003662,0.26191994547843933,95
hop_4,6.222243246156722e-05,-0.032224178314208984,16301,test_hop_4:ergt43_pair_173050018_cf0,4,full,12011,3.8815982341766357,0.556159257888794,0.22814954817295074,95
hop_4,2.563377893238794e-05,-0.026695314794778824,16301,test_hop_4:ergt43_pair_173050018_cf1,4,full,12011,3.875722646713257,0.5556632876396179,0.2276289463043213,95
hop_8,7.005437964835437e-06,-0.012146451510488987,16301,test_hop_8:ergt43_pair_173090046_cf1,8,full,12011,9.801777839660645,0.7323430180549622,0.3459557294845581,175
hop_8,7.041649041639175e-06,-0.012133665382862091,16301,test_hop_8:ergt43_pair_173090046_cf0,8,full,12011,12.406173706054688,0.8932185769081116,0.47031369805336,175
hop_8,6.069387018214911e-05,-0.013921505771577358,16301,test_hop_8:ergt43_pair_173090035_cf1,8,full,12011,11.001376152038574,0.8046247363090515,0.3917141854763031,175
hop_8,5.9047819377155975e-05,-0.013948612846434116,16301,test_hop_8:ergt43_pair_173090035_cf0,8,full,12011,11.001351356506348,0.804624080657959,0.391673743724823,175
hop_8,0.0001274733804166317,-0.01514456607401371,16301,test_hop_8:ergt43_pair_173090021_cf0,8,full,12011,11.305684089660645,0.8317236304283142,0.40550851821899414,175
hop_8,0.0001294023240916431,-0.015109369531273842,16301,test_hop_8:ergt43_pair_173090021_cf1,8,full,12011,11.310831069946289,0.8318545818328857,0.4064839482307434,175
hop_8,0.0001796223223209381,-0.058810263872146606,16301,test_hop_8:ergt43_pair_173090032_cf0,8,full,12011,6.826019763946533,0.46563172340393066,0.2174912840127945,175
hop_8,0.00017951865447685122,-0.05883806198835373,16301,test_hop_8:ergt43_pair_173090032_cf1,8,full,12011,6.826004505157471,0.4656313359737396,0.21748466789722443,175
hop_8,0.00043887115316465497,-0.04725045710802078,16301,test_hop_8:ergt43_pair_173090023_cf0,8,full,12011,9.965267181396484,0.7351619601249695,0.34037044644355774,175
hop_8,0.000440007948782295,-0.04722582548856735,16301,test_hop_8:ergt43_pair_173090023_cf1,8,full,12011,9.96565055847168,0.7351725101470947,0.3407382667064667,175
hop_8,0.0003153843281324953,-0.01636500284075737,16301,test_hop_8:ergt43_pair_173090011_cf0,8,full,12011,8.162827491760254,0.6264011859893799,0.2649852931499481,175
hop_8,0.00037693328340537846,-0.019971098750829697,16301,test_hop_8:ergt43_pair_173090011_cf1,8,full,12011,9.953609466552734,0.7830033302307129,0.33130696415901184,175
hop_8,0.00047314728726632893,-0.018833648413419724,16301,test_hop_8:ergt43_pair_173090054_cf0,8,full,12011,8.516546249389648,0.6853805184364319,0.24772237241268158,175
hop_8,0.0004728318308480084,-0.01885024644434452,16301,test_hop_8:ergt43_pair_173090054_cf1,8,full,12011,8.516521453857422,0.6853798627853394,0.2476850003004074,175
hop_8,0.0,0.0,16301,test_hop_8:ergt43_pair_173090014_cf1,8,full,12011,12.319101333618164,0.8940149545669556,0.31506219506263733,175
hop_8,0.0,0.0,16301,test_hop_8:ergt43_pair_173090014_cf0,8,full,12011,12.318985939025879,0.8940121531486511,0.3131217360496521,175
hop_8,9.536504421703285e-07,-0.007071111351251602,16301,test_hop_8:ergt43_pair_173090006_cf1,8,full,12011,9.21480655670166,0.6536338329315186,0.32700350880622864,175
hop_8,4.249890480423346e-06,-0.018708180636167526,16301,test_hop_8:ergt43_pair_173090006_cf0,8,full,12011,9.214071273803711,0.6536129713058472,0.32672885060310364,175
hop_8,0.00011774591985158622,-0.0214572474360466,16301,test_hop_8:ergt43_pair_173090038_cf1,8,full,12011,9.280106544494629,0.7467239499092102,0.262891948223114,175
hop_8,0.00011783477384597063,-0.021464340388774872,16301,test_hop_8:ergt43_pair_173090038_cf0,8,full,12011,9.280162811279297,0.7467255592346191,0.2629064619541168,175
hop_8,0.0001379346795147285,-0.024160105735063553,16301,test_hop_8:ergt43_pair_173090031_cf0,8,full,12011,8.500428199768066,0.6361886262893677,0.30401095747947693,175
hop_8,0.00013600208330899477,-0.024152683094143867,16301,test_hop_8:ergt43_pair_173090031_cf1,8,full,12011,8.500385284423828,0.6361875534057617,0.30390575528144836,175
hop_8,0.00039345741970464587,-0.014394756406545639,16301,test_hop_8:ergt43_pair_173090028_cf0,8,full,12011,11.268235206604004,0.8297626376152039,0.34831416606903076,175
hop_8,0.0004018945328425616,-0.014093007892370224,16301,test_hop_8:ergt43_pair_173090028_cf1,8,full,12011,11.267306327819824,0.8297387361526489,0.34861788153648376,175
hop_8,0.00010010028927354142,-0.019704366102814674,16301,test_hop_8:ergt43_pair_173090026_cf0,8,full,12011,8.737796783447266,0.6971141695976257,0.24540522694587708,175
hop_8,9.782652341527864e-05,-0.019730927422642708,16301,test_hop_8:ergt43_pair_173090026_cf1,8,full,12011,8.537725448608398,0.6471123099327087,0.24539248645305634,175
hop_8,0.00011380724026821554,-0.02847224473953247,16301,test_hop_8:ergt43_pair_173090039_cf0,8,full,12011,8.389967918395996,0.5970033407211304,0.29331886768341064,175
hop_8,0.00011250206443946809,-0.028509873896837234,16301,test_hop_8:ergt43_pair_173090039_cf1,8,full,12011,8.38986587524414,0.5970016121864319,0.2915888726711273,175
hop_8,2.3787066311342642e-05,-0.018387500196695328,16301,test_hop_8:ergt43_pair_173090004_cf0,8,full,12011,8.738053321838379,0.6634311079978943,0.3062361180782318,175
hop_8,2.3357459213002585e-05,-0.01839965581893921,16301,test_hop_8:ergt43_pair_173090004_cf1,8,full,12011,8.738142967224121,0.6634330749511719,0.30617785453796387,175
hop_8,9.543099622533191e-06,-0.035018499940633774,16301,test_hop_8:ergt43_pair_173090048_cf1,8,full,12011,8.75864315032959,0.6632110476493835,0.2944272756576538,175
hop_8,9.616212992114015e-06,-0.03504009544849396,16301,test_hop_8:ergt43_pair_173090048_cf0,8,full,12011,11.04802131652832,0.807751476764679,0.3924981355667114,175
hop_8,9.312357724411413e-05,-0.019313544034957886,16301,test_hop_8:ergt43_pair_173090009_cf0,8,full,12011,8.963878631591797,0.6830824017524719,0.2851617932319641,175
hop_8,4.930251816404052e-05,-0.019467564299702644,16301,test_hop_8:ergt43_pair_173090009_cf1,8,full,12011,8.744180679321289,0.6258847713470459,0.28553876280784607,175
hop_8,8.790105493972078e-05,-0.014947235584259033,16301,test_hop_8:ergt43_pair_173090003_cf1,8,full,12011,8.266105651855469,0.6665850281715393,0.2545524537563324,175
hop_8,8.752592839300632e-05,-0.014963452704250813,16301,test_hop_8:ergt43_pair_173090003_cf0,8,full,12011,8.266145706176758,0.6665845513343811,0.25456786155700684,175
hop_8,0.0003280348319094628,-0.030555274337530136,16301,test_hop_8:ergt43_pair_173090051_cf1,8,full,12011,10.566816329956055,0.8225736021995544,0.2980956733226776,175
hop_8,0.00032395607559010386,-0.030471324920654297,16301,test_hop_8:ergt43_pair_173090051_cf0,8,full,12011,10.345477104187012,0.8090342879295349,0.29722413420677185,175
hop_8,2.9832466680090874e-05,-0.009125987067818642,16301,test_hop_8:ergt43_pair_173090047_cf1,8,full,12011,8.535706520080566,0.6841835975646973,0.2464396059513092,175
hop_8,2.8598937205970287e-05,-0.00913473404943943,16301,test_hop_8:ergt43_pair_173090047_cf0,8,full,12011,8.735712051391602,0.7134315371513367,0.24645113945007324,175
hop_8,9.845690510701388e-05,-0.0038774795830249786,16301,test_hop_8:ergt43_pair_173090001_cf1,8,full,12011,9.230887413024902,0.6996333003044128,0.3305642306804657,175
hop_8,9.807762398850173e-05,-0.003880579024553299,16301,test_hop_8:ergt43_pair_173090001_cf0,8,full,12011,9.230870246887207,0.6996328830718994,0.3305523097515106,175
hop_8,0.00036465423181653023,-0.030572352930903435,16301,test_hop_8:ergt43_pair_173090008_cf0,8,full,12011,7.548214912414551,0.5921435952186584,0.23270921409130096,175
hop_8,0.0003612136060837656,-0.03058747388422489,16301,test_hop_8:ergt43_pair_173090008_cf1,8,full,12011,7.548162460327148,0.5921422839164734,0.23268327116966248,175
hop_8,0.0005877009825780988,-0.041162148118019104,16301,test_hop_8:ergt43_pair_173090053_cf1,8,full,12011,9.395484924316406,0.7319143414497375,0.27937689423561096,175
hop_8,0.00057704106438905,-0.04113861545920372,16301,test_hop_8:ergt43_pair_173090053_cf0,8,full,12011,9.395540237426758,0.7319149971008301,0.27940240502357483,175
hop_8,0.0002789059071801603,-0.01771697588264942,16301,test_hop_8:ergt43_pair_173090005_cf0,8,full,12011,11.708144187927246,0.8737889528274536,0.3526771664619446,175
hop_8,0.0002751569263637066,-0.017732907086610794,16301,test_hop_8:ergt43_pair_173090005_cf1,8,full,12011,11.708128929138184,0.873788595199585,0.35267603397369385,175
hop_8,0.00022486422676593065,-0.016188956797122955,16301,test_hop_8:ergt43_pair_173090036_cf1,8,full,12011,10.427164077758789,0.7933069467544556,0.27708742022514343,175
hop_8,0.00022663912386633456,-0.016166765242815018,16301,test_hop_8:ergt43_pair_173090036_cf0,8,full,12011,10.616308212280273,0.8004972338676453,0.2769414782524109,175
hop_8,8.146042819134891e-05,-0.011645274236798286,16301,test_hop_8:ergt43_pair_173090049_cf1,8,full,12011,11.92187213897705,0.8700283169746399,0.3674279749393463,175
hop_8,0.00012500991579145193,-0.019885871559381485,16301,test_hop_8:ergt43_pair_173090049_cf0,8,full,12011,11.925007820129395,0.8701093196868896,0.36762481927871704,175
hop_8,3.12384327116888e-05,-0.028390325605869293,16301,test_hop_8:ergt43_pair_173090043_cf0,8,full,12011,8.35238265991211,0.6560030579566956,0.25449642539024353,175
hop_8,3.057320282096043e-05,-0.028328031301498413,16301,test_hop_8:ergt43_pair_173090043_cf1,8,full,12011,8.35238265991211,0.6560030579566956,0.2544981837272644,175
hop_8,0.0001273637608392164,-0.030382156372070312,16301,test_hop_8:ergt43_pair_173090033_cf1,8,full,12011,8.941028594970703,0.7238600254058838,0.2638585865497589,175
hop_8,0.0001269577769562602,-0.030393222346901894,16301,test_hop_8:ergt43_pair_173090033_cf0,8,full,12011,8.566612243652344,0.6477619409561157,0.2638487219810486,175
hop_12,0.00022225295833777636,-0.020597252994775772,16301,test_hop_12:ergt43_pair_173130006_cf1,12,full,12011,17.984966278076172,0.8804831504821777,0.35490480065345764,255
hop_12,0.00034545152448117733,-0.022810688242316246,16301,test_hop_12:ergt43_pair_173130006_cf0,12,full,12011,17.978797912597656,0.8803949356079102,0.35059672594070435,255
hop_12,0.00040827132761478424,-0.014851829037070274,16301,test_hop_12:ergt43_pair_173130040_cf0,12,full,12011,19.293916702270508,0.9198845028877258,0.37731310725212097,255
hop_12,0.00040833972161635756,-0.014886058866977692,16301,test_hop_12:ergt43_pair_173130040_cf1,12,full,12011,19.293621063232422,0.9198799133300781,0.3770868480205536,255
hop_12,0.000859672378282994,-0.04905272275209427,16301,test_hop_12:ergt43_pair_173130022_cf1,12,full,12011,17.905467987060547,0.8785058856010437,0.32049140334129333,255
hop_12,0.0008806519908830523,-0.04725797101855278,16301,test_hop_12:ergt43_pair_173130022_cf0,12,full,12011,17.90546417236328,0.8785057663917542,0.3204808235168457,255
hop_12,0.0002812769671436399,-0.03847552090883255,16301,test_hop_12:ergt43_pair_173130012_cf1,12,full,12011,14.97187328338623,0.6956856846809387,0.27773553133010864,255
hop_12,0.0002816045889630914,-0.038482364267110825,16301,test_hop_12:ergt43_pair_173130012_cf0,12,full,12011,14.97186279296875,0.6956855058670044,0.2777204215526581,255
hop_12,0.000923353130929172,-0.011407174170017242,16301,test_hop_12:ergt43_pair_173130036_cf0,12,full,12011,19.508420944213867,0.9254265427589417,0.3396499454975128,255
hop_12,0.0008894397760741413,-0.011445346288383007,16301,test_hop_12:ergt43_pair_173130036_cf1,12,full,12011,19.508413314819336,0.9254258275032043,0.3408086597919464,255
hop_12,0.00039957137778401375,-0.020967919379472733,16301,test_hop_12:ergt43_pair_173130048_cf0,12,full,12011,18.133827209472656,0.8875159621238708,0.2740391194820404,255
hop_12,0.00036332389572635293,-0.022515682503581047,16301,test_hop_12:ergt43_pair_173130048_cf1,12,full,12011,18.439964294433594,0.8973902463912964,0.2721562683582306,255
hop_12,0.001334251370280981,-0.010252740234136581,16301,test_hop_12:ergt43_pair_173130028_cf1,12,full,12011,18.806364059448242,0.9078637361526489,0.2926197946071625,255
hop_12,0.0014062350383028388,-0.015271302312612534,16301,test_hop_12:ergt43_pair_173130028_cf0,12,full,12011,18.808616638183594,0.9078904390335083,0.2934442460536957,255
hop_12,0.00034011719981208444,-0.014123363420367241,16301,test_hop_12:ergt43_pair_173130041_cf1,12,full,12011,19.322938919067383,0.9201112389564514,0.37102267146110535,255
hop_12,0.00041526835411787033,-0.019786980003118515,16301,test_hop_12:ergt43_pair_173130041_cf0,12,full,12011,19.323976516723633,0.9201216697692871,0.37299612164497375,255
hop_12,0.00043755536898970604,-0.020548775792121887,16301,test_hop_12:ergt43_pair_173130032_cf0,12,full,12011,20.08161735534668,0.9375202655792236,0.43231821060180664,255
hop_12,0.0004363617626950145,-0.020620446652173996,16301,test_hop_12:ergt43_pair_173130032_cf1,12,full,12011,20.081993103027344,0.9375254511833191,0.43310442566871643,255
hop_12,0.0005309984553605318,-0.023423559963703156,16301,test_hop_12:ergt43_pair_173130014_cf0,12,full,12011,18.26865577697754,0.8909817934036255,0.3424646556377411,255
hop_12,0.0005371114821173251,-0.023362023755908012,16301,test_hop_12:ergt43_pair_173130014_cf1,12,full,12011,18.271224975585938,0.8910172581672668,0.3422700762748718,255
hop_12,0.0008675622520968318,-0.01570637710392475,16301,test_hop_12:ergt43_pair_173130055_cf1,12,full,12011,18.915508270263672,0.9104906320571899,0.3431320786476135,255
hop_12,0.0008942281128838658,-0.015615172684192657,16301,test_hop_12:ergt43_pair_173130055_cf0,12,full,12011,18.914567947387695,0.9104769825935364,0.34427064657211304,255
hop_12,0.0004137832438573241,-0.025279417634010315,16301,test_hop_12:ergt43_pair_173130054_cf0,12,full,12011,16.688905715942383,0.8199640512466431,0.3156457245349884,255
hop_12,0.0004136385105084628,-0.02528408169746399,16301,test_hop_12:ergt43_pair_173130054_cf1,12,full,12011,16.68885040283203,0.819963276386261,0.31560707092285156,255
hop_12,0.0006764101563021541,-0.019326601177453995,16301,test_hop_12:ergt43_pair_173130018_cf0,12,full,12011,19.02254295349121,0.9135065674781799,0.2867256700992584,255
hop_12,0.0006777863018214703,-0.019307751208543777,16301,test_hop_12:ergt43_pair_173130018_cf1,12,full,12011,19.02065086364746,0.9134795665740967,0.28539225459098816,255
hop_12,0.00034749205224215984,-0.03319196403026581,16301,test_hop_12:ergt43_pair_173130051_cf1,12,full,12011,18.611934661865234,0.901603639125824,0.34556183218955994,255
hop_12,0.00035998999373987317,-0.03442506492137909,16301,test_hop_12:ergt43_pair_173130051_cf0,12,full,12011,18.613727569580078,0.9016510248184204,0.34784236550331116,255
hop_12,0.00023069808958098292,-0.0085926977917552,16301,test_hop_12:ergt43_pair_173130047_cf1,12,full,12011,18.414424896240234,0.8961576819419861,0.29087167978286743,255
hop_12,0.0002329736016690731,-0.008591944351792336,16301,test_hop_12:ergt43_pair_173130047_cf0,12,full,12011,18.41444969177246,0.8961585760116577,0.2908642888069153,255
hop_12,0.00044145697029307485,-0.012238830327987671,16301,test_hop_12:ergt43_pair_173130020_cf1,12,full,12011,17.9390869140625,0.880321741104126,0.30967605113983154,255
hop_12,0.00044698381680063903,-0.008698596619069576,16301,test_hop_12:ergt43_pair_173130020_cf0,12,full,12011,17.937164306640625,0.8802456855773926,0.3121491074562073,255
hop_12,0.0007425225339829922,-0.020580708980560303,16301,test_hop_12:ergt43_pair_173130026_cf1,12,full,12011,14.770947456359863,0.7606857419013977,0.3016578257083893,255
hop_12,0.0007425160147249699,-0.020587002858519554,16301,test_hop_12:ergt43_pair_173130026_cf0,12,full,12011,14.770965576171875,0.7606859803199768,0.3015473783016205,255
hop_12,0.0003024458128493279,-0.020548084750771523,16301,test_hop_12:ergt43_pair_173130038_cf1,12,full,12011,18.292078018188477,0.9020102024078369,0.2871297597885132,255
hop_12,0.00030172450351528823,-0.020568106323480606,16301,test_hop_12:ergt43_pair_173130038_cf0,12,full,12011,18.291851043701172,0.9020078778266907,0.28776222467422485,255
hop_12,0.0008880620589479804,-0.02666512504220009,16301,test_hop_12:ergt43_pair_173130024_cf1,12,full,12011,19.364709854125977,0.9213896989822388,0.3825590908527374,255
hop_12,0.0008717732853256166,-0.026681816205382347,16301,test_hop_12:ergt43_pair_173130024_cf0,12,full,12011,19.364761352539062,0.9213904738426208,0.38259464502334595,255
hop_12,0.0005929984617978334,-0.015923036262392998,16301,test_hop_12:ergt43_pair_173130049_cf0,12,full,12011,19.210433959960938,0.9181092977523804,0.35082486271858215,255
hop_12,0.0006349450559355319,-0.015504668466746807,16301,test_hop_12:ergt43_pair_173130049_cf1,12,full,12011,19.219623565673828,0.9183048605918884,0.35201001167297363,255
hop_12,9.91163105936721e-05,-0.014623682014644146,16301,test_hop_12:ergt43_pair_173130027_cf0,12,full,12011,19.61965560913086,0.9277077913284302,0.36952465772628784,255
hop_12,0.00012173677532700822,-0.01648866944015026,16301,test_hop_12:ergt43_pair_173130027_cf1,12,full,12011,19.608877182006836,0.9275050163269043,0.36311668157577515,255
hop_12,0.00034517585299909115,-0.007542346604168415,16301,test_hop_12:ergt43_pair_173130037_cf1,12,full,12011,19.331239700317383,0.9209304451942444,0.3731553256511688,255
hop_12,0.0003464384935796261,-0.007535562850534916,16301,test_hop_12:ergt43_pair_173130037_cf0,12,full,12011,19.331195831298828,0.9209298491477966,0.3749275207519531,255
hop_12,0.0013283941661939025,-0.013014397583901882,16301,test_hop_12:ergt43_pair_173130019_cf0,12,full,12011,18.494882583618164,0.8983383178710938,0.30480119585990906,255
hop_12,0.0013284366577863693,-0.012997657060623169,16301,test_hop_12:ergt43_pair_173130019_cf1,12,full,12011,18.495025634765625,0.8983405828475952,0.30487585067749023,255
hop_12,5.041048279963434e-05,-0.022176777943968773,16301,test_hop_12:ergt43_pair_173130034_cf0,12,full,12011,14.773665428161621,0.6909860968589783,0.27968916296958923,255
hop_12,6.503603071905673e-05,-0.02514343336224556,16301,test_hop_12:ergt43_pair_173130034_cf1,12,full,12011,14.769468307495117,0.6908875107765198,0.27812764048576355,255
hop_12,0.0009136596927419305,-0.028718894347548485,16301,test_hop_12:ergt43_pair_173130015_cf1,12,full,12011,13.635138511657715,0.657762348651886,0.23098716139793396,255
hop_12,0.0008749467669986188,-0.022783663123846054,16301,test_hop_12:ergt43_pair_173130015_cf0,12,full,12011,13.635115623474121,0.6577618718147278,0.23097404837608337,255
hop_12,0.00046692893374711275,-0.03500857576727867,16301,test_hop_12:ergt43_pair_173130050_cf1,12,full,12011,15.102068901062012,0.7441897392272949,0.2730734944343567,255
hop_12,0.0004384593921713531,-0.034931331872940063,16301,test_hop_12:ergt43_pair_173130050_cf0,12,full,12011,15.102068901062012,0.7441897392272949,0.27275046706199646,255
hop_12,0.0007735990220680833,-0.0279857125133276,16301,test_hop_12:ergt43_pair_173130045_cf0,12,full,12011,18.87963104248047,0.9098553657531738,0.3065240681171417,255
hop_12,0.0007724118768237531,-0.02799740992486477,16301,test_hop_12:ergt43_pair_173130045_cf1,12,full,12011,18.879634857177734,0.9098554253578186,0.3065154552459717,255
hop_12,0.0009069910156540573,-0.0324430987238884,16301,test_hop_12:ergt43_pair_173130043_cf1,12,full,12011,17.842927932739258,0.8766873478889465,0.2956914007663727,255
hop_12,0.0009220633655786514,-0.032428741455078125,16301,test_hop_12:ergt43_pair_173130043_cf0,12,full,12011,17.842702865600586,0.8766842484474182,0.29516059160232544,255
hop_16,0.0006119360914453864,-0.013336658477783203,16301,test_hop_16:ergt43_pair_173170023_cf1,16,full,12011,24.738412857055664,0.9059135913848877,0.20681050419807434,335
hop_16,0.0006070269737392664,-0.013346242718398571,16301,test_hop_16:ergt43_pair_173170023_cf0,16,full,12011,24.738582611083984,0.9059150218963623,0.2072274088859558,335
hop_16,0.00033522164449095726,-0.011808564886450768,16301,test_hop_16:ergt43_pair_173170039_cf0,16,full,12011,25.430204391479492,0.9199257493019104,0.20700320601463318,335
hop_16,0.0003360946720931679,-0.011799219995737076,16301,test_hop_16:ergt43_pair_173170039_cf1,16,full,12011,25.43292808532715,0.9199516177177429,0.20710764825344086,335
hop_16,0.0005706144729629159,-0.02380569651722908,16301,test_hop_16:ergt43_pair_173170043_cf1,16,full,12011,27.016788482666016,0.9459614157676697,0.21656860411167145,335
hop_16,0.0005817496567033231,-0.02374168112874031,16301,test_hop_16:ergt43_pair_173170043_cf0,16,full,12011,27.017786026000977,0.9459709525108337,0.2174748331308365,335
hop_16,0.0009713413310237229,-0.01648418977856636,16301,test_hop_16:ergt43_pair_173170007_cf0,16,full,12011,26.584468841552734,0.9394387006759644,0.20378345251083374,335
hop_16,0.0007754400139674544,-0.009766967967152596,16301,test_hop_16:ergt43_pair_173170007_cf1,16,full,12011,26.585494995117188,0.9394488334655762,0.2030717432498932,335
hop_16,0.0019392077811062336,-0.014111746102571487,16301,test_hop_16:ergt43_pair_173170024_cf1,16,full,12011,25.33354377746582,0.9180912971496582,0.1945938766002655,335
hop_16,0.0019380308222025633,-0.014118148013949394,16301,test_hop_16:ergt43_pair_173170024_cf0,16,full,12011,25.333478927612305,0.9180904030799866,0.19457723200321198,335
hop_16,0.0011785475071519613,-0.016549721360206604,16301,test_hop_16:ergt43_pair_173170027_cf0,16,full,12011,26.507450103759766,0.9382021427154541,0.25761961936950684,335
hop_16,0.0011656766291707754,-0.016347218304872513,16301,test_hop_16:ergt43_pair_173170027_cf1,16,full,12011,26.50910186767578,0.9382207989692688,0.2609633803367615,335
hop_16,0.0006875740946270525,-0.014948185533285141,16301,test_hop_16:ergt43_pair_173170026_cf0,16,full,12011,27.72258758544922,0.9552665948867798,0.24842296540737152,335
hop_16,0.0006956073921173811,-0.015002425760030746,16301,test_hop_16:ergt43_pair_173170026_cf1,16,full,12011,27.72347640991211,0.9552751779556274,0.24902455508708954,335
hop_16,0.0009460794972255826,-0.02190345525741577,16301,test_hop_16:ergt43_pair_173170006_cf0,16,full,12011,26.285114288330078,0.9348217248916626,0.22613577544689178,335
hop_16,0.0009267304558306932,-0.016921591013669968,16301,test_hop_16:ergt43_pair_173170006_cf1,16,full,12011,26.28192901611328,0.9347658753395081,0.22720706462860107,335
hop_16,0.00044912623707205057,-0.01616615802049637,16301,test_hop_16:ergt43_pair_173170034_cf0,16,full,12011,27.150468826293945,0.9477267265319824,0.2390427589416504,335
hop_16,0.000474192580441013,-0.016195006668567657,16301,test_hop_16:ergt43_pair_173170034_cf1,16,full,12011,27.17136573791504,0.9479585886001587,0.24436317384243011,335
hop_16,0.00019166123820468783,-0.0056851450353860855,16301,test_hop_16:ergt43_pair_173170046_cf1,16,full,12011,26.960498809814453,0.9449468851089478,0.23812581598758698,335
hop_16,0.00019052917195949703,-0.005665963515639305,16301,test_hop_16:ergt43_pair_173170046_cf0,16,full,12011,26.94182014465332,0.9446541666984558,0.24083474278450012,335
hop_16,0.0007085055112838745,-0.014230038970708847,16301,test_hop_16:ergt43_pair_173170029_cf0,16,full,12011,24.653871536254883,0.9041079878807068,0.20685790479183197,335
hop_16,0.0007158012595027685,-0.014226200059056282,16301,test_hop_16:ergt43_pair_173170029_cf1,16,full,12011,24.65384292602539,0.9041076302528381,0.20683778822422028,335
hop_16,0.000848306342959404,-0.02000928297638893,16301,test_hop_16:ergt43_pair_173170054_cf1,16,full,12011,27.116546630859375,0.9470650553703308,0.2902081608772278,335
hop_16,0.0008469761814922094,-0.02007509581744671,16301,test_hop_16:ergt43_pair_173170054_cf0,16,full,12011,27.115495681762695,0.9470552206039429,0.2889794409275055,335
hop_16,0.0014327284879982471,-0.012554500252008438,16301,test_hop_16:ergt43_pair_173170021_cf1,16,full,12011,26.148733139038086,0.9325193166732788,0.23629026114940643,335
hop_16,0.0014437828212976456,-0.012573832646012306,16301,test_hop_16:ergt43_pair_173170021_cf0,16,full,12011,26.14223861694336,0.9324554800987244,0.2345701903104782,335
hop_16,0.0003001262666657567,-0.007604752201586962,16301,test_hop_16:ergt43_pair_173170042_cf0,16,full,12011,27.783002853393555,0.9563456177711487,0.2537592649459839,335
hop_16,0.0002774968452285975,-0.00791546143591404,16301,test_hop_16:ergt43_pair_173170042_cf1,16,full,12011,27.7831974029541,0.956352710723877,0.2504591643810272,335
hop_16,0.0006105949869379401,-0.013983550481498241,16301,test_hop_16:ergt43_pair_173170030_cf0,16,full,12011,27.174612045288086,0.9481016993522644,0.2079135924577713,335
hop_16,0.0007464327500201762,-0.024797484278678894,16301,test_hop_16:ergt43_pair_173170030_cf1,16,full,12011,27.174392700195312,0.9480996131896973,0.20740091800689697,335
hop_16,0.001008870778605342,-0.02011815644800663,16301,test_hop_16:ergt43_pair_173170053_cf0,16,full,12011,26.293153762817383,0.9347876310348511,0.20807883143424988,335
hop_16,0.001007990911602974,-0.020076923072338104,16301,test_hop_16:ergt43_pair_173170053_cf1,16,full,12011,26.293169021606445,0.9347880482673645,0.20808374881744385,335
hop_16,0.0011190164368599653,-0.03196532279253006,16301,test_hop_16:ergt43_pair_173170010_cf1,16,full,12011,27.646249771118164,0.9546493291854858,0.23401004076004028,335
hop_16,0.0011142906732857227,-0.03194097429513931,16301,test_hop_16:ergt43_pair_173170010_cf0,16,full,12011,27.64620590209961,0.9546488523483276,0.2339276373386383,335
hop_16,0.000630974187515676,-0.02786765806376934,16301,test_hop_16:ergt43_pair_173170009_cf1,16,full,12011,25.9459285736084,0.9293773174285889,0.22643835842609406,335
hop_16,0.0006321812979876995,-0.03228481486439705,16301,test_hop_16:ergt43_pair_173170009_cf0,16,full,12011,25.950084686279297,0.9294179677963257,0.22741033136844635,335
hop_16,0.00031848851358518004,-0.023931287229061127,16301,test_hop_16:ergt43_pair_173170051_cf0,16,full,12011,25.267284393310547,0.9158812761306763,0.23330996930599213,335
hop_16,0.00031702331034466624,-0.023471388965845108,16301,test_hop_16:ergt43_pair_173170051_cf1,16,full,12011,25.267297744750977,0.9158814549446106,0.23399215936660767,335
hop_16,0.0009859821293503046,-0.01744890958070755,16301,test_hop_16:ergt43_pair_173170050_cf0,16,full,12011,25.273212432861328,0.9173089265823364,0.174070343375206,335
hop_16,0.001011074404232204,-0.017444144934415817,16301,test_hop_16:ergt43_pair_173170050_cf1,16,full,12011,24.95471954345703,0.9109786152839661,0.1740807294845581,335
hop_16,0.0006227528210729361,-0.017070641741156578,16301,test_hop_16:ergt43_pair_173170035_cf1,16,full,12011,25.059810638427734,0.9127989411354065,0.187356099486351,335
hop_16,0.0005929473554715514,-0.012884855270385742,16301,test_hop_16:ergt43_pair_173170035_cf0,16,full,12011,25.062503814697266,0.912822425365448,0.18802079558372498,335
hop_16,0.00035416000173427165,-0.007672290317714214,16301,test_hop_16:ergt43_pair_173170045_cf1,16,full,12011,26.07246208190918,0.9309637546539307,0.25120583176612854,335
hop_16,0.0003547185333445668,-0.0076619843021035194,16301,test_hop_16:ergt43_pair_173170045_cf0,16,full,12011,26.072364807128906,0.9309628009796143,0.2510886788368225,335
hop_16,0.0006654370808973908,-0.016325203701853752,16301,test_hop_16:ergt43_pair_173170040_cf0,16,full,12011,25.071949005126953,0.9127508401870728,0.22457942366600037,335
hop_16,0.0006656736950390041,-0.016317984089255333,16301,test_hop_16:ergt43_pair_173170040_cf1,16,full,12011,25.07069969177246,0.912739098072052,0.22501082718372345,335
hop_16,0.0008482071571052074,-0.04126444458961487,16301,test_hop_16:ergt43_pair_173170016_cf1,16,full,12011,26.327333450317383,0.9355579018592834,0.205846905708313,335
hop_16,0.0006474177353084087,-0.03806097060441971,16301,test_hop_16:ergt43_pair_173170016_cf0,16,full,12011,26.338998794555664,0.935729444026947,0.20744241774082184,335
hop_16,0.0006482679164037108,-0.015417354181408882,16301,test_hop_16:ergt43_pair_173170028_cf1,16,full,12011,28.091060638427734,0.9601091146469116,0.2742759585380554,335
hop_16,0.0006481480086222291,-0.017300479114055634,16301,test_hop_16:ergt43_pair_173170028_cf0,16,full,12011,28.089963912963867,0.9601185321807861,0.2685215175151825,335
hop_16,0.0009806881425902247,-0.02370447665452957,16301,test_hop_16:ergt43_pair_173170032_cf0,16,full,12011,28.19150161743164,0.9613623023033142,0.2243621051311493,335
hop_16,0.000980568234808743,-0.02373819798231125,16301,test_hop_16:ergt43_pair_173170032_cf1,16,full,12011,28.1937313079834,0.9613836407661438,0.22579118609428406,335
hop_16,0.0006366983288899064,-0.01649475283920765,16301,test_hop_16:ergt43_pair_173170004_cf1,16,full,12011,27.52779769897461,0.9528960585594177,0.2261285036802292,335
hop_16,0.0006385325104929507,-0.016480185091495514,16301,test_hop_16:ergt43_pair_173170004_cf0,16,full,12011,27.528993606567383,0.9529073238372803,0.2282012403011322,335
hop_16,0.0015325219137594104,-0.0176805779337883,16301,test_hop_16:ergt43_pair_173170038_cf0,16,full,12011,26.660287857055664,0.9406565427780151,0.21977853775024414,335
hop_16,0.0015331744216382504,-0.017680902034044266,16301,test_hop_16:ergt43_pair_173170038_cf1,16,full,12011,26.660282135009766,0.9406564831733704,0.21977323293685913,335
hop_24,0.0010206173174083233,-0.02013835683465004,16301,test_hop_24:ergt43_pair_173250007_cf1,24,full,12011,42.51174545288086,0.9667105078697205,0.09294658154249191,495
hop_24,0.0007836770382709801,-0.022563904523849487,16301,test_hop_24:ergt43_pair_173250007_cf0,24,full,12011,42.20487976074219,0.9644216299057007,0.09589388221502304,495
hop_24,0.001128071453422308,-0.024413803592324257,16301,test_hop_24:ergt43_pair_173250050_cf0,24,full,12011,42.77061080932617,0.9687497615814209,0.10345520079135895,495
hop_24,0.0011218192521482706,-0.02442149817943573,16301,test_hop_24:ergt43_pair_173250050_cf1,24,full,12011,42.77061462402344,0.9687498211860657,0.1034569963812828,495
hop_24,0.001255602459423244,-0.018186138942837715,16301,test_hop_24:ergt43_pair_173250002_cf0,24,full,12011,41.946807861328125,0.9625136852264404,0.12624970078468323,495
hop_24,0.001264604041352868,-0.018118420615792274,16301,test_hop_24:ergt43_pair_173250002_cf1,24,full,12011,41.947269439697266,0.9625177979469299,0.1262935847043991,495
hop_24,0.0008479749667458236,-0.03510177880525589,16301,test_hop_24:ergt43_pair_173250029_cf1,24,full,12011,41.11174774169922,0.9558882117271423,0.08296115696430206,495
hop_24,0.0008888321463018656,-0.038886621594429016,16301,test_hop_24:ergt43_pair_173250029_cf0,24,full,12011,41.11177062988281,0.9558883309364319,0.08297107368707657,495
hop_24,0.000884073378983885,-0.026389915496110916,16301,test_hop_24:ergt43_pair_173250054_cf1,24,full,12011,44.1612548828125,0.9779643416404724,0.08175066113471985,495
hop_24,0.0008862035465426743,-0.026388786733150482,16301,test_hop_24:ergt43_pair_173250054_cf0,24,full,12011,44.16706466674805,0.9780006408691406,0.08268581330776215,495
hop_24,0.0007648925529792905,-0.009528991766273975,16301,test_hop_24:ergt43_pair_173250015_cf1,24,full,12011,42.250244140625,0.9647650718688965,0.0809980109333992,495
hop_24,0.0007323119789361954,-0.009552561677992344,16301,test_hop_24:ergt43_pair_173250015_cf0,24,full,12011,42.24808883666992,0.9647530913352966,0.0800948366522789,495
hop_24,0.0011725581716746092,-0.029651755467057228,16301,test_hop_24:ergt43_pair_173250044_cf1,24,full,12011,42.45713424682617,0.9665482640266418,0.12447380274534225,495
hop_24,0.0011711796978488564,-0.01954032853245735,16301,test_hop_24:ergt43_pair_173250044_cf0,24,full,12011,42.45673370361328,0.9665489792823792,0.12433594465255737,495
hop_24,0.0005638144793920219,-0.016454918310046196,16301,test_hop_24:ergt43_pair_173250055_cf1,24,full,12011,41.77464294433594,0.9614430665969849,0.10292986035346985,495
hop_24,0.0005615198169834912,-0.014645187184214592,16301,test_hop_24:ergt43_pair_173250055_cf0,24,full,12011,41.79732894897461,0.9616144895553589,0.10270161926746368,495
hop_24,0.0005770591087639332,-0.012780030257999897,16301,test_hop_24:ergt43_pair_173250022_cf0,24,full,12011,41.53845977783203,0.9592440724372864,0.11885784566402435,495
hop_24,0.000407621351769194,-0.011220872402191162,16301,test_hop_24:ergt43_pair_173250022_cf1,24,full,12011,41.537715911865234,0.9592399001121521,0.11885155737400055,495
hop_24,0.0007802423788234591,-0.018676841631531715,16301,test_hop_24:ergt43_pair_173250035_cf1,24,full,12011,42.7872314453125,0.9688156843185425,0.052344441413879395,495
hop_24,0.0008066194131970406,-0.025483926758170128,16301,test_hop_24:ergt43_pair_173250035_cf0,24,full,12011,42.75489807128906,0.9686114192008972,0.04506925120949745,495
hop_24,0.0005337006296031177,-0.020258942618966103,16301,test_hop_24:ergt43_pair_173250046_cf1,24,full,12011,40.55537796020508,0.9512527585029602,0.076433464884758,495
hop_24,0.000531003694050014,-0.020267430692911148,16301,test_hop_24:ergt43_pair_173250046_cf0,24,full,12011,40.88721466064453,0.954082190990448,0.07613666355609894,495
hop_24,0.0005048148450441658,-0.011520263738930225,16301,test_hop_24:ergt43_pair_173250027_cf1,24,full,12011,43.09656524658203,0.97104811668396,0.05273723229765892,495
hop_24,0.0005282428464852273,-0.011471125297248363,16301,test_hop_24:ergt43_pair_173250027_cf0,24,full,12011,43.09576416015625,0.9710580706596375,0.049290385097265244,495
hop_24,0.0007032043649815023,-0.018945058807730675,16301,test_hop_24:ergt43_pair_173250001_cf0,24,full,12011,43.88987731933594,0.9762048721313477,0.10433973371982574,495
hop_24,0.0007101016817614436,-0.019004039466381073,16301,test_hop_24:ergt43_pair_173250001_cf1,24,full,12011,43.88990783691406,0.976205050945282,0.1043471023440361,495
hop_24,0.0002821091911755502,-0.007077130954712629,16301,test_hop_24:ergt43_pair_173250011_cf1,24,full,12011,41.39150619506836,0.9579442739486694,0.1136983260512352,495
hop_24,0.00027442953432910144,-0.007117817178368568,16301,test_hop_24:ergt43_pair_173250011_cf0,24,full,12011,41.38886642456055,0.9579300284385681,0.11179220676422119,495
hop_24,0.0004491905856411904,-0.016161508858203888,16301,test_hop_24:ergt43_pair_173250031_cf1,24,full,12011,43.55583572387695,0.9741257429122925,0.05641261860728264,495
hop_24,0.00044928325223736465,-0.01615947298705578,16301,test_hop_24:ergt43_pair_173250031_cf0,24,full,12011,43.556419372558594,0.9741290807723999,0.05641407147049904,495
hop_24,0.00021982418547850102,-0.010451172478497028,16301,test_hop_24:ergt43_pair_173250033_cf1,24,full,12011,42.46416473388672,0.9663904905319214,0.0668301209807396,495
hop_24,0.00021938307327218354,-0.010453053750097752,16301,test_hop_24:ergt43_pair_173250033_cf0,24,full,12011,42.46410369873047,0.9663897156715393,0.0665697231888771,495
hop_24,0.0005813197931274772,-0.022109512239694595,16301,test_hop_24:ergt43_pair_173250017_cf1,24,full,12011,42.93926239013672,0.9697244763374329,0.12112689018249512,495
hop_24,0.0005822142120450735,-0.022098803892731667,16301,test_hop_24:ergt43_pair_173250017_cf0,24,full,12011,42.94599151611328,0.9697616696357727,0.12525223195552826,495
hop_24,0.00016387098003178835,-0.021301617845892906,16301,test_hop_24:ergt43_pair_173250042_cf0,24,full,12011,42.7213134765625,0.968177318572998,0.12190886586904526,495
hop_24,0.00020358238543849438,-0.019748995080590248,16301,test_hop_24:ergt43_pair_173250042_cf1,24,full,12011,42.718475341796875,0.9681635499000549,0.12081452459096909,495
hop_24,0.0015180958434939384,-0.0127114187926054,16301,test_hop_24:ergt43_pair_173250028_cf1,24,full,12011,42.094242095947266,0.9636731743812561,0.09102217108011246,495
hop_24,0.001500946469604969,-0.012831431813538074,16301,test_hop_24:ergt43_pair_173250028_cf0,24,full,12011,42.08831024169922,0.9636013507843018,0.09757936000823975,495
hop_24,0.0004439520707819611,-0.0119097251445055,16301,test_hop_24:ergt43_pair_173250048_cf1,24,full,12011,43.18966293334961,0.9716726541519165,0.13892735540866852,495
hop_24,0.0004342023457866162,-0.011890686117112637,16301,test_hop_24:ergt43_pair_173250048_cf0,24,full,12011,43.220890045166016,0.97187739610672,0.1404963880777359,495
hop_24,0.0005550895584747195,-0.02067588083446026,16301,test_hop_24:ergt43_pair_173250047_cf1,24,full,12011,42.29617691040039,0.9650962948799133,0.13172484934329987,495
hop_24,0.000546371447853744,-0.02080884948372841,16301,test_hop_24:ergt43_pair_173250047_cf0,24,full,12011,42.29560089111328,0.9650930762290955,0.13055506348609924,495
hop_24,0.0006815372034907341,-0.012115003541111946,16301,test_hop_24:ergt43_pair_173250009_cf1,24,full,12011,44.190120697021484,0.978195309638977,0.08788824081420898,495
hop_24,0.0006880566361360252,-0.011936661787331104,16301,test_hop_24:ergt43_pair_173250009_cf0,24,full,12011,43.88055419921875,0.9761959314346313,0.08857044577598572,495
hop_24,0.0005717722233384848,-0.020061099901795387,16301,test_hop_24:ergt43_pair_173250045_cf1,24,full,12011,42.232486724853516,0.9647425413131714,0.077530138194561,495
hop_24,0.0005729807890020311,-0.020048687234520912,16301,test_hop_24:ergt43_pair_173250045_cf0,24,full,12011,42.232383728027344,0.9647420048713684,0.07753337919712067,495
hop_24,0.0008288387325592339,-0.018306970596313477,16301,test_hop_24:ergt43_pair_173250036_cf0,24,full,12011,42.16923141479492,0.9642940163612366,0.08538365364074707,495
hop_24,0.0008581238798797131,-0.018274184316396713,16301,test_hop_24:ergt43_pair_173250036_cf1,24,full,12011,42.178810119628906,0.9643637537956238,0.085715152323246,495
hop_24,0.00026765407528728247,-0.0191671010106802,16301,test_hop_24:ergt43_pair_173250021_cf0,24,full,12011,41.27763366699219,0.9572890996932983,0.09310479462146759,495
hop_24,0.0003390389319974929,-0.01919061318039894,16301,test_hop_24:ergt43_pair_173250021_cf1,24,full,12011,41.256446838378906,0.9571780562400818,0.08705957978963852,495
hop_24,0.0008111601346172392,-0.01347795594483614,16301,test_hop_24:ergt43_pair_173250043_cf0,24,full,12011,41.76789474487305,0.9611864686012268,0.07514359056949615,495
hop_24,0.0008044536225497723,-0.01348724402487278,16301,test_hop_24:ergt43_pair_173250043_cf1,24,full,12011,41.76793670654297,0.9611867666244507,0.07514700293540955,495
hop_24,0.0007672652718611062,-0.020661652088165283,16301,test_hop_24:ergt43_pair_173250037_cf0,24,full,12011,44.533729553222656,0.9803788065910339,0.06830015033483505,495
hop_24,0.000756669498514384,-0.014999423176050186,16301,test_hop_24:ergt43_pair_173250037_cf1,24,full,12011,44.533912658691406,0.9803796410560608,0.06839681416749954,495
hop_24,0.0006443792954087257,-0.014065850526094437,16301,test_hop_24:ergt43_pair_173250034_cf1,24,full,12011,42.18419647216797,0.9643262624740601,0.09435046464204788,495
hop_24,0.0006753688212484121,-0.01391505915671587,16301,test_hop_24:ergt43_pair_173250034_cf0,24,full,12011,42.18003463745117,0.9643009901046753,0.09437284618616104,495
hop_32,0.0010801737662404776,-0.024002917110919952,16301,test_hop_32:ergt43_pair_173330040_cf0,32,full,12011,58.314064025878906,0.9768412113189697,0.04301121458411217,655
hop_32,0.0010797117138281465,-0.024009542539715767,16301,test_hop_32:ergt43_pair_173330040_cf1,32,full,12011,58.313262939453125,0.9768381118774414,0.04304834455251694,655
hop_32,0.0008670844254083931,-0.019708264619112015,16301,test_hop_32:ergt43_pair_173330013_cf1,32,full,12011,56.97821807861328,0.9704300165176392,0.01999092660844326,655
hop_32,0.0009691386367194355,-0.02429860271513462,16301,test_hop_32:ergt43_pair_173330013_cf0,32,full,12011,57.275203704833984,0.9719172120094299,0.01807762123644352,655
hop_32,0.0009018075070343912,-0.03264860063791275,16301,test_hop_32:ergt43_pair_173330015_cf1,32,full,12011,55.09541702270508,0.960088849067688,0.043506354093551636,655
hop_32,0.0008939850376918912,-0.032642412930727005,16301,test_hop_32:ergt43_pair_173330015_cf0,32,full,12011,55.09538269042969,0.9600887298583984,0.043504614382982254,655
hop_32,0.0011044738348573446,-0.019269900396466255,16301,test_hop_32:ergt43_pair_173330021_cf0,32,full,12011,57.97392272949219,0.9752385020256042,0.083594910800457,655
hop_32,0.0010831118561327457,-0.0194377601146698,16301,test_hop_32:ergt43_pair_173330021_cf1,32,full,12011,57.983699798583984,0.9752755165100098,0.08430742472410202,655
hop_32,0.0008789286366663873,-0.026639437302947044,16301,test_hop_32:ergt43_pair_173330017_cf0,32,full,12011,56.661495208740234,0.9688140153884888,0.017973193898797035,655
hop_32,0.0008795764297246933,-0.02663336880505085,16301,test_hop_32:ergt43_pair_173330017_cf1,32,full,12011,56.65840530395508,0.9688019156455994,0.01682468131184578,655
hop_32,0.001188473543152213,-0.033659905195236206,16301,test_hop_32:ergt43_pair_173330054_cf0,32,full,12011,56.80361557006836,0.9696228504180908,0.009424444288015366,655
hop_32,0.0011870706221088767,-0.033744607120752335,16301,test_hop_32:ergt43_pair_173330054_cf1,32,full,12011,56.802738189697266,0.9696193933486938,0.009130727499723434,655
hop_32,0.001343265757896006,-0.0360843688249588,16301,test_hop_32:ergt43_pair_173330041_cf0,32,full,12011,57.54620361328125,0.9732357263565063,0.05748969689011574,655
hop_32,0.0013490773271769285,-0.0283419881016016,16301,test_hop_32:ergt43_pair_173330041_cf1,32,full,12011,57.54892349243164,0.9732465147972107,0.05751873925328255,655
hop_32,0.0016838422743603587,-0.033345434814691544,16301,test_hop_32:ergt43_pair_173330031_cf1,32,full,12011,57.65847396850586,0.9737282991409302,0.019118474796414375,655
hop_32,0.0016864537028595805,-0.03334233537316322,16301,test_hop_32:ergt43_pair_173330031_cf0,32,full,12011,57.657630920410156,0.9737250208854675,0.01877371035516262,655
hop_32,0.0009228351409547031,-0.039566799998283386,16301,test_hop_32:ergt43_pair_173330048_cf0,32,full,12011,57.008331298828125,0.9705029129981995,0.08883074671030045,655
hop_32,0.000936302647460252,-0.03951361030340195,16301,test_hop_32:ergt43_pair_173330048_cf1,32,full,12011,57.00518035888672,0.9704888463020325,0.08883903175592422,655
hop_32,0.001158899161964655,-0.04263979196548462,16301,test_hop_32:ergt43_pair_173330024_cf0,32,full,12011,57.890132904052734,0.9749104380607605,0.018112605437636375,655
hop_32,0.0011612522648647428,-0.042552027851343155,16301,test_hop_32:ergt43_pair_173330024_cf1,32,full,12011,57.888954162597656,0.9749056696891785,0.01825878396630287,655
hop_32,0.0011658330913633108,-0.0271333958953619,16301,test_hop_32:ergt43_pair_173330043_cf0,32,full,12011,57.88602066040039,0.9748795628547668,0.020265592262148857,655
hop_32,0.0011555668897926807,-0.02716836705803871,16301,test_hop_32:ergt43_pair_173330043_cf1,32,full,12011,57.886016845703125,0.9748795032501221,0.02026490680873394,655
hop_32,0.0018566548824310303,-0.033476002514362335,16301,test_hop_32:ergt43_pair_173330037_cf0,32,full,12011,54.13862228393555,0.9545735716819763,0.014788486063480377,655
hop_32,0.0018742666579782963,-0.03353755921125412,16301,test_hop_32:ergt43_pair_173330037_cf1,32,full,12011,54.13962173461914,0.9545775651931763,0.014815839938819408,655
hop_32,0.0016263145953416824,-0.02556997537612915,16301,test_hop_32:ergt43_pair_173330053_cf0,32,full,12011,59.187889099121094,0.9808367490768433,0.0036802878603339195,655
hop_32,0.001632198691368103,-0.0256035178899765,16301,test_hop_32:ergt43_pair_173330053_cf1,32,full,12011,59.18901824951172,0.9808419346809387,0.004072915762662888,655
hop_32,0.0007858514436520636,-0.027062708511948586,16301,test_hop_32:ergt43_pair_173330022_cf0,32,full,12011,58.956241607666016,0.9797593951225281,0.028908971697092056,655
hop_32,0.0007815819699317217,-0.027060002088546753,16301,test_hop_32:ergt43_pair_173330022_cf1,32,full,12011,58.954193115234375,0.979751467704773,0.028753897175192833,655
hop_32,0.0010993151227012277,-0.030451053753495216,16301,test_hop_32:ergt43_pair_173330052_cf0,32,full,12011,57.551692962646484,0.9732666611671448,0.02705146186053753,655
hop_32,0.0010917078470811248,-0.030476795509457588,16301,test_hop_32:ergt43_pair_173330052_cf1,32,full,12011,57.55155563354492,0.9732661247253418,0.026899628341197968,655
hop_32,0.0008334944723173976,-0.0248302910476923,16301,test_hop_32:ergt43_pair_173330003_cf0,32,full,12011,58.2838020324707,0.9767071008682251,0.018870702013373375,655
hop_32,0.0008402079110965133,-0.024837637320160866,16301,test_hop_32:ergt43_pair_173330003_cf1,32,full,12011,58.28470230102539,0.9767105579376221,0.018841896206140518,655
hop_32,0.00105963833630085,-0.025537224486470222,16301,test_hop_32:ergt43_pair_173330033_cf0,32,full,12011,57.53684616088867,0.9731522798538208,0.011133857071399689,655
hop_32,0.0010920524364337325,-0.025278553366661072,16301,test_hop_32:ergt43_pair_173330033_cf1,32,full,12011,57.53788757324219,0.9731563329696655,0.010938036255538464,655
hop_32,0.001369975507259369,-0.03881484270095825,16301,test_hop_32:ergt43_pair_173330001_cf1,32,full,12011,57.823490142822266,0.9745404720306396,0.06228938698768616,655
hop_32,0.0013699483824893832,-0.03880143165588379,16301,test_hop_32:ergt43_pair_173330001_cf0,32,full,12011,57.82350540161133,0.9745405316352844,0.06229207664728165,655
hop_32,0.0007028338150121272,-0.024925831705331802,16301,test_hop_32:ergt43_pair_173330025_cf0,32,full,12011,58.15139389038086,0.9761614203453064,0.005349872168153524,655
hop_32,0.0007041281787678599,-0.024975711479783058,16301,test_hop_32:ergt43_pair_173330025_cf1,32,full,12011,58.16081237792969,0.9762072563171387,0.004790771286934614,655
hop_32,0.0012960992753505707,-0.027429452165961266,16301,test_hop_32:ergt43_pair_173330020_cf0,32,full,12011,58.20654296875,0.9764015078544617,0.021508431062102318,655
hop_32,0.001301637850701809,-0.022601885721087456,16301,test_hop_32:ergt43_pair_173330020_cf1,32,full,12011,58.20553970336914,0.9763957858085632,0.02088228054344654,655
hop_32,0.0004073091840837151,-0.025889018550515175,16301,test_hop_32:ergt43_pair_173330051_cf0,32,full,12011,57.83629608154297,0.97459477186203,0.014254337176680565,655
hop_32,0.00042039441177621484,-0.025894615799188614,16301,test_hop_32:ergt43_pair_173330051_cf1,32,full,12011,57.833126068115234,0.9745777249336243,0.01422746479511261,655
hop_32,0.00041520182276144624,-0.02378174103796482,16301,test_hop_32:ergt43_pair_173330029_cf0,32,full,12011,57.04220962524414,0.9707223773002625,0.03328799083828926,655
hop_32,0.0004087881534360349,-0.023790115490555763,16301,test_hop_32:ergt43_pair_173330029_cf1,32,full,12011,57.36884307861328,0.972341775894165,0.033277615904808044,655
hop_32,0.0013627941953018308,-0.01844245195388794,16301,test_hop_32:ergt43_pair_173330016_cf0,32,full,12011,56.71274185180664,0.9689767956733704,0.01627870835363865,655
hop_32,0.0013609512243419886,-0.018464721739292145,16301,test_hop_32:ergt43_pair_173330016_cf1,32,full,12011,56.71174240112305,0.9689702391624451,0.015358537435531616,655
hop_32,0.0006807228201068938,-0.023362278938293457,16301,test_hop_32:ergt43_pair_173330004_cf0,32,full,12011,57.284034729003906,0.9719031453132629,0.0786505863070488,655
hop_32,0.0006823570001870394,-0.023358190432190895,16301,test_hop_32:ergt43_pair_173330004_cf1,32,full,12011,57.28186798095703,0.9718948006629944,0.07851190119981766,655
hop_32,0.0007026195526123047,-0.018723594024777412,16301,test_hop_32:ergt43_pair_173330005_cf1,32,full,12011,57.62117385864258,0.9735921025276184,0.01679750345647335,655
hop_32,0.0007013349677436054,-0.018732283264398575,16301,test_hop_32:ergt43_pair_173330005_cf0,32,full,12011,57.62116622924805,0.9735921025276184,0.01679791510105133,655
hop_32,0.0006343677523545921,-0.017985660582780838,16301,test_hop_32:ergt43_pair_173330032_cf0,32,full,12011,58.2006950378418,0.9763801693916321,0.0009486993658356369,655
hop_32,0.000642580387648195,-0.0179281048476696,16301,test_hop_32:ergt43_pair_173330032_cf1,32,full,12011,58.19934844970703,0.9763705730438232,0.0016949748387560248,655
hop_32,0.0007625074940733612,-0.012778767384588718,16301,test_hop_32:ergt43_pair_173330026_cf1,32,full,12011,56.54018783569336,0.9680794477462769,0.03518427535891533,655
hop_32,0.0007589650922454894,-0.012777862139046192,16301,test_hop_32:ergt43_pair_173330026_cf0,32,full,12011,56.53984069824219,0.9680781960487366,0.035243310034275055,655
hop_32,0.0015625916421413422,-0.038301337510347366,16301,test_hop_32:ergt43_pair_173330038_cf0,32,full,12011,56.55950164794922,0.9683001637458801,0.013207294046878815,655
hop_32,0.001559818396344781,-0.038302693516016006,16301,test_hop_32:ergt43_pair_173330038_cf1,32,full,12011,56.55900192260742,0.9682981967926025,0.013203312642872334,655
context_128_hop_4,5.211726966081187e-05,-0.07397614419460297,16301,context_128:ergt43_pair_184290030_cf1,4,full,12011,3.5865228176116943,0.4880610704421997,0.25349313020706177,128
context_128_hop_4,3.905817720806226e-05,-0.06963610649108887,16301,context_128:ergt43_pair_184290030_cf0,4,full,12011,3.70528507232666,0.4457280933856964,0.30148226022720337,128
context_128_hop_4,0.00016862172924447805,-0.06414826214313507,16301,context_128:ergt43_pair_184290007_cf1,4,full,12011,5.88671875,0.8440731167793274,0.4780043661594391,128
context_128_hop_4,0.00014014524640515447,-0.06639871001243591,16301,context_128:ergt43_pair_184290007_cf0,4,full,12011,5.888309955596924,0.8441752195358276,0.4879239499568939,128
context_128_hop_4,0.00032057901262305677,-0.06409967690706253,16301,context_128:ergt43_pair_184290013_cf1,4,full,12011,4.383967399597168,0.6043362021446228,0.27430790662765503,128
context_128_hop_4,2.4802084226394072e-05,-0.03772127255797386,16301,context_128:ergt43_pair_184290013_cf0,4,full,12011,4.384152412414551,0.6043517589569092,0.27408093214035034,128
context_128_hop_4,1.1917657502635848e-05,-0.10207493603229523,16301,context_128:ergt43_pair_184290016_cf0,4,full,12011,4.159271717071533,0.6120773553848267,0.2810412347316742,128
context_128_hop_4,2.7266127290204167e-05,-0.11450538039207458,16301,context_128:ergt43_pair_184290016_cf1,4,full,12011,4.902765274047852,0.7354375720024109,0.2845967710018158,128
context_128_hop_4,4.107151471544057e-05,-0.05882897600531578,16301,context_128:ergt43_pair_184290029_cf0,4,full,12011,4.1332268714904785,0.6124981641769409,0.2581259608268738,128
context_128_hop_4,5.298734686220996e-05,-0.05647200718522072,16301,context_128:ergt43_pair_184290029_cf1,4,full,12011,4.831779479980469,0.7254469990730286,0.2558756470680237,128
context_128_hop_4,0.0011492366902530193,-0.10806575417518616,16301,context_128:ergt43_pair_184290014_cf0,4,full,12011,4.330331325531006,0.5696997046470642,0.3427647352218628,128
context_128_hop_4,0.0004995024064555764,-0.06142804026603699,16301,context_128:ergt43_pair_184290014_cf1,4,full,12011,4.334333896636963,0.5701459646224976,0.32623428106307983,128
context_128_hop_4,0.0012169837718829513,-0.08116292953491211,16301,context_128:ergt43_pair_184290037_cf0,4,full,12011,6.596938610076904,0.9063931703567505,0.6261070966720581,128
context_128_hop_4,0.001233128597959876,-0.08015180379152298,16301,context_128:ergt43_pair_184290037_cf1,4,full,12011,6.5966572761535645,0.9063710570335388,0.6262062788009644,128
context_128_hop_4,1.9847073417622596e-05,-0.07278808951377869,16301,context_128:ergt43_pair_184290002_cf1,4,full,12011,3.815391778945923,0.5279247760772705,0.2531956136226654,128
context_128_hop_4,2.387605309195351e-05,-0.07319273054599762,16301,context_128:ergt43_pair_184290002_cf0,4,full,12011,3.61155104637146,0.4862877130508423,0.25437361001968384,128
context_128_hop_4,0.00012833495566155761,-0.08359970152378082,16301,context_128:ergt43_pair_184290006_cf1,4,full,12011,4.725934028625488,0.6934570670127869,0.2622448205947876,128
context_128_hop_4,0.00011388961866032332,-0.06519228219985962,16301,context_128:ergt43_pair_184290006_cf0,4,full,12011,3.76735782623291,0.5493599772453308,0.2486620992422104,128
context_128_hop_4,5.19675950272358e-06,-0.042813971638679504,16301,context_128:ergt43_pair_184290036_cf0,4,full,12011,4.772269248962402,0.6964571475982666,0.30638736486434937,128
context_128_hop_4,2.1119426492077764e-06,-0.03636558726429939,16301,context_128:ergt43_pair_184290036_cf1,4,full,12011,4.528180122375488,0.6707552671432495,0.2928503155708313,128
context_128_hop_4,4.5264230720931664e-05,-0.0951307862997055,16301,context_128:ergt43_pair_184290021_cf0,4,full,12011,5.589145660400391,0.8108431696891785,0.3979812562465668,128
context_128_hop_4,5.14356215717271e-05,-0.14153841137886047,16301,context_128:ergt43_pair_184290021_cf1,4,full,12011,5.918070316314697,0.8486247658729553,0.3977825343608856,128
context_128_hop_4,0.00017142742581199855,-0.045702721923589706,16301,context_128:ergt43_pair_184290032_cf0,4,full,12011,6.305887699127197,0.8830003142356873,0.4312933385372162,128
context_128_hop_4,0.00018815438670571893,-0.04879409074783325,16301,context_128:ergt43_pair_184290032_cf1,4,full,12011,6.316999912261963,0.8837673664093018,0.4681161344051361,128
context_128_hop_4,3.5031796869589016e-05,-0.06903177499771118,16301,context_128:ergt43_pair_184290018_cf0,4,full,12011,4.637429714202881,0.596795916557312,0.3808022737503052,128
context_128_hop_4,0.0002578450075816363,-0.07769632339477539,16301,context_128:ergt43_pair_184290018_cf1,4,full,12011,3.915379285812378,0.5548016428947449,0.24410270154476166,128
context_128_hop_4,0.0012637745821848512,-0.056114330887794495,16301,context_128:ergt43_pair_184290003_cf0,4,full,12011,4.21741247177124,0.6267050504684448,0.32621267437934875,128
context_128_hop_4,0.0012952928664162755,-0.060230083763599396,16301,context_128:ergt43_pair_184290003_cf1,4,full,12011,3.9230992794036865,0.6052926182746887,0.19565024971961975,128
context_128_hop_4,1.9298271581646986e-05,-0.05619699880480766,16301,context_128:ergt43_pair_184290024_cf0,4,full,12011,4.158185958862305,0.6123090386390686,0.27639898657798767,128
context_128_hop_4,2.666627915459685e-05,-0.06280986964702606,16301,context_128:ergt43_pair_184290024_cf1,4,full,12011,3.7828993797302246,0.523807168006897,0.2644529342651367,128
context_128_hop_4,4.8911268095253035e-05,-0.05754398554563522,16301,context_128:ergt43_pair_184290027_cf1,4,full,12011,4.086823463439941,0.5443716645240784,0.3426235020160675,128
context_128_hop_4,8.728035754757002e-05,-0.10303401947021484,16301,context_128:ergt43_pair_184290027_cf0,4,full,12011,4.088978290557861,0.5445615649223328,0.3523305058479309,128
context_128_hop_4,0.0014706191141158342,-0.06603806465864182,16301,context_128:ergt43_pair_184290025_cf0,4,full,12011,6.875344753265381,0.9270650148391724,0.9626577496528625,128
context_128_hop_4,0.001949987607076764,-0.06498240679502487,16301,context_128:ergt43_pair_184290025_cf1,4,full,12011,6.841793537139893,0.9246629476547241,0.9532849192619324,128
context_128_hop_4,7.489245035685599e-05,-0.08482436835765839,16301,context_128:ergt43_pair_184290009_cf0,4,full,12011,5.314819812774658,0.7782183289527893,0.5011321902275085,128
context_128_hop_4,6.670792936347425e-05,-0.05377008765935898,16301,context_128:ergt43_pair_184290009_cf1,4,full,12011,4.439881324768066,0.5799341797828674,0.33389368653297424,128
context_128_hop_4,0.0001449415140086785,-0.06463178247213364,16301,context_128:ergt43_pair_184290019_cf1,4,full,12011,5.851490497589111,0.8408899903297424,0.4426294267177582,128
context_128_hop_4,0.00014509317406918854,-0.05582522973418236,16301,context_128:ergt43_pair_184290019_cf0,4,full,12011,5.858273983001709,0.841359555721283,0.4615132510662079,128
context_128_hop_4,0.0005757703329436481,-0.1403099149465561,16301,context_128:ergt43_pair_184290020_cf1,4,full,12011,3.394883155822754,0.4220556318759918,0.2576563060283661,128
context_128_hop_4,0.0005300246411934495,-0.07883646339178085,16301,context_128:ergt43_pair_184290020_cf0,4,full,12011,4.6430768966674805,0.5972499847412109,0.40202412009239197,128
context_256_hop_4,1.5994614841474686e-06,-0.08688850700855255,16301,context_256:ergt43_pair_185570039_cf0,4,full,12011,6.372498989105225,0.8884162306785583,0.4825170934200287,256
context_256_hop_4,3.52382676283014e-06,-0.07504862546920776,16301,context_256:ergt43_pair_185570039_cf1,4,full,12011,5.853056907653809,0.8411532044410706,0.4257858395576477,256
context_256_hop_4,0.0017819240456447005,-0.09181094914674759,16301,context_256:ergt43_pair_185570006_cf1,4,full,12011,5.344966411590576,0.7868620157241821,0.3391052782535553,256
context_256_hop_4,0.00014018273213878274,-0.026958193629980087,16301,context_256:ergt43_pair_185570006_cf0,4,full,12011,5.332653045654297,0.7859929203987122,0.3013838231563568,256
context_256_hop_4,0.0009126665536314249,-0.02598806470632553,16301,context_256:ergt43_pair_185570018_cf0,4,full,12011,5.246393203735352,0.7799341082572937,0.2567681670188904,256
context_256_hop_4,0.0013444971991702914,-0.032657116651535034,16301,context_256:ergt43_pair_185570018_cf1,4,full,12011,5.23478364944458,0.7790915966033936,0.21033461391925812,256
context_256_hop_4,0.00031702706473879516,-0.0786292627453804,16301,context_256:ergt43_pair_185570022_cf0,4,full,12011,5.954748153686523,0.8522917032241821,0.38214582204818726,256
context_256_hop_4,0.0004265992611180991,-0.08027002215385437,16301,context_256:ergt43_pair_185570022_cf1,4,full,12011,5.033008575439453,0.7069015502929688,0.4285798966884613,256
context_256_hop_4,0.0003398361732251942,-0.0633116140961647,16301,context_256:ergt43_pair_185570024_cf1,4,full,12011,6.219244480133057,0.8751767873764038,0.5215123295783997,256
context_256_hop_4,0.00025612147874198854,-0.0900001972913742,16301,context_256:ergt43_pair_185570024_cf0,4,full,12011,5.000669956207275,0.7041628956794739,0.4285014271736145,256
context_256_hop_4,0.00011053566413465887,-0.06763806939125061,16301,context_256:ergt43_pair_185570000_cf0,4,full,12011,5.3731207847595215,0.7864542603492737,0.46260976791381836,256
context_256_hop_4,1.9800041627604514e-05,-0.10310002416372299,16301,context_256:ergt43_pair_185570000_cf1,4,full,12011,5.846344947814941,0.8399291038513184,0.490108460187912,256
context_256_hop_4,0.0010785702615976334,-0.0858384370803833,16301,context_256:ergt43_pair_185570021_cf1,4,full,12011,5.992063045501709,0.8550494313240051,0.4447619915008545,256
context_256_hop_4,0.0007170035969465971,-0.10379044711589813,16301,context_256:ergt43_pair_185570021_cf0,4,full,12011,6.023208141326904,0.8588237762451172,0.3851868212223053,256
context_256_hop_4,5.625205085380003e-05,-0.08294200897216797,16301,context_256:ergt43_pair_185570002_cf1,4,full,12011,5.364771366119385,0.7878137230873108,0.37591490149497986,256
context_256_hop_4,3.1406751077156514e-05,-0.06564789265394211,16301,context_256:ergt43_pair_185570002_cf0,4,full,12011,5.29158353805542,0.7805917859077454,0.3494932949542999,256
context_256_hop_4,4.199000613880344e-06,-0.08145391196012497,16301,context_256:ergt43_pair_185570003_cf0,4,full,12011,6.374237537384033,0.8886806964874268,0.5167607069015503,256
context_256_hop_4,6.1259161157067865e-06,-0.05575563758611679,16301,context_256:ergt43_pair_185570003_cf1,4,full,12011,6.085049629211426,0.8649657964706421,0.3470807671546936,256
context_256_hop_4,0.00019961013458669186,-0.09095832705497742,16301,context_256:ergt43_pair_185570010_cf0,4,full,12011,4.480473041534424,0.5836242437362671,0.3281741440296173,256
context_256_hop_4,0.0004078793863300234,-0.03883817419409752,16301,context_256:ergt43_pair_185570010_cf1,4,full,12011,6.199870586395264,0.8735951781272888,0.49220821261405945,256
context_256_hop_4,3.143269714200869e-05,-0.14958322048187256,16301,context_256:ergt43_pair_185570015_cf1,4,full,12011,5.427941799163818,0.7714146971702576,0.5458520650863647,256
context_256_hop_4,3.372020728420466e-05,-0.0729624405503273,16301,context_256:ergt43_pair_185570015_cf0,4,full,12011,5.198293209075928,0.7254819869995117,0.5253082513809204,256
context_256_hop_4,2.2756528778700158e-05,-0.08740439265966415,16301,context_256:ergt43_pair_185570017_cf1,4,full,12011,5.808424472808838,0.8373081684112549,0.3852313160896301,256
context_256_hop_4,8.128971239784732e-05,-0.11357658356428146,16301,context_256:ergt43_pair_185570017_cf0,4,full,12011,5.877800941467285,0.8432298302650452,0.48192453384399414,256
context_256_hop_4,0.00033726810943335295,-0.08534450083971024,16301,context_256:ergt43_pair_185570034_cf1,4,full,12011,6.2955803871154785,0.8818451762199402,0.5022781491279602,256
context_256_hop_4,6.0799244238296524e-05,-0.08884154260158539,16301,context_256:ergt43_pair_185570034_cf0,4,full,12011,6.300236701965332,0.8821772933006287,0.531376302242279,256
context_256_hop_4,0.001607218524441123,-0.021057715639472008,16301,context_256:ergt43_pair_185570007_cf1,4,full,12011,5.258230686187744,0.778389573097229,0.2921542525291443,256
context_256_hop_4,0.0013342020101845264,-0.023125341162085533,16301,context_256:ergt43_pair_185570007_cf0,4,full,12011,5.263527870178223,0.7787674069404602,0.3017991781234741,256
context_256_hop_4,0.001146491151303053,-0.03082197718322277,16301,context_256:ergt43_pair_185570035_cf1,4,full,12011,5.773859977722168,0.8331587314605713,0.47363725304603577,256
context_256_hop_4,0.0009958104928955436,-0.08223176002502441,16301,context_256:ergt43_pair_185570035_cf0,4,full,12011,5.697987079620361,0.827792227268219,0.34304699301719666,256
context_256_hop_4,0.00015160621842369437,-0.06149483472108841,16301,context_256:ergt43_pair_185570038_cf0,4,full,12011,5.643362522125244,0.8206315636634827,0.3619251847267151,256
context_256_hop_4,0.00027578911976888776,-0.0819954127073288,16301,context_256:ergt43_pair_185570038_cf1,4,full,12011,5.645514488220215,0.820599377155304,0.3979058861732483,256
context_256_hop_4,3.4849566873162985e-05,-0.10100632905960083,16301,context_256:ergt43_pair_185570029_cf0,4,full,12011,4.985142707824707,0.7310300469398499,0.4814111590385437,256
context_256_hop_4,0.00015101133612915874,-0.06023091450333595,16301,context_256:ergt43_pair_185570029_cf1,4,full,12011,4.970663547515869,0.7300289869308472,0.46108323335647583,256
context_256_hop_4,0.0004290857759770006,-0.015365942381322384,16301,context_256:ergt43_pair_185570033_cf1,4,full,12011,6.571831703186035,0.9044146537780762,0.6667177677154541,256
context_256_hop_4,0.0006413109949789941,-0.01577712967991829,16301,context_256:ergt43_pair_185570033_cf0,4,full,12011,6.570958137512207,0.9043465256690979,0.6651928424835205,256
context_256_hop_4,5.2053706895094365e-05,-0.03952964395284653,16301,context_256:ergt43_pair_185570008_cf1,4,full,12011,4.402462482452393,0.6180056929588318,0.45496758818626404,256
context_256_hop_4,0.0001305489568039775,-0.014652414247393608,16301,context_256:ergt43_pair_185570008_cf0,4,full,12011,4.368305683135986,0.6156185269355774,0.37112900614738464,256
context_256_hop_4,3.8936083001317456e-05,-0.07616841793060303,16301,context_256:ergt43_pair_185570032_cf1,4,full,12011,5.515080451965332,0.8065215945243835,0.3806911110877991,256
context_256_hop_4,6.041417509550229e-05,-0.11777020990848541,16301,context_256:ergt43_pair_185570032_cf0,4,full,12011,5.529988765716553,0.8075153827667236,0.38628578186035156,256
context_512_hop_4,0.0017274522688239813,-0.0044067371636629105,16301,context_512:ergt43_pair_188130013_cf1,4,full,12011,3.88535475730896,0.6350795030593872,0.0,512
context_512_hop_4,0.0012654091697186232,-0.002617297228425741,16301,context_512:ergt43_pair_188130013_cf0,4,full,12011,3.885744333267212,0.6351369619369507,0.0,512
context_512_hop_4,0.0019473496358841658,-0.005732296966016293,16301,context_512:ergt43_pair_188130019_cf0,4,full,12011,5.799536228179932,0.8376409411430359,0.3547452688217163,512
context_512_hop_4,0.002234600717201829,-0.0055662477388978004,16301,context_512:ergt43_pair_188130019_cf1,4,full,12011,5.231254577636719,0.7931239604949951,8.326672684688674e-17,512
context_512_hop_4,0.0048028407618403435,-0.012045618146657944,16301,context_512:ergt43_pair_188130028_cf0,4,full,12011,4.317800521850586,0.6999148726463318,0.0,512
context_512_hop_4,0.00527411513030529,-0.011260321363806725,16301,context_512:ergt43_pair_188130028_cf1,4,full,12011,4.308848857879639,0.6987811923027039,0.0,512
context_512_hop_4,0.0,0.0,16301,context_512:ergt43_pair_188130018_cf1,4,full,12011,3.78776216506958,0.6186607480049133,6.3186263177297464e-18,512
context_512_hop_4,0.0,0.0,16301,context_512:ergt43_pair_188130018_cf0,4,full,12011,3.7750465869903564,0.617484986782074,1.2522200911240105e-17,512
context_512_hop_4,0.004852172918617725,-0.011927029117941856,16301,context_512:ergt43_pair_188130022_cf0,4,full,12011,1.0,0.0,0.0,512
context_512_hop_4,0.004809428472071886,-0.011841725558042526,16301,context_512:ergt43_pair_188130022_cf1,4,full,12011,1.0,0.0,0.0,512
context_512_hop_4,0.011713368818163872,-0.020874515175819397,16301,context_512:ergt43_pair_188130021_cf0,4,full,12011,3.840360164642334,0.6297315359115601,0.0,512
context_512_hop_4,0.011815372854471207,-0.022153928875923157,16301,context_512:ergt43_pair_188130021_cf1,4,full,12011,3.839639902114868,0.6296602487564087,0.0,512
context_512_hop_4,0.003045745426788926,-0.009078742936253548,16301,context_512:ergt43_pair_188130035_cf0,4,full,12011,1.0,0.0,0.0,512
context_512_hop_4,0.0031525217927992344,-0.009263215586543083,16301,context_512:ergt43_pair_188130035_cf1,4,full,12011,1.0,1.844040489358263e-16,0.0,512
context_512_hop_4,0.0013254701625555754,-0.0007583264377899468,16301,context_512:ergt43_pair_188130033_cf1,4,full,12011,2.914196729660034,0.5141577124595642,0.0,512
context_512_hop_4,0.001560022821649909,-0.0012666000984609127,16301,context_512:ergt43_pair_188130033_cf0,4,full,12011,3.389864444732666,0.5838736295700073,0.0,512
context_512_hop_4,0.0008661389583721757,-0.0018003169680014253,16301,context_512:ergt43_pair_188130007_cf0,4,full,12011,4.805466175079346,0.7544980645179749,0.0,512
context_512_hop_4,0.0007181218825280666,-0.0016593848122283816,16301,context_512:ergt43_pair_188130007_cf1,4,full,12011,4.788846969604492,0.7528820037841797,0.0,512
context_512_hop_4,0.0023509380407631397,-0.004469894338399172,16301,context_512:ergt43_pair_188130014_cf1,4,full,12011,3.8931493759155273,0.6364980340003967,0.0,512
context_512_hop_4,0.0023111668415367603,-0.004288225434720516,16301,context_512:ergt43_pair_188130014_cf0,4,full,12011,3.8626320362091064,0.633493185043335,2.328494399182684e-18,512
context_512_hop_4,0.0067847855389118195,-0.018252380192279816,16301,context_512:ergt43_pair_188130038_cf0,4,full,12011,5.769748687744141,0.8349812626838684,0.35437247157096863,512
context_512_hop_4,0.007239387370646,-0.018398083746433258,16301,context_512:ergt43_pair_188130038_cf1,4,full,12011,4.747876167297363,0.7489337921142578,0.0,512
context_512_hop_4,0.0017785991076380014,-0.0063161104917526245,16301,context_512:ergt43_pair_188130016_cf0,4,full,12011,3.911482572555542,0.6424804925918579,0.0,512
context_512_hop_4,0.0017475845525041223,-0.006327052600681782,16301,context_512:ergt43_pair_188130016_cf1,4,full,12011,3.963827133178711,0.6476439237594604,0.0,512
context_512_hop_4,0.0012131176190450788,-0.003968535922467709,16301,context_512:ergt43_pair_188130006_cf1,4,full,12011,3.3725674152374268,0.5329737067222595,0.0,512
context_512_hop_4,0.0012925617629662156,-0.004295508377254009,16301,context_512:ergt43_pair_188130006_cf0,4,full,12011,2.9175355434417725,0.48306506872177124,0.0,512
context_512_hop_4,0.0035835443995893,-0.006619439460337162,16301,context_512:ergt43_pair_188130032_cf0,4,full,12011,2.8831818103790283,0.5091338753700256,0.0,512
context_512_hop_4,0.0038281334564089775,-0.009612120687961578,16301,context_512:ergt43_pair_188130032_cf1,4,full,12011,2.9064548015594482,0.5129134654998779,0.0,512
context_512_hop_4,0.001541866222396493,-0.009886198677122593,16301,context_512:ergt43_pair_188130037_cf1,4,full,12011,6.156993389129639,0.8715331554412842,0.3605184555053711,512
context_512_hop_4,0.002366378903388977,-0.011971459724009037,16301,context_512:ergt43_pair_188130037_cf0,4,full,12011,6.186909198760986,0.8740926384925842,0.36291444301605225,512
context_512_hop_4,0.004996247589588165,-0.008742253296077251,16301,context_512:ergt43_pair_188130034_cf1,4,full,12011,2.8633038997650146,0.5058915019035339,0.0,512
context_512_hop_4,0.004483994096517563,-0.008945701643824577,16301,context_512:ergt43_pair_188130034_cf0,4,full,12011,1.9358729124069214,0.25365468859672546,0.0,512
context_512_hop_4,0.0035502458922564983,-0.005593264475464821,16301,context_512:ergt43_pair_188130025_cf0,4,full,12011,2.929917335510254,0.48456960916519165,0.0,512
context_512_hop_4,0.0035784924402832985,-0.005594460293650627,16301,context_512:ergt43_pair_188130025_cf1,4,full,12011,2.929920196533203,0.4845699667930603,0.0,512
context_512_hop_4,0.005339602008461952,-0.0132457185536623,16301,context_512:ergt43_pair_188130008_cf0,4,full,12011,3.337955951690674,0.5715634822845459,0.0,512
context_512_hop_4,0.004802494775503874,-0.01271274033933878,16301,context_512:ergt43_pair_188130008_cf1,4,full,12011,2.9064407348632812,0.4817088544368744,0.0,512
context_512_hop_4,0.0009323327103629708,-0.00703864311799407,16301,context_512:ergt43_pair_188130011_cf1,4,full,12011,5.582733631134033,0.8213512301445007,0.13459013402462006,512
context_512_hop_4,0.0006433830712921917,-0.006864861585199833,16301,context_512:ergt43_pair_188130011_cf0,4,full,12011,5.449779987335205,0.8105103969573975,0.08401522040367126,512
context_512_hop_4,0.0018340768292546272,-0.0023860158398747444,16301,context_512:ergt43_pair_188130005_cf0,4,full,12011,5.748623847961426,0.8309958577156067,0.41841739416122437,512
context_512_hop_4,0.0018610694678500295,-0.0022253154311329126,16301,context_512:ergt43_pair_188130005_cf1,4,full,12011,5.747910022735596,0.8309460878372192,0.41709330677986145,512
context_768_hop_4,0.0,0.0,16301,context_768:ergt43_pair_190690026_cf1,4,full,12011,4.256153106689453,0.6915110349655151,0.0,768
context_768_hop_4,0.0,0.0,16301,context_768:ergt43_pair_190690026_cf0,4,full,12011,4.234218597412109,0.6893247365951538,0.0,768
context_768_hop_4,0.001533608534373343,-0.002709160326048732,16301,context_768:ergt43_pair_190690017_cf1,4,full,12011,4.692173957824707,0.7329246997833252,0.0,768
context_768_hop_4,0.0016751568764448166,-0.0028922446072101593,16301,context_768:ergt43_pair_190690017_cf0,4,full,12011,4.200142860412598,0.6561993956565857,1.6024508109335756e-16,768
context_768_hop_4,0.0013055293820798397,-0.0019773778039962053,16301,context_768:ergt43_pair_190690019_cf0,4,full,12011,3.815666913986206,0.6287941336631775,0.0,768
context_768_hop_4,0.0013287520268931985,-0.001983221620321274,16301,context_768:ergt43_pair_190690019_cf1,4,full,12011,3.8456931114196777,0.6318089365959167,0.0,768
context_768_hop_4,0.0005729357362724841,-0.0007263621664606035,16301,context_768:ergt43_pair_190690013_cf1,4,full,12011,1.5,0.1666666716337204,0.0,768
context_768_hop_4,0.0006741951801814139,-0.000756917055696249,16301,context_768:ergt43_pair_190690013_cf0,4,full,12011,1.0,4.877053715239099e-16,0.0,768
context_768_hop_4,0.0012998771853744984,-0.005184229463338852,16301,context_768:ergt43_pair_190690027_cf1,4,full,12011,6.728982448577881,0.9166010022163391,0.7339057922363281,768
context_768_hop_4,0.0013161392416805029,-0.004956912249326706,16301,context_768:ergt43_pair_190690027_cf0,4,full,12011,6.737030982971191,0.917242705821991,0.7277083992958069,768
context_768_hop_4,0.0,0.0,16301,context_768:ergt43_pair_190690001_cf0,4,full,12011,3.4046852588653564,0.5443080067634583,0.0,768
context_768_hop_4,0.0,0.0,16301,context_768:ergt43_pair_190690001_cf1,4,full,12011,3.2415082454681396,0.5274116396903992,0.0,768
context_768_hop_4,0.0,0.0,16301,context_768:ergt43_pair_190690008_cf1,4,full,12011,1.0,0.0,0.0,768
context_768_hop_4,0.0,0.0,16301,context_768:ergt43_pair_190690008_cf0,4,full,12011,1.0,0.0,0.0,768
context_768_hop_4,0.0013098297640681267,-0.00243218126706779,16301,context_768:ergt43_pair_190690002_cf0,4,full,12011,1.8898816108703613,0.306098610162735,0.0,768
context_768_hop_4,0.0012767707230523229,-0.0022857629228383303,16301,context_768:ergt43_pair_190690002_cf1,4,full,12011,0.0,0.0,0.0,768
context_768_hop_4,0.0025984763633459806,-0.0059381513856351376,16301,context_768:ergt43_pair_190690007_cf0,4,full,12011,2.914205551147461,0.5141591429710388,0.0,768
context_768_hop_4,0.002028161194175482,-0.005388751160353422,16301,context_768:ergt43_pair_190690007_cf1,4,full,12011,2.914205312728882,0.514159083366394,0.0,768
context_768_hop_4,0.0,0.0,16301,context_768:ergt43_pair_190690035_cf0,4,full,12011,1.777983546257019,0.22564487159252167,0.0,768
context_768_hop_4,0.0,0.0,16301,context_768:ergt43_pair_190690035_cf1,4,full,12011,1.7789363861083984,0.22582407295703888,0.0,768
context_768_hop_4,0.0020847790874540806,-0.0023339446634054184,16301,context_768:ergt43_pair_190690012_cf0,4,full,12011,2.828627824783325,0.49930262565612793,0.0,768
context_768_hop_4,0.0019054440781474113,-0.002121676690876484,16301,context_768:ergt43_pair_190690012_cf1,4,full,12011,2.8283584117889404,0.499255895614624,0.0,768
context_768_hop_4,0.0003591582353692502,9.708620609671925e-07,16301,context_768:ergt43_pair_190690018_cf1,4,full,12011,1.9142135381698608,0.25,0.0,768
context_768_hop_4,0.0006100852624513209,8.855703345034271e-05,16301,context_768:ergt43_pair_190690018_cf0,4,full,12011,1.0,1.844040489358263e-16,0.0,768
context_768_hop_4,0.0011354266898706555,-0.0018410423072054982,16301,context_768:ergt43_pair_190690034_cf1,4,full,12011,4.2903242111206055,0.6956990957260132,0.0,768
context_768_hop_4,0.0010397903388366103,-0.001687495969235897,16301,context_768:ergt43_pair_190690034_cf0,4,full,12011,4.2680583000183105,0.692767322063446,0.0,768
context_768_hop_4,0.0008457462536171079,-0.0006231479346752167,16301,context_768:ergt43_pair_190690032_cf0,4,full,12011,2.8367373943328857,0.5006132125854492,0.0,768
context_768_hop_4,0.0009700689697638154,-0.0010490169515833259,16301,context_768:ergt43_pair_190690032_cf1,4,full,12011,3.3201615810394287,0.5748379826545715,0.0,768
context_768_hop_4,0.001507650245912373,-0.0023526314180344343,16301,context_768:ergt43_pair_190690024_cf1,4,full,12011,4.866541862487793,0.7607848644256592,6.567419663954974e-17,768
context_768_hop_4,0.0015552970580756664,-0.0019240420078858733,16301,context_768:ergt43_pair_190690024_cf0,4,full,12011,4.799344539642334,0.7538806200027466,2.2227571422509495e-18,768
context_768_hop_4,0.00024480035062879324,-9.817071259021759e-05,16301,context_768:ergt43_pair_190690023_cf0,4,full,12011,1.5,0.1666666716337204,0.0,768
context_768_hop_4,0.0012062272289767861,-0.0010912935249507427,16301,context_768:ergt43_pair_190690023_cf1,4,full,12011,1.0,4.877053715239099e-16,0.0,768
context_768_hop_4,0.00777278421446681,-0.012053214013576508,16301,context_768:ergt43_pair_190690004_cf0,4,full,12011,3.774785280227661,0.6173837184906006,8.616365231839035e-17,768
context_768_hop_4,0.007132454309612513,-0.0099515151232481,16301,context_768:ergt43_pair_190690004_cf1,4,full,12011,3.7856147289276123,0.6184782385826111,0.0,768
context_768_hop_4,0.0023320140317082405,-0.0016347196651622653,16301,context_768:ergt43_pair_190690006_cf0,4,full,12011,2.44728422164917,0.4222247302532196,0.0,768
context_768_hop_4,0.0022783945314586163,-0.0016744302120059729,16301,context_768:ergt43_pair_190690006_cf1,4,full,12011,1.9499008655548096,0.2559923827648163,0.0,768
context_768_hop_4,0.0010539988288655877,-0.0018950937082991004,16301,context_768:ergt43_pair_190690033_cf1,4,full,12011,2.901771068572998,0.5120356678962708,0.0,768
context_768_hop_4,0.0008498569950461388,-0.002512258244678378,16301,context_768:ergt43_pair_190690033_cf0,4,full,12011,2.901747941970825,0.5120316743850708,0.0,768
context_768_hop_4,0.0021801164839416742,-0.0037313082721084356,16301,context_768:ergt43_pair_190690005_cf1,4,full,12011,6.182852268218994,0.8726555109024048,0.40567463636398315,768
context_768_hop_4,0.0013755755499005318,-0.0018348704325035214,16301,context_768:ergt43_pair_190690005_cf0,4,full,12011,6.181004047393799,0.8725862503051758,0.40602126717567444,768
context_512_hop_24,0.00034906092332676053,-0.011334762908518314,16301,context_512_hop_24:ergt43_pair_198130026_cf0,24,full,12011,42.90071487426758,0.9696110486984253,0.08843263983726501,512
context_512_hop_24,0.00012183417129563168,-0.01606447622179985,16301,context_512_hop_24:ergt43_pair_198130026_cf1,24,full,12011,43.194332122802734,0.9716544151306152,0.08720731735229492,512
context_512_hop_24,0.0001826245861593634,-0.018808066844940186,16301,context_512_hop_24:ergt43_pair_198130031_cf0,24,full,12011,32.77967834472656,0.8493337631225586,0.0532122366130352,512
context_512_hop_24,0.00019868486560881138,-0.03008108027279377,16301,context_512_hop_24:ergt43_pair_198130031_cf1,24,full,12011,35.15880584716797,0.9014349579811096,0.054636403918266296,512
context_512_hop_24,0.0009363332064822316,-0.02585967257618904,16301,context_512_hop_24:ergt43_pair_198130032_cf1,24,full,12011,31.123886108398438,0.7565257549285889,0.07016706466674805,512
context_512_hop_24,0.0014200619189068675,-0.029242409393191338,16301,context_512_hop_24:ergt43_pair_198130032_cf0,24,full,12011,30.614116668701172,0.7521536350250244,0.07068463414907455,512
context_512_hop_24,0.0008007057476788759,-0.029717763885855675,16301,context_512_hop_24:ergt43_pair_198130016_cf0,24,full,12011,42.43905258178711,0.966437041759491,0.057316068559885025,512
context_512_hop_24,0.0005748096737079322,-0.028222836554050446,16301,context_512_hop_24:ergt43_pair_198130016_cf1,24,full,12011,35.580448150634766,0.9001736044883728,0.05207807198166847,512
context_512_hop_24,0.001076825545169413,-0.025669779628515244,16301,context_512_hop_24:ergt43_pair_198130029_cf1,24,full,12011,41.86582946777344,0.9618486166000366,0.0757695883512497,512
context_512_hop_24,0.0009045111364684999,-0.023120785132050514,16301,context_512_hop_24:ergt43_pair_198130029_cf0,24,full,12011,41.8702507019043,0.9619011878967285,0.07254821807146072,512
context_512_hop_24,0.0015751655446365476,-0.04201705753803253,16301,context_512_hop_24:ergt43_pair_198130034_cf1,24,full,12011,35.0920295715332,0.8941196799278259,0.07952707260847092,512
context_512_hop_24,0.0014599250862374902,-0.031165573745965958,16301,context_512_hop_24:ergt43_pair_198130034_cf0,24,full,12011,42.07342529296875,0.9635895490646362,0.09458176791667938,512
context_512_hop_24,0.0005394233739934862,-0.020324571058154106,16301,context_512_hop_24:ergt43_pair_198130003_cf0,24,full,12011,36.65872573852539,0.9184784889221191,0.0780562311410904,512
context_512_hop_24,0.0007353666005656123,-0.018326381221413612,16301,context_512_hop_24:ergt43_pair_198130003_cf1,24,full,12011,41.78060531616211,0.9613316059112549,0.08674375712871552,512
context_512_hop_24,0.001951065962202847,-0.014210639521479607,16301,context_512_hop_24:ergt43_pair_198130028_cf1,24,full,12011,41.887168884277344,0.9622024893760681,0.11159004271030426,512
context_512_hop_24,0.0015845061279833317,-0.016672665253281593,16301,context_512_hop_24:ergt43_pair_198130028_cf0,24,full,12011,42.529083251953125,0.9669300317764282,0.11358663439750671,512
context_512_hop_24,0.00041078220237977803,-0.016956154257059097,16301,context_512_hop_24:ergt43_pair_198130001_cf1,24,full,12011,34.755043029785156,0.8858523964881897,0.080108143389225,512
context_512_hop_24,0.0004667631001211703,-0.02145984210073948,16301,context_512_hop_24:ergt43_pair_198130001_cf0,24,full,12011,42.15975570678711,0.9642243981361389,0.1003328487277031,512
context_512_hop_24,0.0006477912538684905,-0.024087410420179367,16301,context_512_hop_24:ergt43_pair_198130027_cf0,24,full,12011,31.026691436767578,0.8374054431915283,0.11193861067295074,512
context_512_hop_24,0.0006195391761139035,-0.01831725984811783,16301,context_512_hop_24:ergt43_pair_198130027_cf1,24,full,12011,30.98579978942871,0.8372476100921631,0.08425092697143555,512
context_512_hop_24,0.0010047913528978825,-0.028653064742684364,16301,context_512_hop_24:ergt43_pair_198130033_cf1,24,full,12011,31.36449432373047,0.7995671033859253,0.09704231470823288,512
context_512_hop_24,0.0009188830154016614,-0.022520873695611954,16301,context_512_hop_24:ergt43_pair_198130033_cf0,24,full,12011,34.24423599243164,0.8900934457778931,0.10023583471775055,512
context_512_hop_24,0.0008062311680987477,-0.02691015414893627,16301,context_512_hop_24:ergt43_pair_198130009_cf1,24,full,12011,42.112003326416016,0.9639792442321777,0.12909972667694092,512
context_512_hop_24,0.00038011171272955835,-0.026747042313218117,16301,context_512_hop_24:ergt43_pair_198130009_cf0,24,full,12011,35.412330627441406,0.8996912240982056,0.10005702823400497,512
context_512_hop_24,0.001226366264745593,-0.01666688174009323,16301,context_512_hop_24:ergt43_pair_198130036_cf1,24,full,12011,39.859222412109375,0.9451399445533752,0.09483908116817474,512
context_512_hop_24,0.001276509021408856,-0.015689268708229065,16301,context_512_hop_24:ergt43_pair_198130036_cf0,24,full,12011,32.03949737548828,0.851827085018158,0.07048492878675461,512
context_512_hop_24,0.0010875004809349775,-0.00695781409740448,16301,context_512_hop_24:ergt43_pair_198130035_cf0,24,full,12011,41.776397705078125,0.9613181948661804,0.08554687350988388,512
context_512_hop_24,0.001369811245240271,-0.008022363297641277,16301,context_512_hop_24:ergt43_pair_198130035_cf1,24,full,12011,41.47008514404297,0.958891749382019,0.08485037833452225,512
context_512_hop_24,0.000979387084953487,-0.029452009126544,16301,context_512_hop_24:ergt43_pair_198130000_cf1,24,full,12011,39.25223159790039,0.9396347999572754,0.10924496501684189,512
context_512_hop_24,0.0009772451594471931,-0.029343612492084503,16301,context_512_hop_24:ergt43_pair_198130000_cf0,24,full,12011,39.2439079284668,0.9396162629127502,0.10448972880840302,512
context_512_hop_24,0.001174989272840321,-0.015905063599348068,16301,context_512_hop_24:ergt43_pair_198130011_cf0,24,full,12011,34.324153900146484,0.8860262036323547,0.08820929378271103,512
context_512_hop_24,0.0011244110064581037,-0.013895008713006973,16301,context_512_hop_24:ergt43_pair_198130011_cf1,24,full,12011,41.62651443481445,0.9598889350891113,0.09593479335308075,512
context_512_hop_24,0.0011487911688163877,-0.02413664199411869,16301,context_512_hop_24:ergt43_pair_198130025_cf0,24,full,12011,34.7796516418457,0.894295871257782,0.07484030723571777,512
context_512_hop_24,0.0011099368566647172,-0.0223295409232378,16301,context_512_hop_24:ergt43_pair_198130025_cf1,24,full,12011,41.276466369628906,0.9572349786758423,0.09230110049247742,512
context_512_hop_24,0.0013809290248900652,-0.01579328253865242,16301,context_512_hop_24:ergt43_pair_198130037_cf0,24,full,12011,39.885135650634766,0.9454458355903625,0.0698256716132164,512
context_512_hop_24,0.0013620563549920917,-0.01554081030189991,16301,context_512_hop_24:ergt43_pair_198130037_cf1,24,full,12011,33.02632141113281,0.8718973398208618,0.0626167356967926,512
context_512_hop_24,0.0006866982439532876,-0.022572549059987068,16301,context_512_hop_24:ergt43_pair_198130013_cf1,24,full,12011,42.8800163269043,0.969406247138977,0.08866874873638153,512
context_512_hop_24,0.0013491963036358356,-0.01488546747714281,16301,context_512_hop_24:ergt43_pair_198130013_cf0,24,full,12011,36.672157287597656,0.9140856862068176,0.08048182725906372,512
context_512_hop_24,0.0005190946976654232,-0.03567161038517952,16301,context_512_hop_24:ergt43_pair_198130018_cf0,24,full,12011,41.549232482910156,0.9594760537147522,0.09452325850725174,512
context_512_hop_24,0.0006299114320427179,-0.03693264350295067,16301,context_512_hop_24:ergt43_pair_198130018_cf1,24,full,12011,35.00415802001953,0.8983945846557617,0.0822441503405571,512
context_768_hop_24,0.0020077780354768038,-0.0062581333331763744,16301,context_768_hop_24:ergt43_pair_200690023_cf0,24,full,12011,35.628578186035156,0.8908582329750061,0.13954351842403412,768
context_768_hop_24,0.0019123684614896774,-0.006482414435595274,16301,context_768_hop_24:ergt43_pair_200690023_cf1,24,full,12011,35.52470397949219,0.8899568319320679,0.13879573345184326,768
context_768_hop_24,0.0019820844754576683,-0.012530168518424034,16301,context_768_hop_24:ergt43_pair_200690019_cf1,24,full,12011,37.7668571472168,0.9226711988449097,0.1274556815624237,768
context_768_hop_24,0.0020113415084779263,-0.01272003073245287,16301,context_768_hop_24:ergt43_pair_200690019_cf0,24,full,12011,38.047630310058594,0.9261399507522583,0.12990038096904755,768
context_768_hop_24,0.0015239088097587228,-0.00925957690924406,16301,context_768_hop_24:ergt43_pair_200690001_cf1,24,full,12011,36.1002082824707,0.8995866179466248,0.10591697692871094,768
context_768_hop_24,0.0015895364340394735,-0.018505467101931572,16301,context_768_hop_24:ergt43_pair_200690001_cf0,24,full,12011,36.07980728149414,0.8996121287345886,0.09495396912097931,768
context_768_hop_24,0.002307530026882887,-0.013190101832151413,16301,context_768_hop_24:ergt43_pair_200690036_cf0,24,full,12011,37.71598434448242,0.9226229786872864,0.09591294080018997,768
context_768_hop_24,0.001953616738319397,-0.011794641613960266,16301,context_768_hop_24:ergt43_pair_200690036_cf1,24,full,12011,29.00966453552246,0.759231686592102,0.07397978007793427,768
context_768_hop_24,0.0028152598533779383,-0.023648275062441826,16301,context_768_hop_24:ergt43_pair_200690007_cf0,24,full,12011,34.948089599609375,0.8783002495765686,0.16534020006656647,768
context_768_hop_24,0.002416171133518219,-0.023059451952576637,16301,context_768_hop_24:ergt43_pair_200690007_cf1,24,full,12011,35.243404388427734,0.883826494216919,0.17384882271289825,768
context_768_hop_24,0.0012208212865516543,-0.007283774670213461,16301,context_768_hop_24:ergt43_pair_200690022_cf0,24,full,12011,38.522586822509766,0.9320778846740723,0.07267719507217407,768
context_768_hop_24,0.0010721884900704026,-0.006612411234527826,16301,context_768_hop_24:ergt43_pair_200690022_cf1,24,full,12011,38.87541961669922,0.9356783628463745,0.0735446959733963,768
context_768_hop_24,0.0015385394217446446,-0.014117428101599216,16301,context_768_hop_24:ergt43_pair_200690032_cf0,24,full,12011,29.890783309936523,0.768950343132019,0.07305828481912613,768
context_768_hop_24,0.001627759775146842,-0.014047594740986824,16301,context_768_hop_24:ergt43_pair_200690032_cf1,24,full,12011,38.95639419555664,0.9360443353652954,0.09932992607355118,768
context_768_hop_24,0.002262113383039832,-0.022169020026922226,16301,context_768_hop_24:ergt43_pair_200690013_cf1,24,full,12011,37.01988220214844,0.9141900539398193,0.054554328322410583,768
context_768_hop_24,0.002097073243930936,-0.016349835321307182,16301,context_768_hop_24:ergt43_pair_200690013_cf0,24,full,12011,37.0695915222168,0.9145362377166748,0.05729428306221962,768
context_768_hop_24,0.00173726468347013,-0.017445707693696022,16301,context_768_hop_24:ergt43_pair_200690025_cf1,24,full,12011,38.29547882080078,0.9297110438346863,0.05708524212241173,768
context_768_hop_24,0.0017686986830085516,-0.013886242173612118,16301,context_768_hop_24:ergt43_pair_200690025_cf0,24,full,12011,38.49896240234375,0.9319980144500732,0.06363371759653091,768
context_768_hop_24,0.0031951130367815495,-0.011573655530810356,16301,context_768_hop_24:ergt43_pair_200690015_cf0,24,full,12011,36.98740768432617,0.912555992603302,0.0962022989988327,768
context_768_hop_24,0.0027265383396297693,-0.010968497954308987,16301,context_768_hop_24:ergt43_pair_200690015_cf1,24,full,12011,28.44939613342285,0.7286695837974548,0.08401080965995789,768
context_768_hop_24,0.0019580621737986803,-0.00992149580270052,16301,context_768_hop_24:ergt43_pair_200690029_cf1,24,full,12011,36.24690246582031,0.9014536142349243,0.1581491380929947,768
context_768_hop_24,0.001974181504920125,-0.009639538824558258,16301,context_768_hop_24:ergt43_pair_200690029_cf0,24,full,12011,27.65445327758789,0.7172273397445679,0.11565035581588745,768
context_768_hop_24,0.0017205618787556887,-0.012587984092533588,16301,context_768_hop_24:ergt43_pair_200690005_cf0,24,full,12011,37.07774353027344,0.9135470986366272,0.12193940579891205,768
context_768_hop_24,0.0013169364538043737,-0.01374588068574667,16301,context_768_hop_24:ergt43_pair_200690005_cf1,24,full,12011,37.1556282043457,0.9143435955047607,0.12112056463956833,768
context_768_hop_24,0.0005267886444926262,-0.006211327388882637,16301,context_768_hop_24:ergt43_pair_200690003_cf0,24,full,12011,37.107513427734375,0.9143669009208679,0.12461010366678238,768
context_768_hop_24,0.0005981064750812948,-0.006069058086723089,16301,context_768_hop_24:ergt43_pair_200690003_cf1,24,full,12011,37.3888053894043,0.9181197285652161,0.11056628078222275,768
context_768_hop_24,0.0021241987124085426,-0.009331160224974155,16301,context_768_hop_24:ergt43_pair_200690033_cf0,24,full,12011,32.88210678100586,0.8222299814224243,0.10819088667631149,768
context_768_hop_24,0.002173634944483638,-0.008917723782360554,16301,context_768_hop_24:ergt43_pair_200690033_cf1,24,full,12011,33.28561019897461,0.8351874947547913,0.10314156115055084,768
context_768_hop_24,0.0014377529732882977,-0.015841567888855934,16301,context_768_hop_24:ergt43_pair_200690000_cf0,24,full,12011,37.43821334838867,0.9188495874404907,0.14627423882484436,768
context_768_hop_24,0.001684176386334002,-0.016108976677060127,16301,context_768_hop_24:ergt43_pair_200690000_cf1,24,full,12011,37.1740837097168,0.914979100227356,0.1531817466020584,768
context_768_hop_24,0.0013410892570391297,-0.006169173400849104,16301,context_768_hop_24:ergt43_pair_200690030_cf0,24,full,12011,35.23002243041992,0.8832685947418213,0.12342903763055801,768
context_768_hop_24,0.001040866831317544,-0.006048472598195076,16301,context_768_hop_24:ergt43_pair_200690030_cf1,24,full,12011,35.268062591552734,0.8837387561798096,0.12557990849018097,768
context_768_hop_24,0.0020446409471333027,-0.016406254842877388,16301,context_768_hop_24:ergt43_pair_200690018_cf1,24,full,12011,37.43557357788086,0.918411910533905,0.10336481779813766,768
context_768_hop_24,0.002641863189637661,-0.017943423241376877,16301,context_768_hop_24:ergt43_pair_200690018_cf0,24,full,12011,37.34754180908203,0.9176445603370667,0.09650077670812607,768
context_768_hop_24,0.002746839076280594,-0.014968297444283962,16301,context_768_hop_24:ergt43_pair_200690002_cf1,24,full,12011,35.64752197265625,0.8908277153968811,0.18817643821239471,768
context_768_hop_24,0.0028846096247434616,-0.015627529472112656,16301,context_768_hop_24:ergt43_pair_200690002_cf0,24,full,12011,35.575870513916016,0.8903962969779968,0.1567322015762329,768
context_768_hop_24,0.001955307088792324,-0.0077093117870390415,16301,context_768_hop_24:ergt43_pair_200690026_cf1,24,full,12011,37.68146896362305,0.9216834902763367,0.09674578160047531,768
context_768_hop_24,0.0020029714796692133,-0.009019133634865284,16301,context_768_hop_24:ergt43_pair_200690026_cf0,24,full,12011,37.70186233520508,0.9219204783439636,0.09258979558944702,768
context_768_hop_24,0.0019156845519319177,-0.010771430097520351,16301,context_768_hop_24:ergt43_pair_200690037_cf1,24,full,12011,36.43503189086914,0.9044080376625061,0.10783972591161728,768
context_768_hop_24,0.0020765115041285753,-0.009873497299849987,16301,context_768_hop_24:ergt43_pair_200690037_cf0,24,full,12011,36.41352844238281,0.9042906165122986,0.1045883521437645,768
unsupported_hop_4,0.0020548494067043066,-0.0541488379240036,16301,unsupported_hop_4:ergt43_pair_203050016_cf1,4,full,12011,4.745053291320801,0.6053164005279541,0.42494603991508484,95
unsupported_hop_4,0.00039461153210140765,-0.06667450815439224,16301,unsupported_hop_4:ergt43_pair_203050016_cf0,4,full,12011,4.74655294418335,0.6054319739341736,0.42591795325279236,95
unsupported_hop_4,9.615106682758778e-05,-0.061857327818870544,16301,unsupported_hop_4:ergt43_pair_203050009_cf0,4,full,12011,4.236209869384766,0.5722180008888245,0.34577199816703796,95
unsupported_hop_4,0.0007452283171005547,-0.0870119109749794,16301,unsupported_hop_4:ergt43_pair_203050009_cf1,4,full,12011,4.0472259521484375,0.5317387580871582,0.3458859920501709,95
unsupported_hop_4,7.06515129422769e-05,-0.022894496098160744,16301,unsupported_hop_4:ergt43_pair_203050007_cf0,4,full,12011,4.5400919914245605,0.5886874794960022,0.3525488078594208,95
unsupported_hop_4,6.624716479564086e-05,-0.02459770441055298,16301,unsupported_hop_4:ergt43_pair_203050007_cf1,4,full,12011,4.539594650268555,0.5886449217796326,0.35254353284835815,95
unsupported_hop_4,5.78281978960149e-05,-0.05923707038164139,16301,unsupported_hop_4:ergt43_pair_203050025_cf1,4,full,12011,5.037128448486328,0.6673733592033386,0.3947310149669647,95
unsupported_hop_4,5.78281978960149e-05,-0.05923707038164139,16301,unsupported_hop_4:ergt43_pair_203050025_cf0,4,full,12011,5.037128448486328,0.6673733592033386,0.3947310149669647,95
unsupported_hop_4,3.026481681445148e-05,-0.06353689730167389,16301,unsupported_hop_4:ergt43_pair_203050010_cf1,4,full,12011,5.593033790588379,0.8195121884346008,0.2828231453895569,95
unsupported_hop_4,4.069494752911851e-05,-0.08633536100387573,16301,unsupported_hop_4:ergt43_pair_203050010_cf0,4,full,12011,5.593053340911865,0.8195178508758545,0.2828233540058136,95
unsupported_hop_4,0.00011942724813707173,-0.04574418067932129,16301,unsupported_hop_4:ergt43_pair_203050015_cf0,4,full,12011,5.857496738433838,0.8296318650245667,0.43576353788375854,95
unsupported_hop_4,0.00011647881183307618,-0.0458165779709816,16301,unsupported_hop_4:ergt43_pair_203050015_cf1,4,full,12011,5.8574724197387695,0.8296300768852234,0.43574440479278564,95
unsupported_hop_4,1.287567829422187e-05,-0.08410994708538055,16301,unsupported_hop_4:ergt43_pair_203050006_cf1,4,full,12011,6.50004768371582,0.8987663984298706,0.563452422618866,95
unsupported_hop_4,0.00010396404104540125,-0.04006640613079071,16301,unsupported_hop_4:ergt43_pair_203050006_cf0,4,full,12011,6.498838901519775,0.898669958114624,0.5625768899917603,95
unsupported_hop_4,7.245132292155176e-05,-0.0413191057741642,16301,unsupported_hop_4:ergt43_pair_203050017_cf1,4,full,12011,4.895053863525391,0.616479754447937,0.6361680626869202,95
unsupported_hop_4,7.184915011748672e-05,-0.04077542573213577,16301,unsupported_hop_4:ergt43_pair_203050017_cf0,4,full,12011,4.895049571990967,0.6164793968200684,0.6361578702926636,95
unsupported_hop_4,1.1706478289852384e-05,-0.03826555237174034,16301,unsupported_hop_4:ergt43_pair_203050012_cf1,4,full,12011,3.616375207901001,0.50993812084198,0.223788782954216,95
unsupported_hop_4,1.1886875654454343e-05,-0.03833620995283127,16301,unsupported_hop_4:ergt43_pair_203050012_cf0,4,full,12011,3.6163933277130127,0.5099398493766785,0.22374378144741058,95
unsupported_hop_4,0.000321493687806651,-0.08814051747322083,16301,unsupported_hop_4:ergt43_pair_203050021_cf1,4,full,12011,5.617347717285156,0.8146117925643921,0.47924643754959106,95
unsupported_hop_4,0.0001068515848601237,-0.054017212241888046,16301,unsupported_hop_4:ergt43_pair_203050021_cf0,4,full,12011,5.819024562835693,0.8381481170654297,0.47946327924728394,95
unsupported_hop_4,0.0001320439187111333,-0.04797028750181198,16301,unsupported_hop_4:ergt43_pair_203050001_cf0,4,full,12011,3.483438730239868,0.4945417642593384,0.20975127816200256,95
unsupported_hop_4,0.00018476441618986428,-0.059813082218170166,16301,unsupported_hop_4:ergt43_pair_203050001_cf1,4,full,12011,3.4834442138671875,0.49454185366630554,0.20973213016986847,95
unsupported_hop_4,0.0010938904015347362,-0.016998006030917168,16301,unsupported_hop_4:ergt43_pair_203050019_cf0,4,full,12011,5.2475481033325195,0.7224818468093872,0.6799259185791016,95
unsupported_hop_4,0.0010751003865152597,-0.01721459999680519,16301,unsupported_hop_4:ergt43_pair_203050019_cf1,4,full,12011,5.247547149658203,0.7224817872047424,0.679944634437561,95
unsupported_hop_4,0.00012129432434448972,-0.04505392163991928,16301,unsupported_hop_4:ergt43_pair_203050005_cf0,4,full,12011,4.104371070861816,0.6182711124420166,0.2577137053012848,95
unsupported_hop_4,0.00012348250311333686,-0.0677262544631958,16301,unsupported_hop_4:ergt43_pair_203050005_cf1,4,full,12011,4.1043782234191895,0.6182720065116882,0.25774070620536804,95
unsupported_hop_4,0.0008916843216866255,-0.08670075237751007,16301,unsupported_hop_4:ergt43_pair_203050013_cf1,4,full,12011,5.313195705413818,0.6886491775512695,0.6143400073051453,95
unsupported_hop_4,5.080419214209542e-05,-0.010287218727171421,16301,unsupported_hop_4:ergt43_pair_203050013_cf0,4,full,12011,5.331164360046387,0.689940869808197,0.6875888705253601,95
unsupported_hop_16,0.0011320479679852724,-0.025753676891326904,16301,unsupported_hop_16:ergt43_pair_203170022_cf1,16,full,12011,26.041318893432617,0.9307489991188049,0.21291205286979675,335
unsupported_hop_16,0.0011363555677235126,-0.025770315900444984,16301,unsupported_hop_16:ergt43_pair_203170022_cf0,16,full,12011,26.041316986083984,0.9307489395141602,0.21290633082389832,335
unsupported_hop_16,0.00012744945706799626,-0.013131861574947834,16301,unsupported_hop_16:ergt43_pair_203170005_cf1,16,full,12011,26.742273330688477,0.9418272972106934,0.24912382662296295,335
unsupported_hop_16,0.0001253839145647362,-0.013149559497833252,16301,unsupported_hop_16:ergt43_pair_203170005_cf0,16,full,12011,26.74323844909668,0.9418367147445679,0.24890297651290894,335
unsupported_hop_16,0.0009627736289985478,-0.0187216829508543,16301,unsupported_hop_16:ergt43_pair_203170015_cf1,16,full,12011,20.084484100341797,0.7028651833534241,0.185073584318161,335
unsupported_hop_16,0.0009630888816900551,-0.01872379705309868,16301,unsupported_hop_16:ergt43_pair_203170015_cf0,16,full,12011,20.084468841552734,0.7028650641441345,0.18505169451236725,335
unsupported_hop_16,0.0010320818983018398,-0.017487911507487297,16301,unsupported_hop_16:ergt43_pair_203170010_cf0,16,full,12011,26.221464157104492,0.9338904023170471,0.1987636834383011,335
unsupported_hop_16,0.0010424746433272958,-0.017440233379602432,16301,unsupported_hop_16:ergt43_pair_203170010_cf1,16,full,12011,26.222137451171875,0.9338969588279724,0.19870558381080627,335
unsupported_hop_16,0.001043380587361753,-0.02143814042210579,16301,unsupported_hop_16:ergt43_pair_203170025_cf1,16,full,12011,25.761917114257812,0.9258505702018738,0.23135578632354736,335
unsupported_hop_16,0.0010435909498482943,-0.021436087787151337,16301,unsupported_hop_16:ergt43_pair_203170025_cf0,16,full,12011,25.76178741455078,0.9258493781089783,0.23084793984889984,335
unsupported_hop_16,0.000929248402826488,-0.009609791450202465,16301,unsupported_hop_16:ergt43_pair_203170006_cf1,16,full,12011,27.188465118408203,0.9484357833862305,0.22295932471752167,335
unsupported_hop_16,0.0009294757037423551,-0.020902365446090698,16301,unsupported_hop_16:ergt43_pair_203170006_cf0,16,full,12011,27.210607528686523,0.9487020373344421,0.2283913493156433,335
unsupported_hop_16,0.000844655092805624,-0.01589445024728775,16301,unsupported_hop_16:ergt43_pair_203170017_cf1,16,full,12011,26.06156349182129,0.9309017062187195,0.22559326887130737,335
unsupported_hop_16,0.0008445832063443959,-0.015896150842308998,16301,unsupported_hop_16:ergt43_pair_203170017_cf0,16,full,12011,26.0610408782959,0.9308968186378479,0.2242155820131302,335
unsupported_hop_16,0.00041495051118545234,-0.01791698858141899,16301,unsupported_hop_16:ergt43_pair_203170026_cf0,16,full,12011,25.295425415039062,0.9178599715232849,0.16734859347343445,335
unsupported_hop_16,0.0004138672084081918,-0.01791355572640896,16301,unsupported_hop_16:ergt43_pair_203170026_cf1,16,full,12011,25.295427322387695,0.9178599715232849,0.16734972596168518,335
unsupported_hop_16,0.000612051400821656,-0.024499883875250816,16301,unsupported_hop_16:ergt43_pair_203170024_cf1,16,full,12011,26.562353134155273,0.9391653537750244,0.1903519332408905,335
unsupported_hop_16,0.000611458090133965,-0.024508178234100342,16301,unsupported_hop_16:ergt43_pair_203170024_cf0,16,full,12011,26.562339782714844,0.9391652941703796,0.19029879570007324,335
unsupported_hop_16,0.0008195906411856413,-0.01958169788122177,16301,unsupported_hop_16:ergt43_pair_203170004_cf1,16,full,12011,25.418304443359375,0.9197461009025574,0.20554697513580322,335
unsupported_hop_16,0.0008195961127057672,-0.019581642001867294,16301,unsupported_hop_16:ergt43_pair_203170004_cf0,16,full,12011,25.418304443359375,0.9197461009025574,0.20554696023464203,335
unsupported_hop_16,0.0006161055061966181,-0.012371850199997425,16301,unsupported_hop_16:ergt43_pair_203170012_cf0,16,full,12011,26.953693389892578,0.944923996925354,0.2189469337463379,335
unsupported_hop_16,0.0006190884741954505,-0.012371795251965523,16301,unsupported_hop_16:ergt43_pair_203170012_cf1,16,full,12011,26.95306396484375,0.9449180960655212,0.21810957789421082,335
unsupported_hop_16,0.0004276397521607578,-0.006161029916256666,16301,unsupported_hop_16:ergt43_pair_203170008_cf0,16,full,12011,25.673877716064453,0.9243539571762085,0.20333626866340637,335
unsupported_hop_16,0.00042197699076496065,-0.006184754893183708,16301,unsupported_hop_16:ergt43_pair_203170008_cf1,16,full,12011,25.673856735229492,0.9243537187576294,0.20331214368343353,335
unsupported_hop_16,0.0005969834746792912,-0.022924290969967842,16301,unsupported_hop_16:ergt43_pair_203170019_cf1,16,full,12011,28.999120712280273,0.9707659482955933,0.2691247761249542,335
unsupported_hop_16,0.0005951626226305962,-0.022788360714912415,16301,unsupported_hop_16:ergt43_pair_203170019_cf0,16,full,12011,28.999835968017578,0.9707726836204529,0.2700904607772827,335
unsupported_hop_16,0.0009086638456210494,-0.020503662526607513,16301,unsupported_hop_16:ergt43_pair_203170020_cf0,16,full,12011,27.173669815063477,0.9481977224349976,0.23565663397312164,335
unsupported_hop_16,0.0009770171018317342,-0.02038056217133999,16301,unsupported_hop_16:ergt43_pair_203170020_cf1,16,full,12011,27.174890518188477,0.9482082724571228,0.23738925158977509,335
unsupported_hop_32,0.0013059682678431273,-0.022740626707673073,16301,unsupported_hop_32:ergt43_pair_203330005_cf1,32,full,12011,58.18174362182617,0.9761545062065125,0.021165478974580765,655
unsupported_hop_32,0.0013101805234327912,-0.022714203223586082,16301,unsupported_hop_32:ergt43_pair_203330005_cf0,32,full,12011,58.182743072509766,0.9761577248573303,0.02243075519800186,655
unsupported_hop_32,0.0011298941681161523,-0.029814468696713448,16301,unsupported_hop_32:ergt43_pair_203330016_cf0,32,full,12011,57.70730972290039,0.9739238023757935,0.06441612541675568,655
unsupported_hop_32,0.0011423040414229035,-0.02978562004864216,16301,unsupported_hop_32:ergt43_pair_203330016_cf1,32,full,12011,57.710960388183594,0.9739378690719604,0.0651218593120575,655
unsupported_hop_32,0.0009402980213053524,-0.030178427696228027,16301,unsupported_hop_32:ergt43_pair_203330009_cf1,32,full,12011,58.5703010559082,0.9780378937721252,0.03421477600932121,655
unsupported_hop_32,0.000939690216910094,-0.025448182597756386,16301,unsupported_hop_32:ergt43_pair_203330009_cf0,32,full,12011,58.58171463012695,0.9780846834182739,0.0361851304769516,655
unsupported_hop_32,0.0007005897932685912,-0.016882529482245445,16301,unsupported_hop_32:ergt43_pair_203330011_cf0,32,full,12011,56.54766845703125,0.9681867361068726,0.017026331275701523,655
unsupported_hop_32,0.0007005765219219029,-0.016882646828889847,16301,unsupported_hop_32:ergt43_pair_203330011_cf1,32,full,12011,56.547672271728516,0.9681867957115173,0.01702645607292652,655
unsupported_hop_32,0.0013471812708303332,-0.023279717192053795,16301,unsupported_hop_32:ergt43_pair_203330017_cf0,32,full,12011,54.69126892089844,0.9577146768569946,0.08731020241975784,655
unsupported_hop_32,0.0013467917451635003,-0.023287558928132057,16301,unsupported_hop_32:ergt43_pair_203330017_cf1,32,full,12011,54.69123077392578,0.9577144384384155,0.08731087297201157,655
unsupported_hop_32,0.0013488606782630086,-0.03458024933934212,16301,unsupported_hop_32:ergt43_pair_203330020_cf1,32,full,12011,56.36976623535156,0.9673169255256653,0.030087677761912346,655
unsupported_hop_32,0.0011716147419065237,-0.033123988658189774,16301,unsupported_hop_32:ergt43_pair_203330020_cf0,32,full,12011,56.36582565307617,0.9673037528991699,0.029420411214232445,655
unsupported_hop_32,0.0007711286889389157,-0.02146252989768982,16301,unsupported_hop_32:ergt43_pair_203330006_cf1,32,full,12011,58.570064544677734,0.9780257344245911,0.026116685941815376,655
unsupported_hop_32,0.0007642980199307203,-0.021528180688619614,16301,unsupported_hop_32:ergt43_pair_203330006_cf0,32,full,12011,58.571998596191406,0.9780323505401611,0.026937643066048622,655
unsupported_hop_32,0.0010834942804649472,-0.026604657992720604,16301,unsupported_hop_32:ergt43_pair_203330014_cf0,32,full,12011,58.74903869628906,0.9788962602615356,0.023687435314059258,655
unsupported_hop_32,0.0010023206705227494,-0.027343319728970528,16301,unsupported_hop_32:ergt43_pair_203330014_cf1,32,full,12011,58.74347686767578,0.9788767099380493,0.02034486085176468,655
unsupported_hop_32,0.0017236112616956234,-0.030889898538589478,16301,unsupported_hop_32:ergt43_pair_203330001_cf1,32,full,12011,58.94361114501953,0.9797555208206177,0.004966587293893099,655
unsupported_hop_32,0.001725382055155933,-0.030889160931110382,16301,unsupported_hop_32:ergt43_pair_203330001_cf0,32,full,12011,58.94200897216797,0.9797492027282715,0.004966706037521362,655
unsupported_hop_32,0.0015250274445861578,-0.032323382794857025,16301,unsupported_hop_32:ergt43_pair_203330008_cf0,32,full,12011,58.893497467041016,0.9794678688049316,0.06495203822851181,655
unsupported_hop_32,0.0015387635212391615,-0.03232389688491821,16301,unsupported_hop_32:ergt43_pair_203330008_cf1,32,full,12011,58.893253326416016,0.9794667363166809,0.06494917720556259,655
unsupported_hop_32,0.00105382374022156,-0.03333901986479759,16301,unsupported_hop_32:ergt43_pair_203330027_cf1,32,full,12011,58.22036361694336,0.9764358997344971,0.06418275833129883,655
unsupported_hop_32,0.0010302005102857947,-0.027816763147711754,16301,unsupported_hop_32:ergt43_pair_203330027_cf0,32,full,12011,57.910423278808594,0.9749782681465149,0.06402889639139175,655
unsupported_hop_32,0.0007298938580788672,-0.014672032557427883,16301,unsupported_hop_32:ergt43_pair_203330012_cf0,32,full,12011,55.577537536621094,0.9629172682762146,0.020930642262101173,655
unsupported_hop_32,0.0007297203410416842,-0.014671229757368565,16301,unsupported_hop_32:ergt43_pair_203330012_cf1,32,full,12011,55.577537536621094,0.9629172682762146,0.02093072608113289,655
unsupported_hop_32,0.0008521984564140439,-0.03006296418607235,16301,unsupported_hop_32:ergt43_pair_203330002_cf0,32,full,12011,58.53021240234375,0.977889358997345,0.019358554854989052,655
unsupported_hop_32,0.0008552794461138546,-0.03002890571951866,16301,unsupported_hop_32:ergt43_pair_203330002_cf1,32,full,12011,58.5294189453125,0.9778863191604614,0.019345318898558617,655
unsupported_hop_32,0.0003792774514295161,-0.02171958237886429,16301,unsupported_hop_32:ergt43_pair_203330004_cf1,32,full,12011,56.83041763305664,0.9696882963180542,0.01041578222066164,655
unsupported_hop_32,0.0003792689531110227,-0.021719614043831825,16301,unsupported_hop_32:ergt43_pair_203330004_cf0,32,full,12011,56.83041763305664,0.9696882963180542,0.010415792465209961,655
