cohort,correct,counterfactual_variant,data_seed,example_id,failure_code,hops,intervention,label,model,optimization_seed,pair_id,prediction,raw_input_sha256,scenario,selected_action,tokens,unsupported
train_id,True,1,16301,train_hop_1_finite_speed_cone:ergt43_pair_273170000_cf1,0,1,full,0,native_ergt,12011,train_hop_1_finite_speed_cone:ergt43_pair_273170000,0,217625890ac4b0301f6095d87c2dcafbbc8252abae0dcdf412fce398e495200f,finite_speed_cone,1.0,51,False
train_id,True,1,16301,train_hop_1_memory_source_condition:ergt43_pair_313530019_cf1,0,1,full,0,native_ergt,12011,train_hop_1_memory_source_condition:ergt43_pair_313530019,0,1c62d6052460425c6975ddd299fa6d0cd574720c5fcff30f4ac28abfb4369689,memory_source_condition,1.0,51,False
train_id,True,1,16301,train_hop_1_boundary_deficit:ergt43_pair_283260010_cf1,0,1,full,0,native_ergt,12011,train_hop_1_boundary_deficit:ergt43_pair_283260010,0,f208962c8a2ee566a0ee98f3eebc7019ff110791bebef0721dd84a44c4eb48ad,boundary_deficit,1.0,51,False
train_id,True,0,16301,train_hop_1_memory_source_condition:ergt43_pair_313530010_cf0,0,1,full,1,native_ergt,12011,train_hop_1_memory_source_condition:ergt43_pair_313530010,1,ab164e7a1e638f8811b9aa45ca585f6df858df652faefca2ea88b2772e2cc5a3,memory_source_condition,1.0,51,False
train_id,True,1,16301,train_hop_1_payload_transport:ergt43_pair_293350023_cf1,0,1,full,0,native_ergt,12011,train_hop_1_payload_transport:ergt43_pair_293350023,0,7854a042c7aae390f8f4aa57638dc9f7aed09be251e27f1b5be107bd0de40234,payload_transport,1.0,51,False
train_id,True,1,16301,train_hop_1_payload_transport:ergt43_pair_293350021_cf1,0,1,full,0,native_ergt,12011,train_hop_1_payload_transport:ergt43_pair_293350021,0,873551b7e485dde89bb46e998ef490796fd2febf5242da38a0d4bcbc74c0c95d,payload_transport,1.0,51,False
train_id,True,1,16301,train_hop_1_terminal_mass:ergt43_pair_303440008_cf1,0,1,full,0,native_ergt,12011,train_hop_1_terminal_mass:ergt43_pair_303440008,0,4541ddb9eb4beb4bbceff196156d93536d3e3aa89592904d27311b9cce89e80f,terminal_mass,1.0,51,False
train_id,True,0,16301,train_hop_1_combined_long_horizon:ergt43_pair_323620017_cf0,0,1,full,1,native_ergt,12011,train_hop_1_combined_long_horizon:ergt43_pair_323620017,1,c63cfc051af3fbed575ade35f13a84d988e721c7e1397ef0ce9f2ce97b877358,combined_long_horizon,1.0,51,False
train_id,True,0,16301,train_hop_1_payload_transport:ergt43_pair_293350023_cf0,0,1,full,1,native_ergt,12011,train_hop_1_payload_transport:ergt43_pair_293350023,1,30b32c4ca750b0e82cb23bdc1a8c48d70d796b4dbe95d2daee785d22ddbf5d68,payload_transport,1.0,51,False
train_id,True,0,16301,train_hop_1_payload_transport:ergt43_pair_293350019_cf0,0,1,full,1,native_ergt,12011,train_hop_1_payload_transport:ergt43_pair_293350019,1,1378192ef33b82fe717a5e2ae2a8eb06ed023037c97911b08577a04c007a9796,payload_transport,1.0,51,False
train_id,True,1,16301,train_hop_1_finite_speed_cone:ergt43_pair_273170003_cf1,0,1,full,0,native_ergt,12011,train_hop_1_finite_speed_cone:ergt43_pair_273170003,0,082470d6baffc2d398ed90d7c19f9203de6cbc5e85e1134f31510bd604446896,finite_speed_cone,1.0,51,False
train_id,True,1,16301,train_hop_1_boundary_deficit:ergt43_pair_283260008_cf1,0,1,full,0,native_ergt,12011,train_hop_1_boundary_deficit:ergt43_pair_283260008,0,b00f9439451eae140d3c61ae089d684a27a2f79b3ac19040ccea397cdf7919ab,boundary_deficit,1.0,51,False
train_id,True,0,16301,train_hop_1_memory_source_condition:ergt43_pair_313530000_cf0,0,1,full,1,native_ergt,12011,train_hop_1_memory_source_condition:ergt43_pair_313530000,1,4ce4caf9b4772570fb7fbfef2c311ddea144cc4619c980580f08656575134e2e,memory_source_condition,1.0,51,False
train_id,True,0,16301,train_hop_1_terminal_mass:ergt43_pair_303440021_cf0,0,1,full,1,native_ergt,12011,train_hop_1_terminal_mass:ergt43_pair_303440021,1,b733d7891946ae08a2f7d6ccaca612a5efb024de22aed3eabbac0fd930dd9fb3,terminal_mass,1.0,51,False
train_id,True,0,16301,train_hop_1_combined_long_horizon:ergt43_pair_323620018_cf0,0,1,full,1,native_ergt,12011,train_hop_1_combined_long_horizon:ergt43_pair_323620018,1,a2155568d05a517f9de92e4fcc8a8be91e9fec9050cde401bcc6ba68a9b32e00,combined_long_horizon,1.0,51,False
train_id,True,0,16301,train_hop_1_payload_transport:ergt43_pair_293350021_cf0,0,1,full,1,native_ergt,12011,train_hop_1_payload_transport:ergt43_pair_293350021,1,6ba9374316074e76bfef2455b462b7d57419ed243ed8d74e66c78d40cb60de35,payload_transport,1.0,51,False
train_id,True,0,16301,train_hop_1_boundary_deficit:ergt43_pair_283260017_cf0,0,1,full,1,native_ergt,12011,train_hop_1_boundary_deficit:ergt43_pair_283260017,1,7d22db65be51d3806afe98b150bfb4b03077ce8691b50e57432a0de6876a2cd6,boundary_deficit,1.0,51,False
train_id,True,0,16301,train_hop_1_finite_speed_cone:ergt43_pair_273170000_cf0,0,1,full,1,native_ergt,12011,train_hop_1_finite_speed_cone:ergt43_pair_273170000,1,29f47f0c50e25f1c6164ed51ffc7c1b89befd02cd476a5341801f850c8267fc7,finite_speed_cone,1.0,51,False
train_id,True,1,16301,train_hop_1_payload_transport:ergt43_pair_293350019_cf1,0,1,full,0,native_ergt,12011,train_hop_1_payload_transport:ergt43_pair_293350019,0,984eb83fbdd69e6a85a3c4e13e1a77ff55bbb8e091b4b71ebc4e27d3ca2437a7,payload_transport,1.0,51,False
train_id,True,1,16301,train_hop_1_combined_long_horizon:ergt43_pair_323620018_cf1,0,1,full,0,native_ergt,12011,train_hop_1_combined_long_horizon:ergt43_pair_323620018,0,7ea0eca697eb5776b8827c1aa9e973556841ab3fe9155723a1d994a8c327c545,combined_long_horizon,1.0,51,False
train_id,True,0,16301,train_hop_1_boundary_deficit:ergt43_pair_283260023_cf0,0,1,full,1,native_ergt,12011,train_hop_1_boundary_deficit:ergt43_pair_283260023,1,93162ee2b8deed6e669c92a60e4129d670eeb5d1dd92e78d33fbf9f91ed41bb7,boundary_deficit,1.0,51,False
train_id,True,1,16301,train_hop_1_geodesic_action:ergt43_pair_263080014_cf1,0,1,full,0,native_ergt,12011,train_hop_1_geodesic_action:ergt43_pair_263080014,0,8a6bf991716430409cccbd2fc5d0b52fc1fa509cd9474b464e05d67606842744,geodesic_action,1.0,51,False
train_id,True,1,16301,train_hop_1_finite_speed_cone:ergt43_pair_273170007_cf1,0,1,full,0,native_ergt,12011,train_hop_1_finite_speed_cone:ergt43_pair_273170007,0,9e21b43be82f2ad43349124197200bd11099a1d1c443a048a76986edef023dd7,finite_speed_cone,1.0,51,False
train_id,True,0,16301,train_hop_1_combined_long_horizon:ergt43_pair_323620014_cf0,0,1,full,1,native_ergt,12011,train_hop_1_combined_long_horizon:ergt43_pair_323620014,1,811feefca7de86616fbee0c5e5c9abbc5f95e24c14e96601acce913acef28c96,combined_long_horizon,1.0,51,False
train_id,True,0,16301,train_hop_1_finite_speed_cone:ergt43_pair_273170003_cf0,0,1,full,1,native_ergt,12011,train_hop_1_finite_speed_cone:ergt43_pair_273170003,1,4dadb72ba5f9f736c9ff647e61d4d08bfb770ffaa40b8d2094937b596f5cb778,finite_speed_cone,1.0,51,False
train_id,True,0,16301,train_hop_1_finite_speed_cone:ergt43_pair_273170011_cf0,0,1,full,1,native_ergt,12011,train_hop_1_finite_speed_cone:ergt43_pair_273170011,1,c408eee085aea9784f3ef40d8c26e78ec775ebcab003750be7c8895c46d284f7,finite_speed_cone,1.0,51,False
train_id,True,1,16301,train_hop_1_terminal_mass:ergt43_pair_303440002_cf1,0,1,full,0,native_ergt,12011,train_hop_1_terminal_mass:ergt43_pair_303440002,0,b2160fcce51e59675049b5a447ba83e0a6f4822a7d759caea44d05bdf26d39a5,terminal_mass,1.0,51,False
train_id,True,0,16301,train_hop_1_finite_speed_cone:ergt43_pair_273170007_cf0,0,1,full,1,native_ergt,12011,train_hop_1_finite_speed_cone:ergt43_pair_273170007,1,5e2e722745ad2d0dad9e15bf54efa5460edca36299300f6f5816c7ebb9456d5a,finite_speed_cone,1.0,51,False
train_id,True,1,16301,train_hop_1_geodesic_action:ergt43_pair_263080022_cf1,0,1,full,0,native_ergt,12011,train_hop_1_geodesic_action:ergt43_pair_263080022,0,a6cdf02d00f13bfaa3a3e4c79c2ceef296000bd54127aa7ac4f1cd690f7f47e2,geodesic_action,1.0,51,False
train_id,True,0,16301,train_hop_1_memory_source_condition:ergt43_pair_313530019_cf0,0,1,full,1,native_ergt,12011,train_hop_1_memory_source_condition:ergt43_pair_313530019,1,5f7f70181b284c6b6081eccb389adbbb8c6a61f906685b02358556f2a69589c2,memory_source_condition,1.0,51,False
train_id,True,1,16301,train_hop_1_combined_long_horizon:ergt43_pair_323620003_cf1,0,1,full,0,native_ergt,12011,train_hop_1_combined_long_horizon:ergt43_pair_323620003,0,8f087570c6e9e44aa6e85a130cb54e69c19bd43b1be3e147cdc2de4db196fb9b,combined_long_horizon,1.0,51,False
train_id,True,0,16301,train_hop_1_geodesic_action:ergt43_pair_263080012_cf0,0,1,full,1,native_ergt,12011,train_hop_1_geodesic_action:ergt43_pair_263080012,1,4954eada0ea27609fd054a1f05ed109251259f2183f163aeac30faa247db9c85,geodesic_action,1.0,51,False
train_id,True,1,16301,train_hop_1_geodesic_action:ergt43_pair_263080003_cf1,0,1,full,0,native_ergt,12011,train_hop_1_geodesic_action:ergt43_pair_263080003,0,2bf8aba5b52c84f9e14e0ad7fb8f796084c24409f065873655bcd77ce2d56c4e,geodesic_action,1.0,51,False
train_id,True,1,16301,train_hop_1_payload_transport:ergt43_pair_293350015_cf1,0,1,full,0,native_ergt,12011,train_hop_1_payload_transport:ergt43_pair_293350015,0,be1065c6cfa278ca9d02b578f6984c54cd45775c828153383916e2c8702c034f,payload_transport,1.0,51,False
train_id,True,0,16301,train_hop_1_payload_transport:ergt43_pair_293350015_cf0,0,1,full,1,native_ergt,12011,train_hop_1_payload_transport:ergt43_pair_293350015,1,d9ed0389e743d901beb5670e1c7e1c362fcb1daa0ad8f6591dd0554610c34bab,payload_transport,1.0,51,False
train_id,True,0,16301,train_hop_1_memory_source_condition:ergt43_pair_313530011_cf0,0,1,full,1,native_ergt,12011,train_hop_1_memory_source_condition:ergt43_pair_313530011,1,fb2e5bb9b500adeb29ca8dcaf9a65232d8439c9fa3a5708bac18590fdb1af891,memory_source_condition,1.0,51,False
train_id,True,0,16301,train_hop_1_boundary_deficit:ergt43_pair_283260008_cf0,0,1,full,1,native_ergt,12011,train_hop_1_boundary_deficit:ergt43_pair_283260008,1,9e5aaefc20c5f110433cd27aa22cb73c8b2672c5fe286650d388cf79cfc1b0f2,boundary_deficit,1.0,51,False
train_id,True,0,16301,train_hop_1_geodesic_action:ergt43_pair_263080022_cf0,0,1,full,1,native_ergt,12011,train_hop_1_geodesic_action:ergt43_pair_263080022,1,c09a2bcf4a91c9d2961885d8efd2ccc816e6146bb23ab15a1479e2e2b0c2a68d,geodesic_action,1.0,51,False
train_id,True,0,16301,train_hop_1_boundary_deficit:ergt43_pair_283260010_cf0,0,1,full,1,native_ergt,12011,train_hop_1_boundary_deficit:ergt43_pair_283260010,1,ced10716c4fa5e147ee26fba5f9e27aabd23c0a6e92809f934faeaee0d47e00c,boundary_deficit,1.0,51,False
train_id,True,0,16301,train_hop_1_geodesic_action:ergt43_pair_263080014_cf0,0,1,full,1,native_ergt,12011,train_hop_1_geodesic_action:ergt43_pair_263080014,1,6c9e3f1e7988370fae53068b54b49d229d3cc1f970de9ce58d1c93cb602f627a,geodesic_action,1.0,51,False
train_id,True,0,16301,train_hop_1_terminal_mass:ergt43_pair_303440011_cf0,0,1,full,1,native_ergt,12011,train_hop_1_terminal_mass:ergt43_pair_303440011,1,8ca2ade36be32d0120e99f03684be898f87f96607b2f9491342c394bb565d71e,terminal_mass,1.0,51,False
train_id,True,0,16301,train_hop_1_combined_long_horizon:ergt43_pair_323620003_cf0,0,1,full,1,native_ergt,12011,train_hop_1_combined_long_horizon:ergt43_pair_323620003,1,073b6925c70c98d7683249fef0944c27cd5db92de6d330b9a7faa0906342b0dc,combined_long_horizon,1.0,51,False
train_id,True,1,16301,train_hop_1_memory_source_condition:ergt43_pair_313530000_cf1,0,1,full,0,native_ergt,12011,train_hop_1_memory_source_condition:ergt43_pair_313530000,0,c9acb21e88c72287aa45d7d00a6e8917551f83c30403fbb87dd88b311ec388b6,memory_source_condition,1.0,51,False
train_id,True,1,16301,train_hop_1_combined_long_horizon:ergt43_pair_323620014_cf1,0,1,full,0,native_ergt,12011,train_hop_1_combined_long_horizon:ergt43_pair_323620014,0,57afb8b2bf185a5c2527f4bb7cecd6a7e2b9eb81e61c93008b181268b3ddae73,combined_long_horizon,1.0,51,False
train_id,True,1,16301,train_hop_1_boundary_deficit:ergt43_pair_283260023_cf1,0,1,full,0,native_ergt,12011,train_hop_1_boundary_deficit:ergt43_pair_283260023,0,0d39bdc58366223b7658acfaa86eb328c44efe28bc66d2727e0eaaddaf5843e7,boundary_deficit,1.0,51,False
train_id,True,1,16301,train_hop_1_finite_speed_cone:ergt43_pair_273170011_cf1,0,1,full,0,native_ergt,12011,train_hop_1_finite_speed_cone:ergt43_pair_273170011,0,85946dd46c217779dafd8c7e8d8522fd34c898d9eed8c50864994a244b62549d,finite_speed_cone,1.0,51,False
train_id,True,1,16301,train_hop_1_combined_long_horizon:ergt43_pair_323620017_cf1,0,1,full,0,native_ergt,12011,train_hop_1_combined_long_horizon:ergt43_pair_323620017,0,ec50e4803259443200b56f7e53b5b16041a246d8a89be0f26d5e3a47ed1912fa,combined_long_horizon,1.0,51,False
train_id,True,1,16301,train_hop_1_terminal_mass:ergt43_pair_303440011_cf1,0,1,full,0,native_ergt,12011,train_hop_1_terminal_mass:ergt43_pair_303440011,0,da4bfc2c620d68448508b0a9ef2c7b612d94c88963f0bb38ec3b146f8ef3c1ef,terminal_mass,1.0,51,False
train_id,True,1,16301,train_hop_1_boundary_deficit:ergt43_pair_283260017_cf1,0,1,full,0,native_ergt,12011,train_hop_1_boundary_deficit:ergt43_pair_283260017,0,6878b59d445d432f61ed10524e441c76dc1fbfe1a0d6141d0d5eb3ceb80de0e8,boundary_deficit,1.0,51,False
train_id,True,1,16301,train_hop_1_geodesic_action:ergt43_pair_263080012_cf1,0,1,full,0,native_ergt,12011,train_hop_1_geodesic_action:ergt43_pair_263080012,0,bf7ab8db6193c2e00520aaefdbd90a893c1a70ef35fdb100759a6265b74c6137,geodesic_action,1.0,51,False
train_id,True,1,16301,train_hop_1_memory_source_condition:ergt43_pair_313530010_cf1,0,1,full,0,native_ergt,12011,train_hop_1_memory_source_condition:ergt43_pair_313530010,0,62b92c4e5a516328a9b6d60205900938589cbd90ff00aaf5462e5ab824729b89,memory_source_condition,1.0,51,False
train_id,True,0,16301,train_hop_1_terminal_mass:ergt43_pair_303440002_cf0,0,1,full,1,native_ergt,12011,train_hop_1_terminal_mass:ergt43_pair_303440002,1,3dd82660a72e5423af25e24332b8ca895f0824788971954d0d67b210e83022d7,terminal_mass,1.0,51,False
train_id,True,0,16301,train_hop_1_geodesic_action:ergt43_pair_263080003_cf0,0,1,full,1,native_ergt,12011,train_hop_1_geodesic_action:ergt43_pair_263080003,1,3e4e476dab85e206975443ed6b1234a089c61f82b8dda9a40d518e5a605ef9b8,geodesic_action,1.0,51,False
train_id,True,0,16301,train_hop_1_terminal_mass:ergt43_pair_303440008_cf0,0,1,full,1,native_ergt,12011,train_hop_1_terminal_mass:ergt43_pair_303440008,1,16364427fd52d26034978eb3d2cfb243dc6bfe31c59b0bea29e941970e6d76cf,terminal_mass,1.0,51,False
train_id,True,1,16301,train_hop_1_terminal_mass:ergt43_pair_303440021_cf1,0,1,full,0,native_ergt,12011,train_hop_1_terminal_mass:ergt43_pair_303440021,0,0b6913ab06892531149f590c505fcc0392b94bb8289f729db375723bb9f82a07,terminal_mass,1.0,51,False
train_id,True,1,16301,train_hop_1_memory_source_condition:ergt43_pair_313530011_cf1,0,1,full,0,native_ergt,12011,train_hop_1_memory_source_condition:ergt43_pair_313530011,0,30ac035a7ee3e2b99580e2c616d2fb7a8dd305b896211e7e750a4b193c080e7f,memory_source_condition,1.0,51,False
train_id,True,0,16301,train_unsupported:ergt43_pair_163040005_cf0,1,1,full,2,native_ergt,12011,train_unsupported:ergt43_pair_163040005_unsupported,2,bf1364ad1e679cb6257650c5bbdf70c00a01f7489e048afca62b676dcec586b5,memory_source_condition,1000000.0,51,True
train_id,True,1,16301,train_unsupported:ergt43_pair_163040005_cf1,1,1,full,2,native_ergt,12011,train_unsupported:ergt43_pair_163040005_unsupported,2,a085a85dbdb7d110344c8c90090d36fb2afb9dd15bf3f8025b21922d23b85ea8,memory_source_condition,1000000.0,51,True
train_id,True,1,16301,train_unsupported:ergt43_pair_163040006_cf1,1,1,full,2,native_ergt,12011,train_unsupported:ergt43_pair_163040006_unsupported,2,56b07853c6de2bd8b92bb91d477d2a554c6b93f8f653d1c1f50f343e541fd677,combined_long_horizon,1000000.0,51,True
train_id,True,0,16301,train_unsupported:ergt43_pair_163040006_cf0,1,1,full,2,native_ergt,12011,train_unsupported:ergt43_pair_163040006_unsupported,2,145bddbd4548c27a25833184c06952d1682467734a1da0d78adb693ef6a474bb,combined_long_horizon,1000000.0,51,True
train_id,True,1,16301,train_unsupported:ergt43_pair_163040004_cf1,1,1,full,2,native_ergt,12011,train_unsupported:ergt43_pair_163040004_unsupported,2,f60c5302b8382992a89c1cc37128c04d998c59812734e7c7223b42e2de0a55a6,terminal_mass,1000000.0,51,True
train_id,True,0,16301,train_unsupported:ergt43_pair_163040004_cf0,1,1,full,2,native_ergt,12011,train_unsupported:ergt43_pair_163040004_unsupported,2,e24b8756f2235b41f803034afc36fec283d27cf4b2fed319b6de5e5fccba0435,terminal_mass,1000000.0,51,True
train_id,True,1,16301,train_hop_1_finite_speed_cone:ergt43_pair_273170000_cf1,,1,,0,direct_transformer,12011,train_hop_1_finite_speed_cone:ergt43_pair_273170000,0,217625890ac4b0301f6095d87c2dcafbbc8252abae0dcdf412fce398e495200f,finite_speed_cone,,51,False
train_id,True,1,16301,train_hop_1_memory_source_condition:ergt43_pair_313530019_cf1,,1,,0,direct_transformer,12011,train_hop_1_memory_source_condition:ergt43_pair_313530019,0,1c62d6052460425c6975ddd299fa6d0cd574720c5fcff30f4ac28abfb4369689,memory_source_condition,,51,False
train_id,True,1,16301,train_hop_1_boundary_deficit:ergt43_pair_283260010_cf1,,1,,0,direct_transformer,12011,train_hop_1_boundary_deficit:ergt43_pair_283260010,0,f208962c8a2ee566a0ee98f3eebc7019ff110791bebef0721dd84a44c4eb48ad,boundary_deficit,,51,False
train_id,True,0,16301,train_hop_1_memory_source_condition:ergt43_pair_313530010_cf0,,1,,1,direct_transformer,12011,train_hop_1_memory_source_condition:ergt43_pair_313530010,1,ab164e7a1e638f8811b9aa45ca585f6df858df652faefca2ea88b2772e2cc5a3,memory_source_condition,,51,False
train_id,True,1,16301,train_hop_1_payload_transport:ergt43_pair_293350023_cf1,,1,,0,direct_transformer,12011,train_hop_1_payload_transport:ergt43_pair_293350023,0,7854a042c7aae390f8f4aa57638dc9f7aed09be251e27f1b5be107bd0de40234,payload_transport,,51,False
train_id,True,1,16301,train_hop_1_payload_transport:ergt43_pair_293350021_cf1,,1,,0,direct_transformer,12011,train_hop_1_payload_transport:ergt43_pair_293350021,0,873551b7e485dde89bb46e998ef490796fd2febf5242da38a0d4bcbc74c0c95d,payload_transport,,51,False
train_id,True,1,16301,train_hop_1_terminal_mass:ergt43_pair_303440008_cf1,,1,,0,direct_transformer,12011,train_hop_1_terminal_mass:ergt43_pair_303440008,0,4541ddb9eb4beb4bbceff196156d93536d3e3aa89592904d27311b9cce89e80f,terminal_mass,,51,False
train_id,True,0,16301,train_hop_1_combined_long_horizon:ergt43_pair_323620017_cf0,,1,,1,direct_transformer,12011,train_hop_1_combined_long_horizon:ergt43_pair_323620017,1,c63cfc051af3fbed575ade35f13a84d988e721c7e1397ef0ce9f2ce97b877358,combined_long_horizon,,51,False
train_id,True,0,16301,train_hop_1_payload_transport:ergt43_pair_293350023_cf0,,1,,1,direct_transformer,12011,train_hop_1_payload_transport:ergt43_pair_293350023,1,30b32c4ca750b0e82cb23bdc1a8c48d70d796b4dbe95d2daee785d22ddbf5d68,payload_transport,,51,False
train_id,True,0,16301,train_hop_1_payload_transport:ergt43_pair_293350019_cf0,,1,,1,direct_transformer,12011,train_hop_1_payload_transport:ergt43_pair_293350019,1,1378192ef33b82fe717a5e2ae2a8eb06ed023037c97911b08577a04c007a9796,payload_transport,,51,False
train_id,True,1,16301,train_hop_1_finite_speed_cone:ergt43_pair_273170003_cf1,,1,,0,direct_transformer,12011,train_hop_1_finite_speed_cone:ergt43_pair_273170003,0,082470d6baffc2d398ed90d7c19f9203de6cbc5e85e1134f31510bd604446896,finite_speed_cone,,51,False
train_id,True,1,16301,train_hop_1_boundary_deficit:ergt43_pair_283260008_cf1,,1,,0,direct_transformer,12011,train_hop_1_boundary_deficit:ergt43_pair_283260008,0,b00f9439451eae140d3c61ae089d684a27a2f79b3ac19040ccea397cdf7919ab,boundary_deficit,,51,False
train_id,True,0,16301,train_hop_1_memory_source_condition:ergt43_pair_313530000_cf0,,1,,1,direct_transformer,12011,train_hop_1_memory_source_condition:ergt43_pair_313530000,1,4ce4caf9b4772570fb7fbfef2c311ddea144cc4619c980580f08656575134e2e,memory_source_condition,,51,False
train_id,True,0,16301,train_hop_1_terminal_mass:ergt43_pair_303440021_cf0,,1,,1,direct_transformer,12011,train_hop_1_terminal_mass:ergt43_pair_303440021,1,b733d7891946ae08a2f7d6ccaca612a5efb024de22aed3eabbac0fd930dd9fb3,terminal_mass,,51,False
train_id,True,0,16301,train_hop_1_combined_long_horizon:ergt43_pair_323620018_cf0,,1,,1,direct_transformer,12011,train_hop_1_combined_long_horizon:ergt43_pair_323620018,1,a2155568d05a517f9de92e4fcc8a8be91e9fec9050cde401bcc6ba68a9b32e00,combined_long_horizon,,51,False
train_id,True,0,16301,train_hop_1_payload_transport:ergt43_pair_293350021_cf0,,1,,1,direct_transformer,12011,train_hop_1_payload_transport:ergt43_pair_293350021,1,6ba9374316074e76bfef2455b462b7d57419ed243ed8d74e66c78d40cb60de35,payload_transport,,51,False
train_id,True,0,16301,train_hop_1_boundary_deficit:ergt43_pair_283260017_cf0,,1,,1,direct_transformer,12011,train_hop_1_boundary_deficit:ergt43_pair_283260017,1,7d22db65be51d3806afe98b150bfb4b03077ce8691b50e57432a0de6876a2cd6,boundary_deficit,,51,False
train_id,True,0,16301,train_hop_1_finite_speed_cone:ergt43_pair_273170000_cf0,,1,,1,direct_transformer,12011,train_hop_1_finite_speed_cone:ergt43_pair_273170000,1,29f47f0c50e25f1c6164ed51ffc7c1b89befd02cd476a5341801f850c8267fc7,finite_speed_cone,,51,False
train_id,True,1,16301,train_hop_1_payload_transport:ergt43_pair_293350019_cf1,,1,,0,direct_transformer,12011,train_hop_1_payload_transport:ergt43_pair_293350019,0,984eb83fbdd69e6a85a3c4e13e1a77ff55bbb8e091b4b71ebc4e27d3ca2437a7,payload_transport,,51,False
train_id,True,1,16301,train_hop_1_combined_long_horizon:ergt43_pair_323620018_cf1,,1,,0,direct_transformer,12011,train_hop_1_combined_long_horizon:ergt43_pair_323620018,0,7ea0eca697eb5776b8827c1aa9e973556841ab3fe9155723a1d994a8c327c545,combined_long_horizon,,51,False
train_id,True,0,16301,train_hop_1_boundary_deficit:ergt43_pair_283260023_cf0,,1,,1,direct_transformer,12011,train_hop_1_boundary_deficit:ergt43_pair_283260023,1,93162ee2b8deed6e669c92a60e4129d670eeb5d1dd92e78d33fbf9f91ed41bb7,boundary_deficit,,51,False
train_id,True,1,16301,train_hop_1_geodesic_action:ergt43_pair_263080014_cf1,,1,,0,direct_transformer,12011,train_hop_1_geodesic_action:ergt43_pair_263080014,0,8a6bf991716430409cccbd2fc5d0b52fc1fa509cd9474b464e05d67606842744,geodesic_action,,51,False
train_id,True,1,16301,train_hop_1_finite_speed_cone:ergt43_pair_273170007_cf1,,1,,0,direct_transformer,12011,train_hop_1_finite_speed_cone:ergt43_pair_273170007,0,9e21b43be82f2ad43349124197200bd11099a1d1c443a048a76986edef023dd7,finite_speed_cone,,51,False
train_id,True,0,16301,train_hop_1_combined_long_horizon:ergt43_pair_323620014_cf0,,1,,1,direct_transformer,12011,train_hop_1_combined_long_horizon:ergt43_pair_323620014,1,811feefca7de86616fbee0c5e5c9abbc5f95e24c14e96601acce913acef28c96,combined_long_horizon,,51,False
train_id,True,0,16301,train_hop_1_finite_speed_cone:ergt43_pair_273170003_cf0,,1,,1,direct_transformer,12011,train_hop_1_finite_speed_cone:ergt43_pair_273170003,1,4dadb72ba5f9f736c9ff647e61d4d08bfb770ffaa40b8d2094937b596f5cb778,finite_speed_cone,,51,False
train_id,True,0,16301,train_hop_1_finite_speed_cone:ergt43_pair_273170011_cf0,,1,,1,direct_transformer,12011,train_hop_1_finite_speed_cone:ergt43_pair_273170011,1,c408eee085aea9784f3ef40d8c26e78ec775ebcab003750be7c8895c46d284f7,finite_speed_cone,,51,False
train_id,True,1,16301,train_hop_1_terminal_mass:ergt43_pair_303440002_cf1,,1,,0,direct_transformer,12011,train_hop_1_terminal_mass:ergt43_pair_303440002,0,b2160fcce51e59675049b5a447ba83e0a6f4822a7d759caea44d05bdf26d39a5,terminal_mass,,51,False
train_id,True,0,16301,train_hop_1_finite_speed_cone:ergt43_pair_273170007_cf0,,1,,1,direct_transformer,12011,train_hop_1_finite_speed_cone:ergt43_pair_273170007,1,5e2e722745ad2d0dad9e15bf54efa5460edca36299300f6f5816c7ebb9456d5a,finite_speed_cone,,51,False
train_id,True,1,16301,train_hop_1_geodesic_action:ergt43_pair_263080022_cf1,,1,,0,direct_transformer,12011,train_hop_1_geodesic_action:ergt43_pair_263080022,0,a6cdf02d00f13bfaa3a3e4c79c2ceef296000bd54127aa7ac4f1cd690f7f47e2,geodesic_action,,51,False
train_id,True,0,16301,train_hop_1_memory_source_condition:ergt43_pair_313530019_cf0,,1,,1,direct_transformer,12011,train_hop_1_memory_source_condition:ergt43_pair_313530019,1,5f7f70181b284c6b6081eccb389adbbb8c6a61f906685b02358556f2a69589c2,memory_source_condition,,51,False
train_id,True,1,16301,train_hop_1_combined_long_horizon:ergt43_pair_323620003_cf1,,1,,0,direct_transformer,12011,train_hop_1_combined_long_horizon:ergt43_pair_323620003,0,8f087570c6e9e44aa6e85a130cb54e69c19bd43b1be3e147cdc2de4db196fb9b,combined_long_horizon,,51,False
train_id,True,0,16301,train_hop_1_geodesic_action:ergt43_pair_263080012_cf0,,1,,1,direct_transformer,12011,train_hop_1_geodesic_action:ergt43_pair_263080012,1,4954eada0ea27609fd054a1f05ed109251259f2183f163aeac30faa247db9c85,geodesic_action,,51,False
train_id,True,1,16301,train_hop_1_geodesic_action:ergt43_pair_263080003_cf1,,1,,0,direct_transformer,12011,train_hop_1_geodesic_action:ergt43_pair_263080003,0,2bf8aba5b52c84f9e14e0ad7fb8f796084c24409f065873655bcd77ce2d56c4e,geodesic_action,,51,False
train_id,True,1,16301,train_hop_1_payload_transport:ergt43_pair_293350015_cf1,,1,,0,direct_transformer,12011,train_hop_1_payload_transport:ergt43_pair_293350015,0,be1065c6cfa278ca9d02b578f6984c54cd45775c828153383916e2c8702c034f,payload_transport,,51,False
train_id,True,0,16301,train_hop_1_payload_transport:ergt43_pair_293350015_cf0,,1,,1,direct_transformer,12011,train_hop_1_payload_transport:ergt43_pair_293350015,1,d9ed0389e743d901beb5670e1c7e1c362fcb1daa0ad8f6591dd0554610c34bab,payload_transport,,51,False
train_id,True,0,16301,train_hop_1_memory_source_condition:ergt43_pair_313530011_cf0,,1,,1,direct_transformer,12011,train_hop_1_memory_source_condition:ergt43_pair_313530011,1,fb2e5bb9b500adeb29ca8dcaf9a65232d8439c9fa3a5708bac18590fdb1af891,memory_source_condition,,51,False
train_id,True,0,16301,train_hop_1_boundary_deficit:ergt43_pair_283260008_cf0,,1,,1,direct_transformer,12011,train_hop_1_boundary_deficit:ergt43_pair_283260008,1,9e5aaefc20c5f110433cd27aa22cb73c8b2672c5fe286650d388cf79cfc1b0f2,boundary_deficit,,51,False
train_id,True,0,16301,train_hop_1_geodesic_action:ergt43_pair_263080022_cf0,,1,,1,direct_transformer,12011,train_hop_1_geodesic_action:ergt43_pair_263080022,1,c09a2bcf4a91c9d2961885d8efd2ccc816e6146bb23ab15a1479e2e2b0c2a68d,geodesic_action,,51,False
train_id,True,0,16301,train_hop_1_boundary_deficit:ergt43_pair_283260010_cf0,,1,,1,direct_transformer,12011,train_hop_1_boundary_deficit:ergt43_pair_283260010,1,ced10716c4fa5e147ee26fba5f9e27aabd23c0a6e92809f934faeaee0d47e00c,boundary_deficit,,51,False
train_id,True,0,16301,train_hop_1_geodesic_action:ergt43_pair_263080014_cf0,,1,,1,direct_transformer,12011,train_hop_1_geodesic_action:ergt43_pair_263080014,1,6c9e3f1e7988370fae53068b54b49d229d3cc1f970de9ce58d1c93cb602f627a,geodesic_action,,51,False
train_id,True,0,16301,train_hop_1_terminal_mass:ergt43_pair_303440011_cf0,,1,,1,direct_transformer,12011,train_hop_1_terminal_mass:ergt43_pair_303440011,1,8ca2ade36be32d0120e99f03684be898f87f96607b2f9491342c394bb565d71e,terminal_mass,,51,False
train_id,True,0,16301,train_hop_1_combined_long_horizon:ergt43_pair_323620003_cf0,,1,,1,direct_transformer,12011,train_hop_1_combined_long_horizon:ergt43_pair_323620003,1,073b6925c70c98d7683249fef0944c27cd5db92de6d330b9a7faa0906342b0dc,combined_long_horizon,,51,False
train_id,True,1,16301,train_hop_1_memory_source_condition:ergt43_pair_313530000_cf1,,1,,0,direct_transformer,12011,train_hop_1_memory_source_condition:ergt43_pair_313530000,0,c9acb21e88c72287aa45d7d00a6e8917551f83c30403fbb87dd88b311ec388b6,memory_source_condition,,51,False
train_id,True,1,16301,train_hop_1_combined_long_horizon:ergt43_pair_323620014_cf1,,1,,0,direct_transformer,12011,train_hop_1_combined_long_horizon:ergt43_pair_323620014,0,57afb8b2bf185a5c2527f4bb7cecd6a7e2b9eb81e61c93008b181268b3ddae73,combined_long_horizon,,51,False
train_id,True,1,16301,train_hop_1_boundary_deficit:ergt43_pair_283260023_cf1,,1,,0,direct_transformer,12011,train_hop_1_boundary_deficit:ergt43_pair_283260023,0,0d39bdc58366223b7658acfaa86eb328c44efe28bc66d2727e0eaaddaf5843e7,boundary_deficit,,51,False
train_id,True,1,16301,train_hop_1_finite_speed_cone:ergt43_pair_273170011_cf1,,1,,0,direct_transformer,12011,train_hop_1_finite_speed_cone:ergt43_pair_273170011,0,85946dd46c217779dafd8c7e8d8522fd34c898d9eed8c50864994a244b62549d,finite_speed_cone,,51,False
train_id,True,1,16301,train_hop_1_combined_long_horizon:ergt43_pair_323620017_cf1,,1,,0,direct_transformer,12011,train_hop_1_combined_long_horizon:ergt43_pair_323620017,0,ec50e4803259443200b56f7e53b5b16041a246d8a89be0f26d5e3a47ed1912fa,combined_long_horizon,,51,False
train_id,True,1,16301,train_hop_1_terminal_mass:ergt43_pair_303440011_cf1,,1,,0,direct_transformer,12011,train_hop_1_terminal_mass:ergt43_pair_303440011,0,da4bfc2c620d68448508b0a9ef2c7b612d94c88963f0bb38ec3b146f8ef3c1ef,terminal_mass,,51,False
train_id,True,1,16301,train_hop_1_boundary_deficit:ergt43_pair_283260017_cf1,,1,,0,direct_transformer,12011,train_hop_1_boundary_deficit:ergt43_pair_283260017,0,6878b59d445d432f61ed10524e441c76dc1fbfe1a0d6141d0d5eb3ceb80de0e8,boundary_deficit,,51,False
train_id,True,1,16301,train_hop_1_geodesic_action:ergt43_pair_263080012_cf1,,1,,0,direct_transformer,12011,train_hop_1_geodesic_action:ergt43_pair_263080012,0,bf7ab8db6193c2e00520aaefdbd90a893c1a70ef35fdb100759a6265b74c6137,geodesic_action,,51,False
train_id,True,1,16301,train_hop_1_memory_source_condition:ergt43_pair_313530010_cf1,,1,,0,direct_transformer,12011,train_hop_1_memory_source_condition:ergt43_pair_313530010,0,62b92c4e5a516328a9b6d60205900938589cbd90ff00aaf5462e5ab824729b89,memory_source_condition,,51,False
train_id,True,0,16301,train_hop_1_terminal_mass:ergt43_pair_303440002_cf0,,1,,1,direct_transformer,12011,train_hop_1_terminal_mass:ergt43_pair_303440002,1,3dd82660a72e5423af25e24332b8ca895f0824788971954d0d67b210e83022d7,terminal_mass,,51,False
train_id,True,0,16301,train_hop_1_geodesic_action:ergt43_pair_263080003_cf0,,1,,1,direct_transformer,12011,train_hop_1_geodesic_action:ergt43_pair_263080003,1,3e4e476dab85e206975443ed6b1234a089c61f82b8dda9a40d518e5a605ef9b8,geodesic_action,,51,False
train_id,True,0,16301,train_hop_1_terminal_mass:ergt43_pair_303440008_cf0,,1,,1,direct_transformer,12011,train_hop_1_terminal_mass:ergt43_pair_303440008,1,16364427fd52d26034978eb3d2cfb243dc6bfe31c59b0bea29e941970e6d76cf,terminal_mass,,51,False
train_id,True,1,16301,train_hop_1_terminal_mass:ergt43_pair_303440021_cf1,,1,,0,direct_transformer,12011,train_hop_1_terminal_mass:ergt43_pair_303440021,0,0b6913ab06892531149f590c505fcc0392b94bb8289f729db375723bb9f82a07,terminal_mass,,51,False
train_id,True,1,16301,train_hop_1_memory_source_condition:ergt43_pair_313530011_cf1,,1,,0,direct_transformer,12011,train_hop_1_memory_source_condition:ergt43_pair_313530011,0,30ac035a7ee3e2b99580e2c616d2fb7a8dd305b896211e7e750a4b193c080e7f,memory_source_condition,,51,False
train_id,True,0,16301,train_unsupported:ergt43_pair_163040005_cf0,,1,,2,direct_transformer,12011,train_unsupported:ergt43_pair_163040005_unsupported,2,bf1364ad1e679cb6257650c5bbdf70c00a01f7489e048afca62b676dcec586b5,memory_source_condition,,51,True
train_id,True,1,16301,train_unsupported:ergt43_pair_163040005_cf1,,1,,2,direct_transformer,12011,train_unsupported:ergt43_pair_163040005_unsupported,2,a085a85dbdb7d110344c8c90090d36fb2afb9dd15bf3f8025b21922d23b85ea8,memory_source_condition,,51,True
train_id,True,1,16301,train_unsupported:ergt43_pair_163040006_cf1,,1,,2,direct_transformer,12011,train_unsupported:ergt43_pair_163040006_unsupported,2,56b07853c6de2bd8b92bb91d477d2a554c6b93f8f653d1c1f50f343e541fd677,combined_long_horizon,,51,True
train_id,True,0,16301,train_unsupported:ergt43_pair_163040006_cf0,,1,,2,direct_transformer,12011,train_unsupported:ergt43_pair_163040006_unsupported,2,145bddbd4548c27a25833184c06952d1682467734a1da0d78adb693ef6a474bb,combined_long_horizon,,51,True
train_id,True,1,16301,train_unsupported:ergt43_pair_163040004_cf1,,1,,2,direct_transformer,12011,train_unsupported:ergt43_pair_163040004_unsupported,2,f60c5302b8382992a89c1cc37128c04d998c59812734e7c7223b42e2de0a55a6,terminal_mass,,51,True
train_id,True,0,16301,train_unsupported:ergt43_pair_163040004_cf0,,1,,2,direct_transformer,12011,train_unsupported:ergt43_pair_163040004_unsupported,2,e24b8756f2235b41f803034afc36fec283d27cf4b2fed319b6de5e5fccba0435,terminal_mass,,51,True
validation,True,1,16301,validation:ergt43_pair_165120036_cf1,0,1,full,0,native_ergt,12011,validation:ergt43_pair_165120036,0,b7b4e8f9343fabb6c6f7598c74fdc25292e48867e703fa5426334b790fa79583,finite_speed_cone,1.0,35,False
validation,True,0,16301,validation:ergt43_pair_165120036_cf0,0,1,full,1,native_ergt,12011,validation:ergt43_pair_165120036,1,d8cb7cd511942fa4ddbdc935fee3c6464adeb4e1b36cc417ccd7e239f0d890a2,finite_speed_cone,1.0,35,False
validation,True,1,16301,validation:ergt43_pair_165120052_cf1,0,1,full,0,native_ergt,12011,validation:ergt43_pair_165120052,0,301b0f4cde3cc86cc795a56e0346ac047ed2f6ec2926224e6534fbe250a3e388,payload_transport,1.0,35,False
validation,True,0,16301,validation:ergt43_pair_165120052_cf0,0,1,full,1,native_ergt,12011,validation:ergt43_pair_165120052,1,b9bacfddcad9e42c6a0fdb1467ff11aa33c193eca12d795016026cf22885d197,payload_transport,1.0,35,False
validation,True,1,16301,validation:ergt43_pair_165120074_cf1,0,1,full,0,native_ergt,12011,validation:ergt43_pair_165120074,0,7f2bc4acf002d79bfd1b44d5a7f1c3565f21ab80073c06d0e9d371a55d59ee29,terminal_mass,1.0,35,False
validation,True,0,16301,validation:ergt43_pair_165120074_cf0,0,1,full,1,native_ergt,12011,validation:ergt43_pair_165120074,1,531fa5c3a99dd3cacdedccd48a604d756b4d2fceeb8896d16409aaf1ba64d0c0,terminal_mass,1.0,35,False
validation,True,0,16301,validation:ergt43_pair_165120097_cf0,0,1,full,1,native_ergt,12011,validation:ergt43_pair_165120097,1,bbcb262e782cfec5697c457556f09c680a4c58cc7083d8fce0ab720941c2f22b,combined_long_horizon,1.0,35,False
validation,True,1,16301,validation:ergt43_pair_165120097_cf1,0,1,full,0,native_ergt,12011,validation:ergt43_pair_165120097,0,8447f7eb6d50a0a8a1ce1e9ff47521be0a194983e2b67709d3faa5ae5ec9351a,combined_long_horizon,1.0,35,False
validation,True,1,16301,validation:ergt43_pair_165120007_cf1,0,1,full,0,native_ergt,12011,validation:ergt43_pair_165120007,0,a1572cb65d7399b8cf1964fea1be7bbe4150a05da95f7e0e4d0738088d1d6c93,geodesic_action,1.0,35,False
validation,True,0,16301,validation:ergt43_pair_165120007_cf0,0,1,full,1,native_ergt,12011,validation:ergt43_pair_165120007,1,26f094916f7c61ec7e58d8a1cc65aa5b31fbc9cedea12d6f65c7205fe48e0cd7,geodesic_action,1.0,35,False
validation,True,1,16301,validation:ergt43_pair_165120026_cf1,0,1,full,0,native_ergt,12011,validation:ergt43_pair_165120026,0,c66ddc810415f6179e6c218a227397ac9c9fc840837ede43f10be0f9a55bfd4b,memory_source_condition,1.0,35,False
validation,True,0,16301,validation:ergt43_pair_165120026_cf0,0,1,full,1,native_ergt,12011,validation:ergt43_pair_165120026,1,eee4c8a9eea49ab80357c71f2c600b556493d9cf2d1ed1bb46afc2eb530263ec,memory_source_condition,1.0,35,False
validation,True,0,16301,validation:ergt43_pair_165120076_cf0,0,1,full,1,native_ergt,12011,validation:ergt43_pair_165120076,1,fa6c9e4e66bb8fedbc4cd00034b0999928d5aee6c29a3a42831b14c83ef58f9c,combined_long_horizon,1.0,35,False
validation,True,1,16301,validation:ergt43_pair_165120076_cf1,0,1,full,0,native_ergt,12011,validation:ergt43_pair_165120076,0,484a1d7714c808a3a82e383451b9343c1aa8877d8df52e79aaf0f475ce8d8964,combined_long_horizon,1.0,35,False
validation,True,0,16301,validation:ergt43_pair_165120012_cf0,0,1,full,1,native_ergt,12011,validation:ergt43_pair_165120012,1,03e7ce2c97203d499938db76585332e44f6d1ed0550172be7d69c4afea3b43f1,memory_source_condition,1.0,35,False
validation,True,1,16301,validation:ergt43_pair_165120012_cf1,0,1,full,0,native_ergt,12011,validation:ergt43_pair_165120012,0,3d291050c44f2087614fc8567547df735bd662b1b7428bbe3b72951c77b8ef90,memory_source_condition,1.0,35,False
validation,True,1,16301,validation:ergt43_pair_165120078_cf1,0,1,full,0,native_ergt,12011,validation:ergt43_pair_165120078,0,b71490f5dbf1768d899bddd9b35ec92c1ad2cdc0994db7736606b78a1ad8c57f,finite_speed_cone,1.0,35,False
validation,True,0,16301,validation:ergt43_pair_165120078_cf0,0,1,full,1,native_ergt,12011,validation:ergt43_pair_165120078,1,e800b148666b2f85b6bacfca199c4958aa5bdaf4bef8fc28e95e386bce13fcbe,finite_speed_cone,1.0,35,False
validation,True,1,16301,validation:ergt43_pair_165120023_cf1,0,1,full,0,native_ergt,12011,validation:ergt43_pair_165120023,0,c06a5ec8170235da4ee497eaa39ffd3898dd039dac6c0424b8549b5b55a89cdf,boundary_deficit,1.0,35,False
validation,True,0,16301,validation:ergt43_pair_165120023_cf0,0,1,full,1,native_ergt,12011,validation:ergt43_pair_165120023,1,dbfe2437ef729165f0bba73830430651aa31df37702082299031918a473b9b74,boundary_deficit,1.0,35,False
validation,True,0,16301,validation:ergt43_pair_165120051_cf0,0,1,full,1,native_ergt,12011,validation:ergt43_pair_165120051,1,b8097780029dc743e078bf08a8ec3e502342fe7c7540642cd5c1c73d11f46134,boundary_deficit,1.0,35,False
validation,True,1,16301,validation:ergt43_pair_165120051_cf1,0,1,full,0,native_ergt,12011,validation:ergt43_pair_165120051,0,aa7e542a181e2adcba82cb7a1cc4d97ce2dbf136c8e0e6f39ab02f2c1cfd0b81,boundary_deficit,1.0,35,False
validation,True,1,16301,validation:ergt43_pair_165120057_cf1,0,1,full,0,native_ergt,12011,validation:ergt43_pair_165120057,0,430c911f9349aca9db5e3cb8f60b6505b6f6f219a3c2221cf19605bc6aff301f,finite_speed_cone,1.0,35,False
validation,True,0,16301,validation:ergt43_pair_165120057_cf0,0,1,full,1,native_ergt,12011,validation:ergt43_pair_165120057,1,9b72705db69e24787fb419e5fbc140b669e823a7efd155768c5b2fc9ffd28554,finite_speed_cone,1.0,35,False
validation,True,1,16301,validation:ergt43_pair_165120040_cf1,0,1,full,0,native_ergt,12011,validation:ergt43_pair_165120040,0,f6c65131939fa9ab7f33dc399b4222bb166196dd4f38dc9cdfe0c3d2e03f2a28,memory_source_condition,1.0,35,False
validation,True,0,16301,validation:ergt43_pair_165120040_cf0,0,1,full,1,native_ergt,12011,validation:ergt43_pair_165120040,1,959c6f027fe4eac9261af31f70f671a1ab9adedbb15e71284288cefe4cef82ee,memory_source_condition,1.0,35,False
validation,True,1,16301,validation:ergt43_pair_165120092_cf1,0,1,full,0,native_ergt,12011,validation:ergt43_pair_165120092,0,4d1c24682f552acafed66273b4e409e7b35f0bfaa0fe08435a93601de03c9f20,finite_speed_cone,1.0,35,False
validation,True,0,16301,validation:ergt43_pair_165120092_cf0,0,1,full,1,native_ergt,12011,validation:ergt43_pair_165120092,1,c423d96736019c8b8fd722f9783c1e41829104fb3c38e293e3f19d8932c9c534,finite_speed_cone,1.0,35,False
validation,True,1,16301,validation:ergt43_pair_165120058_cf1,0,1,full,0,native_ergt,12011,validation:ergt43_pair_165120058,0,dff3bbd24670a8961179b99a4c2a482717dd1ca340eaf0c223b0a948a39f197a,boundary_deficit,1.0,35,False
validation,True,0,16301,validation:ergt43_pair_165120058_cf0,0,1,full,1,native_ergt,12011,validation:ergt43_pair_165120058,1,6613b9002074c5b8fd9e259aef92c5804163feac683a7b56fc8b1061db720d10,boundary_deficit,1.0,35,False
validation,True,0,16301,validation:ergt43_pair_165120088_cf0,0,1,full,1,native_ergt,12011,validation:ergt43_pair_165120088,1,5257483ba39e5d7e0601af41a89b2931faf7d6d16dc60c2c0212541f737cc264,terminal_mass,1.0,35,False
validation,True,1,16301,validation:ergt43_pair_165120088_cf1,0,1,full,0,native_ergt,12011,validation:ergt43_pair_165120088,0,e18ca1bd2fe818284b0b224b6327307cd2f166d6bad96e182b31d23564b278f2,terminal_mass,1.0,35,False
validation,True,0,16301,validation:ergt43_pair_165120054_cf0,0,1,full,1,native_ergt,12011,validation:ergt43_pair_165120054,1,5e47d67a13edd81e6835c27ebf9324c6a2ce7f52b133b494312dc99f414b79b4,memory_source_condition,1.0,35,False
validation,True,1,16301,validation:ergt43_pair_165120054_cf1,0,1,full,0,native_ergt,12011,validation:ergt43_pair_165120054,0,7397795e91c46d9135877358ef8beefe47dcf7dcdd857f94dd7052b9d5cf5fd1,memory_source_condition,1.0,35,False
validation,True,0,16301,validation:ergt43_pair_165120090_cf0,0,1,full,1,native_ergt,12011,validation:ergt43_pair_165120090,1,ee1c04c9407541fe0c8d9f7c69d11030dc1e1d43722084052456b0c0c6c3c5d6,combined_long_horizon,1.0,35,False
validation,True,1,16301,validation:ergt43_pair_165120090_cf1,0,1,full,0,native_ergt,12011,validation:ergt43_pair_165120090,0,e776cb2b30d8e429cb10a51391d17735e30be61634228670e0e06d8ef67cef11,combined_long_horizon,1.0,35,False
validation,True,1,16301,validation:ergt43_pair_165120029_cf1,0,1,full,0,native_ergt,12011,validation:ergt43_pair_165120029,0,83da6f259fd421bf505d06178792c25553d54e1dee71f9098f2f007f14a530aa,finite_speed_cone,1.0,35,False
validation,True,0,16301,validation:ergt43_pair_165120029_cf0,0,1,full,1,native_ergt,12011,validation:ergt43_pair_165120029,1,5bf86cc638d4c7d55e1a99b9041084832e7fabc192f27d6e7b27b5680e4eb6b7,finite_speed_cone,1.0,35,False
validation,True,0,16301,validation:ergt43_pair_165120030_cf0,0,1,full,1,native_ergt,12011,validation:ergt43_pair_165120030,1,0cde3c62b1576a5350fb94682f14ad13c2572eea7732ab305fe182801286b9a5,boundary_deficit,1.0,35,False
validation,True,1,16301,validation:ergt43_pair_165120030_cf1,0,1,full,0,native_ergt,12011,validation:ergt43_pair_165120030,0,eefcaf9e229bae084d389ed132275e4b45d5d8f1b02e036e31cc2db05a1f3711,boundary_deficit,1.0,35,False
validation,True,0,16301,validation:ergt43_pair_165120018_cf0,0,1,full,1,native_ergt,12011,validation:ergt43_pair_165120018,1,bcd2e96a294fde9970319916a7500d35ced4079a7757b238767a3eaabeaa4b38,terminal_mass,1.0,35,False
validation,True,1,16301,validation:ergt43_pair_165120018_cf1,0,1,full,0,native_ergt,12011,validation:ergt43_pair_165120018,0,8700d2b84d0dd795c9f2089fa6388cece7dc5376df0acef76e83b8f510ca68fa,terminal_mass,1.0,35,False
validation,True,0,16301,validation:ergt43_pair_165120089_cf0,0,1,full,1,native_ergt,12011,validation:ergt43_pair_165120089,1,ebf816b2136626ca4955acadb65a0f41c897dfdc4d31946cce8b8be84f4cf510,memory_source_condition,1.0,35,False
validation,True,1,16301,validation:ergt43_pair_165120089_cf1,0,1,full,0,native_ergt,12011,validation:ergt43_pair_165120089,0,57a28726a4527bfd6e6354151526112316eb3558d7d546dd5ff698bb00fd16dc,memory_source_condition,1.0,35,False
validation,True,1,16301,validation:ergt43_pair_165120027_cf1,0,1,full,0,native_ergt,12011,validation:ergt43_pair_165120027,0,e7457e6ba37d14d50756f4a286a3445117518aabdb0852cc5757a4ac05b544c4,combined_long_horizon,1.0,35,False
validation,True,0,16301,validation:ergt43_pair_165120027_cf0,0,1,full,1,native_ergt,12011,validation:ergt43_pair_165120027,1,a6a9ff92c874dcd248a60e42e3596e905a20dc6ef2b974bbbc47798a0844c8ae,combined_long_horizon,1.0,35,False
validation,True,1,16301,validation:ergt43_pair_165120080_cf1,0,1,full,0,native_ergt,12011,validation:ergt43_pair_165120080,0,fec44155a5f73a4ce56e03065bebb98a796d0049e6e2cc97d7bbde23df114422,payload_transport,1.0,35,False
validation,True,0,16301,validation:ergt43_pair_165120080_cf0,0,1,full,1,native_ergt,12011,validation:ergt43_pair_165120080,1,c2f5be36de28d37dfb5c6596de678646ec080af14b243092cbe645857e4f50c0,payload_transport,1.0,35,False
validation,True,0,16301,validation:ergt43_pair_165120083_cf0,0,1,full,1,native_ergt,12011,validation:ergt43_pair_165120083,1,65140f65090881548049764529172a3417aa027ee7923762a70670d9e6f16b66,combined_long_horizon,1.0,35,False
validation,True,1,16301,validation:ergt43_pair_165120083_cf1,0,1,full,0,native_ergt,12011,validation:ergt43_pair_165120083,0,6d3591b1a43a841b499b776798c83dc82a525144050cfc12f7605b54b6fce3ec,combined_long_horizon,1.0,35,False
validation,True,0,16301,validation:ergt43_pair_165120033_cf0,0,1,full,1,native_ergt,12011,validation:ergt43_pair_165120033,1,e9006aec1cd5003b9e85a2d45c07f489ca57851b0cab5ad3375896750ed1dc98,memory_source_condition,1.0,35,False
validation,True,1,16301,validation:ergt43_pair_165120033_cf1,0,1,full,0,native_ergt,12011,validation:ergt43_pair_165120033,0,5bd038ba52a7ba0354e5c32cae40805b2fb7db84097cd60df2bd6b8dbe88f0af,memory_source_condition,1.0,35,False
validation,True,0,16301,validation:ergt43_pair_165120002_cf0,0,1,full,1,native_ergt,12011,validation:ergt43_pair_165120002,1,91b99d6f499726c099c9e9ca8da0784df0bc33b3c3f38cfd1388b3e4a1e3bb26,boundary_deficit,1.0,35,False
validation,True,1,16301,validation:ergt43_pair_165120002_cf1,0,1,full,0,native_ergt,12011,validation:ergt43_pair_165120002,0,b6c619b911b6925de8119cd365e6779005c41dde258f59de589fec20fcbbaf6d,boundary_deficit,1.0,35,False
validation,True,1,16301,validation:ergt43_pair_165120064_cf1,0,1,full,0,native_ergt,12011,validation:ergt43_pair_165120064,0,b4a0bfede9fdd919c8cf76171dfa1b9b22b70798e3764383a2b08ba16a5936f1,finite_speed_cone,1.0,35,False
validation,True,0,16301,validation:ergt43_pair_165120064_cf0,0,1,full,1,native_ergt,12011,validation:ergt43_pair_165120064,1,95f567d2053680ba163a161bebe8a532872377708204938126a8ddabe07562ff,finite_speed_cone,1.0,35,False
validation,True,0,16301,validation:ergt43_pair_165120014_cf0,0,1,full,1,native_ergt,12011,validation:ergt43_pair_165120014,1,9496088d922c7ffaf48cf254456297da100c82961f4ebb366d27647173dc3219,geodesic_action,1.0,35,False
validation,True,1,16301,validation:ergt43_pair_165120014_cf1,0,1,full,0,native_ergt,12011,validation:ergt43_pair_165120014,0,3d42bec468d1deff3da418d5d8e2832de4e141f836efdac9ffdf7da831b77e91,geodesic_action,1.0,35,False
validation,True,1,16301,validation:ergt43_pair_165120016_cf1,0,1,full,0,native_ergt,12011,validation:ergt43_pair_165120016,0,1e81d445bda681b658183ccbc42193ed2286d931e28fd75dbb078ef943623841,boundary_deficit,1.0,35,False
validation,True,0,16301,validation:ergt43_pair_165120016_cf0,0,1,full,1,native_ergt,12011,validation:ergt43_pair_165120016,1,72c98ce6c8f46855feef7a04843695b235cdd50d84d8aca86d085d1fb6f5322c,boundary_deficit,1.0,35,False
validation,True,1,16301,validation:ergt43_pair_165120060_cf1,0,1,full,0,native_ergt,12011,validation:ergt43_pair_165120060,0,e12379a1eab3b49ef95c4695ed7b41337cf5c8c123dadb60f2a3494b6d2a5e2d,terminal_mass,1.0,35,False
validation,True,0,16301,validation:ergt43_pair_165120060_cf0,0,1,full,1,native_ergt,12011,validation:ergt43_pair_165120060,1,61b20fee87e9d9a10ba37b2bc3582bb7a4cf21ac30e961a67026855263a46647,terminal_mass,1.0,35,False
validation,True,0,16301,validation:ergt43_pair_165120053_cf0,0,1,full,1,native_ergt,12011,validation:ergt43_pair_165120053,1,b2f92c1af01cf2649239b7056d3d5fde5ac13f1a89001e3884c6f116a6c1d204,terminal_mass,1.0,35,False
validation,True,1,16301,validation:ergt43_pair_165120053_cf1,0,1,full,0,native_ergt,12011,validation:ergt43_pair_165120053,0,f3ff41523d18c198be459cd227a6575b79067b619caf57f23642c93ee2ed4c2e,terminal_mass,1.0,35,False
validation,True,0,16301,validation:ergt43_pair_165120042_cf0,0,1,full,1,native_ergt,12011,validation:ergt43_pair_165120042,1,e0fc4f5447c565c0c5afacca16ce34c601bee2cfedcdfe26ed1e4a969e087642,geodesic_action,1.0,35,False
validation,True,1,16301,validation:ergt43_pair_165120042_cf1,0,1,full,0,native_ergt,12011,validation:ergt43_pair_165120042,0,d2557fa8c14fbf6742044edf471f55b05fb7ba194e9ba19ed76d1ae16b4eecff,geodesic_action,1.0,35,False
validation,True,0,16301,validation:ergt43_pair_165120009_cf0,0,1,full,1,native_ergt,12011,validation:ergt43_pair_165120009,1,44801bffa711488c26025e66ec2bc97097cc298147dc36572166c8edb9009255,boundary_deficit,1.0,35,False
validation,True,1,16301,validation:ergt43_pair_165120009_cf1,0,1,full,0,native_ergt,12011,validation:ergt43_pair_165120009,0,8789121ba0eb702469b848efb8baf88df3ed89db08e2852a4f8632b996cac99b,boundary_deficit,1.0,35,False
validation,True,0,16301,validation:ergt43_pair_165120000_cf0,0,1,full,1,native_ergt,12011,validation:ergt43_pair_165120000,1,73ed5ff0598d5a40a4fec2c87886c4ff95fe17088b14874c33653499e297e237,geodesic_action,1.0,35,False
validation,True,1,16301,validation:ergt43_pair_165120000_cf1,0,1,full,0,native_ergt,12011,validation:ergt43_pair_165120000,0,d326e8b9a15a2a618271597d72303b9b2fafe8d665e4d414d03f9b799752b678,geodesic_action,1.0,35,False
validation,True,1,16301,validation:ergt43_pair_165120028_cf1,0,1,full,0,native_ergt,12011,validation:ergt43_pair_165120028,0,b38d1f5f30ebe205ae433a4a81e8da3828f7d4b3310bf6f6dbd9bad5e9dba6d0,geodesic_action,1.0,35,False
validation,True,0,16301,validation:ergt43_pair_165120028_cf0,0,1,full,1,native_ergt,12011,validation:ergt43_pair_165120028,1,963579447f74e15200dc0e24bdd7d683d34fc981741ee76fa32fa1ad919f135f,geodesic_action,1.0,35,False
validation,True,0,16301,validation:ergt43_pair_165120001_cf0,0,1,full,1,native_ergt,12011,validation:ergt43_pair_165120001,1,a6d7188787b85cc4140ec6b4d742189226a88fbd02fe9b0a00b26cef0d6ffde0,finite_speed_cone,1.0,35,False
validation,True,1,16301,validation:ergt43_pair_165120001_cf1,0,1,full,0,native_ergt,12011,validation:ergt43_pair_165120001,0,d74e1afde3fe509579ccd27b285edb437dfba95b1b933378cf1b3b16fef2e59f,finite_speed_cone,1.0,35,False
validation,True,1,16301,validation:ergt43_pair_165120091_cf1,0,1,full,0,native_ergt,12011,validation:ergt43_pair_165120091,0,feaaad8c78443ff402da5d0054a2063d8fe48f4aa8c7364ea4a1ada3f2f96e96,geodesic_action,1.0,35,False
validation,True,0,16301,validation:ergt43_pair_165120091_cf0,0,1,full,1,native_ergt,12011,validation:ergt43_pair_165120091,1,a8bd14ed4068b5545a2d6a8fd2bc66cd0e2021ca7580f4390d3ee454dc7b946f,geodesic_action,1.0,35,False
validation,True,1,16301,validation:ergt43_pair_165120045_cf1,0,1,full,0,native_ergt,12011,validation:ergt43_pair_165120045,0,cac311e2614a983d0fb61ddbec39ea777f0ee091393dc952e9e22fef34e6640d,payload_transport,1.0,35,False
validation,True,0,16301,validation:ergt43_pair_165120045_cf0,0,1,full,1,native_ergt,12011,validation:ergt43_pair_165120045,1,1a1520d37f70cf4501e7101f5c4bea224de64267589e00f28e0bf162efaac55b,payload_transport,1.0,35,False
validation,True,0,16301,validation:ergt43_pair_165120041_cf0,0,1,full,1,native_ergt,12011,validation:ergt43_pair_165120041,1,a6c10016d9f4eb9c4891b2c67df2640863b2a5bf17dfad3541f55442de7dd6f8,combined_long_horizon,1.0,35,False
validation,True,1,16301,validation:ergt43_pair_165120041_cf1,0,1,full,0,native_ergt,12011,validation:ergt43_pair_165120041,0,6a5f746cb3b31ba7ec271dd68ddbb6cc7d9aa3ddbf9238d5a5124e80846cfd1c,combined_long_horizon,1.0,35,False
validation,True,0,16301,validation:ergt43_pair_165120096_cf0,0,1,full,1,native_ergt,12011,validation:ergt43_pair_165120096,1,08eb3ec7087768b98cba1d3953d6f87f0a466c54931466f05d1ae8b108fb25b5,memory_source_condition,1.0,35,False
validation,True,1,16301,validation:ergt43_pair_165120096_cf1,0,1,full,0,native_ergt,12011,validation:ergt43_pair_165120096,0,ca87d3110fe2a6168d71cc1b9901decb895226416c76edf0ae24ad833e7171db,memory_source_condition,1.0,35,False
validation,True,1,16301,validation:ergt43_pair_165120066_cf1,0,1,full,0,native_ergt,12011,validation:ergt43_pair_165120066,0,357123be054e43a11a23056f325ac536a31bac839a33edf308fef4b6068a0008,payload_transport,1.0,35,False
validation,True,0,16301,validation:ergt43_pair_165120066_cf0,0,1,full,1,native_ergt,12011,validation:ergt43_pair_165120066,1,f212ac8a99add95e0e90509bf1a7e87d7dba80dc25c927cbe276e99dbf4e22f2,payload_transport,1.0,35,False
validation,True,1,16301,validation:ergt43_pair_165120024_cf1,0,1,full,0,native_ergt,12011,validation:ergt43_pair_165120024,0,e6a670fbd429c3ddf83e4aba339839f3ca4116c062abb4f53c3d444dec8c404b,payload_transport,1.0,35,False
validation,True,0,16301,validation:ergt43_pair_165120024_cf0,0,1,full,1,native_ergt,12011,validation:ergt43_pair_165120024,1,772c6ae0f5e81ac5334654fab66e9ef47ae75327829ee292cc6df65bfccc8a11,payload_transport,1.0,35,False
validation,True,1,16301,validation:ergt43_pair_165120011_cf1,0,1,full,0,native_ergt,12011,validation:ergt43_pair_165120011,0,349676e9f6e3e9e1a091892877323e1b4e6f654583cc9ee7dbffe96d1709463b,terminal_mass,1.0,35,False
validation,True,0,16301,validation:ergt43_pair_165120011_cf0,0,1,full,1,native_ergt,12011,validation:ergt43_pair_165120011,1,080ebf59eed429078ce15c902070f271afc68e21a788ac1ee42d04109294874d,terminal_mass,1.0,35,False
validation,True,0,16301,validation:ergt43_pair_165120079_cf0,0,1,full,1,native_ergt,12011,validation:ergt43_pair_165120079,1,38c6d220d77fdfddc9c9a072dc1917fc8c0f77a78813d8c3c3d7ef6c82abed5e,boundary_deficit,1.0,35,False
validation,True,1,16301,validation:ergt43_pair_165120079_cf1,0,1,full,0,native_ergt,12011,validation:ergt43_pair_165120079,0,8b46221ad4b86ef77aab852cc2764eb4329ee8f3666904a92f2316c4d3cd82a8,boundary_deficit,1.0,35,False
validation,True,1,16301,validation:ergt43_pair_165120008_cf1,0,1,full,0,native_ergt,12011,validation:ergt43_pair_165120008,0,644fd3969905ed91a92d2525b7d4499e47189556edc3f891189a4c7b8dda8811,finite_speed_cone,1.0,35,False
validation,True,0,16301,validation:ergt43_pair_165120008_cf0,0,1,full,1,native_ergt,12011,validation:ergt43_pair_165120008,1,675835534b60f4a5e3dc36718a0e3eb0aca0f824794e93c900ef870955fa066c,finite_speed_cone,1.0,35,False
validation,True,1,16301,validation:ergt43_pair_165120038_cf1,0,1,full,0,native_ergt,12011,validation:ergt43_pair_165120038,0,49e4a34082dd21a0292cb729bc37e314b7c7a7c3c03bd97a4e5cc2e6af74f8df,payload_transport,1.0,35,False
validation,True,0,16301,validation:ergt43_pair_165120038_cf0,0,1,full,1,native_ergt,12011,validation:ergt43_pair_165120038,1,f1466054e8e8c8338692c67fcc0169142fe5501cbe953ae703b912fdedaf8398,payload_transport,1.0,35,False
validation,True,1,16301,validation:ergt43_pair_165120055_cf1,0,1,full,0,native_ergt,12011,validation:ergt43_pair_165120055,0,e1d574c4d1387d22a6070d701593384b91b1b629081fd61868b7aee610644bb1,combined_long_horizon,1.0,35,False
validation,True,0,16301,validation:ergt43_pair_165120055_cf0,0,1,full,1,native_ergt,12011,validation:ergt43_pair_165120055,1,96cd8736431f0df6da762a6e6212981704c87983003b414171f1f0ef9aff8e16,combined_long_horizon,1.0,35,False
validation,True,0,16301,validation:ergt43_pair_165120095_cf0,0,1,full,1,native_ergt,12011,validation:ergt43_pair_165120095,1,b0759167e31f29c867114f8d9f551301982e5704d395e618e87ff164eee99728,terminal_mass,1.0,35,False
validation,True,1,16301,validation:ergt43_pair_165120095_cf1,0,1,full,0,native_ergt,12011,validation:ergt43_pair_165120095,0,1c09d9afc411221924dd28084bb1fe73055d8df5eb654b8d1d594af7c8d31056,terminal_mass,1.0,35,False
validation,True,1,16301,validation:ergt43_pair_165120036_cf1,,1,,0,direct_transformer,12011,validation:ergt43_pair_165120036,0,b7b4e8f9343fabb6c6f7598c74fdc25292e48867e703fa5426334b790fa79583,finite_speed_cone,,35,False
validation,True,0,16301,validation:ergt43_pair_165120036_cf0,,1,,1,direct_transformer,12011,validation:ergt43_pair_165120036,1,d8cb7cd511942fa4ddbdc935fee3c6464adeb4e1b36cc417ccd7e239f0d890a2,finite_speed_cone,,35,False
validation,True,1,16301,validation:ergt43_pair_165120052_cf1,,1,,0,direct_transformer,12011,validation:ergt43_pair_165120052,0,301b0f4cde3cc86cc795a56e0346ac047ed2f6ec2926224e6534fbe250a3e388,payload_transport,,35,False
validation,False,0,16301,validation:ergt43_pair_165120052_cf0,,1,,1,direct_transformer,12011,validation:ergt43_pair_165120052,0,b9bacfddcad9e42c6a0fdb1467ff11aa33c193eca12d795016026cf22885d197,payload_transport,,35,False
validation,True,1,16301,validation:ergt43_pair_165120074_cf1,,1,,0,direct_transformer,12011,validation:ergt43_pair_165120074,0,7f2bc4acf002d79bfd1b44d5a7f1c3565f21ab80073c06d0e9d371a55d59ee29,terminal_mass,,35,False
validation,False,0,16301,validation:ergt43_pair_165120074_cf0,,1,,1,direct_transformer,12011,validation:ergt43_pair_165120074,0,531fa5c3a99dd3cacdedccd48a604d756b4d2fceeb8896d16409aaf1ba64d0c0,terminal_mass,,35,False
validation,False,0,16301,validation:ergt43_pair_165120097_cf0,,1,,1,direct_transformer,12011,validation:ergt43_pair_165120097,0,bbcb262e782cfec5697c457556f09c680a4c58cc7083d8fce0ab720941c2f22b,combined_long_horizon,,35,False
validation,False,1,16301,validation:ergt43_pair_165120097_cf1,,1,,0,direct_transformer,12011,validation:ergt43_pair_165120097,1,8447f7eb6d50a0a8a1ce1e9ff47521be0a194983e2b67709d3faa5ae5ec9351a,combined_long_horizon,,35,False
validation,False,1,16301,validation:ergt43_pair_165120007_cf1,,1,,0,direct_transformer,12011,validation:ergt43_pair_165120007,1,a1572cb65d7399b8cf1964fea1be7bbe4150a05da95f7e0e4d0738088d1d6c93,geodesic_action,,35,False
validation,True,0,16301,validation:ergt43_pair_165120007_cf0,,1,,1,direct_transformer,12011,validation:ergt43_pair_165120007,1,26f094916f7c61ec7e58d8a1cc65aa5b31fbc9cedea12d6f65c7205fe48e0cd7,geodesic_action,,35,False
validation,False,1,16301,validation:ergt43_pair_165120026_cf1,,1,,0,direct_transformer,12011,validation:ergt43_pair_165120026,1,c66ddc810415f6179e6c218a227397ac9c9fc840837ede43f10be0f9a55bfd4b,memory_source_condition,,35,False
validation,False,0,16301,validation:ergt43_pair_165120026_cf0,,1,,1,direct_transformer,12011,validation:ergt43_pair_165120026,0,eee4c8a9eea49ab80357c71f2c600b556493d9cf2d1ed1bb46afc2eb530263ec,memory_source_condition,,35,False
validation,True,0,16301,validation:ergt43_pair_165120076_cf0,,1,,1,direct_transformer,12011,validation:ergt43_pair_165120076,1,fa6c9e4e66bb8fedbc4cd00034b0999928d5aee6c29a3a42831b14c83ef58f9c,combined_long_horizon,,35,False
validation,True,1,16301,validation:ergt43_pair_165120076_cf1,,1,,0,direct_transformer,12011,validation:ergt43_pair_165120076,0,484a1d7714c808a3a82e383451b9343c1aa8877d8df52e79aaf0f475ce8d8964,combined_long_horizon,,35,False
validation,False,0,16301,validation:ergt43_pair_165120012_cf0,,1,,1,direct_transformer,12011,validation:ergt43_pair_165120012,0,03e7ce2c97203d499938db76585332e44f6d1ed0550172be7d69c4afea3b43f1,memory_source_condition,,35,False
validation,False,1,16301,validation:ergt43_pair_165120012_cf1,,1,,0,direct_transformer,12011,validation:ergt43_pair_165120012,1,3d291050c44f2087614fc8567547df735bd662b1b7428bbe3b72951c77b8ef90,memory_source_condition,,35,False
validation,False,1,16301,validation:ergt43_pair_165120078_cf1,,1,,0,direct_transformer,12011,validation:ergt43_pair_165120078,1,b71490f5dbf1768d899bddd9b35ec92c1ad2cdc0994db7736606b78a1ad8c57f,finite_speed_cone,,35,False
validation,False,0,16301,validation:ergt43_pair_165120078_cf0,,1,,1,direct_transformer,12011,validation:ergt43_pair_165120078,0,e800b148666b2f85b6bacfca199c4958aa5bdaf4bef8fc28e95e386bce13fcbe,finite_speed_cone,,35,False
validation,False,1,16301,validation:ergt43_pair_165120023_cf1,,1,,0,direct_transformer,12011,validation:ergt43_pair_165120023,1,c06a5ec8170235da4ee497eaa39ffd3898dd039dac6c0424b8549b5b55a89cdf,boundary_deficit,,35,False
validation,True,0,16301,validation:ergt43_pair_165120023_cf0,,1,,1,direct_transformer,12011,validation:ergt43_pair_165120023,1,dbfe2437ef729165f0bba73830430651aa31df37702082299031918a473b9b74,boundary_deficit,,35,False
validation,True,0,16301,validation:ergt43_pair_165120051_cf0,,1,,1,direct_transformer,12011,validation:ergt43_pair_165120051,1,b8097780029dc743e078bf08a8ec3e502342fe7c7540642cd5c1c73d11f46134,boundary_deficit,,35,False
validation,True,1,16301,validation:ergt43_pair_165120051_cf1,,1,,0,direct_transformer,12011,validation:ergt43_pair_165120051,0,aa7e542a181e2adcba82cb7a1cc4d97ce2dbf136c8e0e6f39ab02f2c1cfd0b81,boundary_deficit,,35,False
validation,True,1,16301,validation:ergt43_pair_165120057_cf1,,1,,0,direct_transformer,12011,validation:ergt43_pair_165120057,0,430c911f9349aca9db5e3cb8f60b6505b6f6f219a3c2221cf19605bc6aff301f,finite_speed_cone,,35,False
validation,False,0,16301,validation:ergt43_pair_165120057_cf0,,1,,1,direct_transformer,12011,validation:ergt43_pair_165120057,0,9b72705db69e24787fb419e5fbc140b669e823a7efd155768c5b2fc9ffd28554,finite_speed_cone,,35,False
validation,False,1,16301,validation:ergt43_pair_165120040_cf1,,1,,0,direct_transformer,12011,validation:ergt43_pair_165120040,1,f6c65131939fa9ab7f33dc399b4222bb166196dd4f38dc9cdfe0c3d2e03f2a28,memory_source_condition,,35,False
validation,False,0,16301,validation:ergt43_pair_165120040_cf0,,1,,1,direct_transformer,12011,validation:ergt43_pair_165120040,0,959c6f027fe4eac9261af31f70f671a1ab9adedbb15e71284288cefe4cef82ee,memory_source_condition,,35,False
validation,False,1,16301,validation:ergt43_pair_165120092_cf1,,1,,0,direct_transformer,12011,validation:ergt43_pair_165120092,1,4d1c24682f552acafed66273b4e409e7b35f0bfaa0fe08435a93601de03c9f20,finite_speed_cone,,35,False
validation,True,0,16301,validation:ergt43_pair_165120092_cf0,,1,,1,direct_transformer,12011,validation:ergt43_pair_165120092,1,c423d96736019c8b8fd722f9783c1e41829104fb3c38e293e3f19d8932c9c534,finite_speed_cone,,35,False
validation,True,1,16301,validation:ergt43_pair_165120058_cf1,,1,,0,direct_transformer,12011,validation:ergt43_pair_165120058,0,dff3bbd24670a8961179b99a4c2a482717dd1ca340eaf0c223b0a948a39f197a,boundary_deficit,,35,False
validation,True,0,16301,validation:ergt43_pair_165120058_cf0,,1,,1,direct_transformer,12011,validation:ergt43_pair_165120058,1,6613b9002074c5b8fd9e259aef92c5804163feac683a7b56fc8b1061db720d10,boundary_deficit,,35,False
validation,True,0,16301,validation:ergt43_pair_165120088_cf0,,1,,1,direct_transformer,12011,validation:ergt43_pair_165120088,1,5257483ba39e5d7e0601af41a89b2931faf7d6d16dc60c2c0212541f737cc264,terminal_mass,,35,False
validation,False,1,16301,validation:ergt43_pair_165120088_cf1,,1,,0,direct_transformer,12011,validation:ergt43_pair_165120088,1,e18ca1bd2fe818284b0b224b6327307cd2f166d6bad96e182b31d23564b278f2,terminal_mass,,35,False
validation,False,0,16301,validation:ergt43_pair_165120054_cf0,,1,,1,direct_transformer,12011,validation:ergt43_pair_165120054,0,5e47d67a13edd81e6835c27ebf9324c6a2ce7f52b133b494312dc99f414b79b4,memory_source_condition,,35,False
validation,False,1,16301,validation:ergt43_pair_165120054_cf1,,1,,0,direct_transformer,12011,validation:ergt43_pair_165120054,1,7397795e91c46d9135877358ef8beefe47dcf7dcdd857f94dd7052b9d5cf5fd1,memory_source_condition,,35,False
validation,True,0,16301,validation:ergt43_pair_165120090_cf0,,1,,1,direct_transformer,12011,validation:ergt43_pair_165120090,1,ee1c04c9407541fe0c8d9f7c69d11030dc1e1d43722084052456b0c0c6c3c5d6,combined_long_horizon,,35,False
validation,True,1,16301,validation:ergt43_pair_165120090_cf1,,1,,0,direct_transformer,12011,validation:ergt43_pair_165120090,0,e776cb2b30d8e429cb10a51391d17735e30be61634228670e0e06d8ef67cef11,combined_long_horizon,,35,False
validation,True,1,16301,validation:ergt43_pair_165120029_cf1,,1,,0,direct_transformer,12011,validation:ergt43_pair_165120029,0,83da6f259fd421bf505d06178792c25553d54e1dee71f9098f2f007f14a530aa,finite_speed_cone,,35,False
validation,True,0,16301,validation:ergt43_pair_165120029_cf0,,1,,1,direct_transformer,12011,validation:ergt43_pair_165120029,1,5bf86cc638d4c7d55e1a99b9041084832e7fabc192f27d6e7b27b5680e4eb6b7,finite_speed_cone,,35,False
validation,True,0,16301,validation:ergt43_pair_165120030_cf0,,1,,1,direct_transformer,12011,validation:ergt43_pair_165120030,1,0cde3c62b1576a5350fb94682f14ad13c2572eea7732ab305fe182801286b9a5,boundary_deficit,,35,False
validation,True,1,16301,validation:ergt43_pair_165120030_cf1,,1,,0,direct_transformer,12011,validation:ergt43_pair_165120030,0,eefcaf9e229bae084d389ed132275e4b45d5d8f1b02e036e31cc2db05a1f3711,boundary_deficit,,35,False
validation,True,0,16301,validation:ergt43_pair_165120018_cf0,,1,,1,direct_transformer,12011,validation:ergt43_pair_165120018,1,bcd2e96a294fde9970319916a7500d35ced4079a7757b238767a3eaabeaa4b38,terminal_mass,,35,False
validation,False,1,16301,validation:ergt43_pair_165120018_cf1,,1,,0,direct_transformer,12011,validation:ergt43_pair_165120018,1,8700d2b84d0dd795c9f2089fa6388cece7dc5376df0acef76e83b8f510ca68fa,terminal_mass,,35,False
validation,True,0,16301,validation:ergt43_pair_165120089_cf0,,1,,1,direct_transformer,12011,validation:ergt43_pair_165120089,1,ebf816b2136626ca4955acadb65a0f41c897dfdc4d31946cce8b8be84f4cf510,memory_source_condition,,35,False
validation,False,1,16301,validation:ergt43_pair_165120089_cf1,,1,,0,direct_transformer,12011,validation:ergt43_pair_165120089,1,57a28726a4527bfd6e6354151526112316eb3558d7d546dd5ff698bb00fd16dc,memory_source_condition,,35,False
validation,False,1,16301,validation:ergt43_pair_165120027_cf1,,1,,0,direct_transformer,12011,validation:ergt43_pair_165120027,1,e7457e6ba37d14d50756f4a286a3445117518aabdb0852cc5757a4ac05b544c4,combined_long_horizon,,35,False
validation,False,0,16301,validation:ergt43_pair_165120027_cf0,,1,,1,direct_transformer,12011,validation:ergt43_pair_165120027,0,a6a9ff92c874dcd248a60e42e3596e905a20dc6ef2b974bbbc47798a0844c8ae,combined_long_horizon,,35,False
validation,False,1,16301,validation:ergt43_pair_165120080_cf1,,1,,0,direct_transformer,12011,validation:ergt43_pair_165120080,1,fec44155a5f73a4ce56e03065bebb98a796d0049e6e2cc97d7bbde23df114422,payload_transport,,35,False
validation,False,0,16301,validation:ergt43_pair_165120080_cf0,,1,,1,direct_transformer,12011,validation:ergt43_pair_165120080,0,c2f5be36de28d37dfb5c6596de678646ec080af14b243092cbe645857e4f50c0,payload_transport,,35,False
validation,False,0,16301,validation:ergt43_pair_165120083_cf0,,1,,1,direct_transformer,12011,validation:ergt43_pair_165120083,0,65140f65090881548049764529172a3417aa027ee7923762a70670d9e6f16b66,combined_long_horizon,,35,False
validation,False,1,16301,validation:ergt43_pair_165120083_cf1,,1,,0,direct_transformer,12011,validation:ergt43_pair_165120083,1,6d3591b1a43a841b499b776798c83dc82a525144050cfc12f7605b54b6fce3ec,combined_long_horizon,,35,False
validation,False,0,16301,validation:ergt43_pair_165120033_cf0,,1,,1,direct_transformer,12011,validation:ergt43_pair_165120033,0,e9006aec1cd5003b9e85a2d45c07f489ca57851b0cab5ad3375896750ed1dc98,memory_source_condition,,35,False
validation,True,1,16301,validation:ergt43_pair_165120033_cf1,,1,,0,direct_transformer,12011,validation:ergt43_pair_165120033,0,5bd038ba52a7ba0354e5c32cae40805b2fb7db84097cd60df2bd6b8dbe88f0af,memory_source_condition,,35,False
validation,True,0,16301,validation:ergt43_pair_165120002_cf0,,1,,1,direct_transformer,12011,validation:ergt43_pair_165120002,1,91b99d6f499726c099c9e9ca8da0784df0bc33b3c3f38cfd1388b3e4a1e3bb26,boundary_deficit,,35,False
validation,True,1,16301,validation:ergt43_pair_165120002_cf1,,1,,0,direct_transformer,12011,validation:ergt43_pair_165120002,0,b6c619b911b6925de8119cd365e6779005c41dde258f59de589fec20fcbbaf6d,boundary_deficit,,35,False
validation,True,1,16301,validation:ergt43_pair_165120064_cf1,,1,,0,direct_transformer,12011,validation:ergt43_pair_165120064,0,b4a0bfede9fdd919c8cf76171dfa1b9b22b70798e3764383a2b08ba16a5936f1,finite_speed_cone,,35,False
validation,True,0,16301,validation:ergt43_pair_165120064_cf0,,1,,1,direct_transformer,12011,validation:ergt43_pair_165120064,1,95f567d2053680ba163a161bebe8a532872377708204938126a8ddabe07562ff,finite_speed_cone,,35,False
validation,False,0,16301,validation:ergt43_pair_165120014_cf0,,1,,1,direct_transformer,12011,validation:ergt43_pair_165120014,0,9496088d922c7ffaf48cf254456297da100c82961f4ebb366d27647173dc3219,geodesic_action,,35,False
validation,True,1,16301,validation:ergt43_pair_165120014_cf1,,1,,0,direct_transformer,12011,validation:ergt43_pair_165120014,0,3d42bec468d1deff3da418d5d8e2832de4e141f836efdac9ffdf7da831b77e91,geodesic_action,,35,False
validation,False,1,16301,validation:ergt43_pair_165120016_cf1,,1,,0,direct_transformer,12011,validation:ergt43_pair_165120016,1,1e81d445bda681b658183ccbc42193ed2286d931e28fd75dbb078ef943623841,boundary_deficit,,35,False
validation,False,0,16301,validation:ergt43_pair_165120016_cf0,,1,,1,direct_transformer,12011,validation:ergt43_pair_165120016,0,72c98ce6c8f46855feef7a04843695b235cdd50d84d8aca86d085d1fb6f5322c,boundary_deficit,,35,False
validation,False,1,16301,validation:ergt43_pair_165120060_cf1,,1,,0,direct_transformer,12011,validation:ergt43_pair_165120060,1,e12379a1eab3b49ef95c4695ed7b41337cf5c8c123dadb60f2a3494b6d2a5e2d,terminal_mass,,35,False
validation,True,0,16301,validation:ergt43_pair_165120060_cf0,,1,,1,direct_transformer,12011,validation:ergt43_pair_165120060,1,61b20fee87e9d9a10ba37b2bc3582bb7a4cf21ac30e961a67026855263a46647,terminal_mass,,35,False
validation,False,0,16301,validation:ergt43_pair_165120053_cf0,,1,,1,direct_transformer,12011,validation:ergt43_pair_165120053,0,b2f92c1af01cf2649239b7056d3d5fde5ac13f1a89001e3884c6f116a6c1d204,terminal_mass,,35,False
validation,True,1,16301,validation:ergt43_pair_165120053_cf1,,1,,0,direct_transformer,12011,validation:ergt43_pair_165120053,0,f3ff41523d18c198be459cd227a6575b79067b619caf57f23642c93ee2ed4c2e,terminal_mass,,35,False
validation,False,0,16301,validation:ergt43_pair_165120042_cf0,,1,,1,direct_transformer,12011,validation:ergt43_pair_165120042,0,e0fc4f5447c565c0c5afacca16ce34c601bee2cfedcdfe26ed1e4a969e087642,geodesic_action,,35,False
validation,True,1,16301,validation:ergt43_pair_165120042_cf1,,1,,0,direct_transformer,12011,validation:ergt43_pair_165120042,0,d2557fa8c14fbf6742044edf471f55b05fb7ba194e9ba19ed76d1ae16b4eecff,geodesic_action,,35,False
validation,True,0,16301,validation:ergt43_pair_165120009_cf0,,1,,1,direct_transformer,12011,validation:ergt43_pair_165120009,1,44801bffa711488c26025e66ec2bc97097cc298147dc36572166c8edb9009255,boundary_deficit,,35,False
validation,True,1,16301,validation:ergt43_pair_165120009_cf1,,1,,0,direct_transformer,12011,validation:ergt43_pair_165120009,0,8789121ba0eb702469b848efb8baf88df3ed89db08e2852a4f8632b996cac99b,boundary_deficit,,35,False
validation,False,0,16301,validation:ergt43_pair_165120000_cf0,,1,,1,direct_transformer,12011,validation:ergt43_pair_165120000,0,73ed5ff0598d5a40a4fec2c87886c4ff95fe17088b14874c33653499e297e237,geodesic_action,,35,False
validation,True,1,16301,validation:ergt43_pair_165120000_cf1,,1,,0,direct_transformer,12011,validation:ergt43_pair_165120000,0,d326e8b9a15a2a618271597d72303b9b2fafe8d665e4d414d03f9b799752b678,geodesic_action,,35,False
validation,True,1,16301,validation:ergt43_pair_165120028_cf1,,1,,0,direct_transformer,12011,validation:ergt43_pair_165120028,0,b38d1f5f30ebe205ae433a4a81e8da3828f7d4b3310bf6f6dbd9bad5e9dba6d0,geodesic_action,,35,False
validation,False,0,16301,validation:ergt43_pair_165120028_cf0,,1,,1,direct_transformer,12011,validation:ergt43_pair_165120028,0,963579447f74e15200dc0e24bdd7d683d34fc981741ee76fa32fa1ad919f135f,geodesic_action,,35,False
validation,True,0,16301,validation:ergt43_pair_165120001_cf0,,1,,1,direct_transformer,12011,validation:ergt43_pair_165120001,1,a6d7188787b85cc4140ec6b4d742189226a88fbd02fe9b0a00b26cef0d6ffde0,finite_speed_cone,,35,False
validation,True,1,16301,validation:ergt43_pair_165120001_cf1,,1,,0,direct_transformer,12011,validation:ergt43_pair_165120001,0,d74e1afde3fe509579ccd27b285edb437dfba95b1b933378cf1b3b16fef2e59f,finite_speed_cone,,35,False
validation,True,1,16301,validation:ergt43_pair_165120091_cf1,,1,,0,direct_transformer,12011,validation:ergt43_pair_165120091,0,feaaad8c78443ff402da5d0054a2063d8fe48f4aa8c7364ea4a1ada3f2f96e96,geodesic_action,,35,False
validation,False,0,16301,validation:ergt43_pair_165120091_cf0,,1,,1,direct_transformer,12011,validation:ergt43_pair_165120091,0,a8bd14ed4068b5545a2d6a8fd2bc66cd0e2021ca7580f4390d3ee454dc7b946f,geodesic_action,,35,False
validation,False,1,16301,validation:ergt43_pair_165120045_cf1,,1,,0,direct_transformer,12011,validation:ergt43_pair_165120045,2,cac311e2614a983d0fb61ddbec39ea777f0ee091393dc952e9e22fef34e6640d,payload_transport,,35,False
validation,False,0,16301,validation:ergt43_pair_165120045_cf0,,1,,1,direct_transformer,12011,validation:ergt43_pair_165120045,2,1a1520d37f70cf4501e7101f5c4bea224de64267589e00f28e0bf162efaac55b,payload_transport,,35,False
validation,True,0,16301,validation:ergt43_pair_165120041_cf0,,1,,1,direct_transformer,12011,validation:ergt43_pair_165120041,1,a6c10016d9f4eb9c4891b2c67df2640863b2a5bf17dfad3541f55442de7dd6f8,combined_long_horizon,,35,False
validation,True,1,16301,validation:ergt43_pair_165120041_cf1,,1,,0,direct_transformer,12011,validation:ergt43_pair_165120041,0,6a5f746cb3b31ba7ec271dd68ddbb6cc7d9aa3ddbf9238d5a5124e80846cfd1c,combined_long_horizon,,35,False
validation,False,0,16301,validation:ergt43_pair_165120096_cf0,,1,,1,direct_transformer,12011,validation:ergt43_pair_165120096,0,08eb3ec7087768b98cba1d3953d6f87f0a466c54931466f05d1ae8b108fb25b5,memory_source_condition,,35,False
validation,False,1,16301,validation:ergt43_pair_165120096_cf1,,1,,0,direct_transformer,12011,validation:ergt43_pair_165120096,1,ca87d3110fe2a6168d71cc1b9901decb895226416c76edf0ae24ad833e7171db,memory_source_condition,,35,False
validation,False,1,16301,validation:ergt43_pair_165120066_cf1,,1,,0,direct_transformer,12011,validation:ergt43_pair_165120066,1,357123be054e43a11a23056f325ac536a31bac839a33edf308fef4b6068a0008,payload_transport,,35,False
validation,False,0,16301,validation:ergt43_pair_165120066_cf0,,1,,1,direct_transformer,12011,validation:ergt43_pair_165120066,0,f212ac8a99add95e0e90509bf1a7e87d7dba80dc25c927cbe276e99dbf4e22f2,payload_transport,,35,False
validation,False,1,16301,validation:ergt43_pair_165120024_cf1,,1,,0,direct_transformer,12011,validation:ergt43_pair_165120024,1,e6a670fbd429c3ddf83e4aba339839f3ca4116c062abb4f53c3d444dec8c404b,payload_transport,,35,False
validation,False,0,16301,validation:ergt43_pair_165120024_cf0,,1,,1,direct_transformer,12011,validation:ergt43_pair_165120024,0,772c6ae0f5e81ac5334654fab66e9ef47ae75327829ee292cc6df65bfccc8a11,payload_transport,,35,False
validation,True,1,16301,validation:ergt43_pair_165120011_cf1,,1,,0,direct_transformer,12011,validation:ergt43_pair_165120011,0,349676e9f6e3e9e1a091892877323e1b4e6f654583cc9ee7dbffe96d1709463b,terminal_mass,,35,False
validation,False,0,16301,validation:ergt43_pair_165120011_cf0,,1,,1,direct_transformer,12011,validation:ergt43_pair_165120011,0,080ebf59eed429078ce15c902070f271afc68e21a788ac1ee42d04109294874d,terminal_mass,,35,False
validation,True,0,16301,validation:ergt43_pair_165120079_cf0,,1,,1,direct_transformer,12011,validation:ergt43_pair_165120079,1,38c6d220d77fdfddc9c9a072dc1917fc8c0f77a78813d8c3c3d7ef6c82abed5e,boundary_deficit,,35,False
validation,True,1,16301,validation:ergt43_pair_165120079_cf1,,1,,0,direct_transformer,12011,validation:ergt43_pair_165120079,0,8b46221ad4b86ef77aab852cc2764eb4329ee8f3666904a92f2316c4d3cd82a8,boundary_deficit,,35,False
validation,True,1,16301,validation:ergt43_pair_165120008_cf1,,1,,0,direct_transformer,12011,validation:ergt43_pair_165120008,0,644fd3969905ed91a92d2525b7d4499e47189556edc3f891189a4c7b8dda8811,finite_speed_cone,,35,False
validation,True,0,16301,validation:ergt43_pair_165120008_cf0,,1,,1,direct_transformer,12011,validation:ergt43_pair_165120008,1,675835534b60f4a5e3dc36718a0e3eb0aca0f824794e93c900ef870955fa066c,finite_speed_cone,,35,False
validation,False,1,16301,validation:ergt43_pair_165120038_cf1,,1,,0,direct_transformer,12011,validation:ergt43_pair_165120038,1,49e4a34082dd21a0292cb729bc37e314b7c7a7c3c03bd97a4e5cc2e6af74f8df,payload_transport,,35,False
validation,True,0,16301,validation:ergt43_pair_165120038_cf0,,1,,1,direct_transformer,12011,validation:ergt43_pair_165120038,1,f1466054e8e8c8338692c67fcc0169142fe5501cbe953ae703b912fdedaf8398,payload_transport,,35,False
validation,False,1,16301,validation:ergt43_pair_165120055_cf1,,1,,0,direct_transformer,12011,validation:ergt43_pair_165120055,1,e1d574c4d1387d22a6070d701593384b91b1b629081fd61868b7aee610644bb1,combined_long_horizon,,35,False
validation,False,0,16301,validation:ergt43_pair_165120055_cf0,,1,,1,direct_transformer,12011,validation:ergt43_pair_165120055,0,96cd8736431f0df6da762a6e6212981704c87983003b414171f1f0ef9aff8e16,combined_long_horizon,,35,False
validation,False,0,16301,validation:ergt43_pair_165120095_cf0,,1,,1,direct_transformer,12011,validation:ergt43_pair_165120095,0,b0759167e31f29c867114f8d9f551301982e5704d395e618e87ff164eee99728,terminal_mass,,35,False
validation,True,1,16301,validation:ergt43_pair_165120095_cf1,,1,,0,direct_transformer,12011,validation:ergt43_pair_165120095,0,1c09d9afc411221924dd28084bb1fe73055d8df5eb654b8d1d594af7c8d31056,terminal_mass,,35,False
hop_4,True,1,16301,test_hop_4:ergt43_pair_173050016_cf1,0,4,full,0,native_ergt,12011,test_hop_4:ergt43_pair_173050016,0,8155fc8374323bde6009fa5e464eb6898b64678acf4a204a22a365de103c4df0,boundary_deficit,4.0,95,False
hop_4,True,0,16301,test_hop_4:ergt43_pair_173050016_cf0,0,4,full,1,native_ergt,12011,test_hop_4:ergt43_pair_173050016,1,f1d321f45aeabb9619d7b529b01355de2cb72e7c462b7ba4f7304621e123bbfc,boundary_deficit,4.0,95,False
hop_4,True,1,16301,test_hop_4:ergt43_pair_173050048_cf1,0,4,full,0,native_ergt,12011,test_hop_4:ergt43_pair_173050048,0,6099769a05c1527e93a39c5ad1a4c899a8ee3cb153b41a2acaefb85675207e85,combined_long_horizon,4.0,95,False
hop_4,True,0,16301,test_hop_4:ergt43_pair_173050048_cf0,0,4,full,1,native_ergt,12011,test_hop_4:ergt43_pair_173050048,1,6e4b9e5751d07dd600f3ca7bbd29ce0feb2bfea506a833cf508bd28d6dcecf4d,combined_long_horizon,4.0,95,False
hop_4,True,1,16301,test_hop_4:ergt43_pair_173050044_cf1,0,4,full,0,native_ergt,12011,test_hop_4:ergt43_pair_173050044,0,74b63c0e6938eae9c715a0bc617825125a8f4b0d97dc8324a903d6e8b67ce9c5,boundary_deficit,4.0,95,False
hop_4,True,0,16301,test_hop_4:ergt43_pair_173050044_cf0,0,4,full,1,native_ergt,12011,test_hop_4:ergt43_pair_173050044,1,e89aa3dde8777e4485ef78324e6506bb43881d23ad9196f296d27d3f691a35dd,boundary_deficit,4.0,95,False
hop_4,True,0,16301,test_hop_4:ergt43_pair_173050032_cf0,0,4,full,1,native_ergt,12011,test_hop_4:ergt43_pair_173050032,1,d9f69efd6850b967d75f2263bada1b1e2844a90f2859cbf7345c5430fd8d5d5f,terminal_mass,4.0,95,False
hop_4,True,1,16301,test_hop_4:ergt43_pair_173050032_cf1,0,4,full,0,native_ergt,12011,test_hop_4:ergt43_pair_173050032,0,3dd768073efeac45c611eca416b62b5f3f6c5e58aaf68e95922dec06f331a402,terminal_mass,4.0,95,False
hop_4,True,1,16301,test_hop_4:ergt43_pair_173050050_cf1,0,4,full,0,native_ergt,12011,test_hop_4:ergt43_pair_173050050,0,d69451d1baba652376856dee65a75ca1b1793b95d90b6c6a71e0871ff5e1a122,finite_speed_cone,4.0,95,False
hop_4,True,0,16301,test_hop_4:ergt43_pair_173050050_cf0,0,4,full,1,native_ergt,12011,test_hop_4:ergt43_pair_173050050,1,c236c47954cdb34d8f9db58864bdf3c570cc311c4c5207b73e6dbb5bad3e13d0,finite_speed_cone,4.0,95,False
hop_4,True,1,16301,test_hop_4:ergt43_pair_173050006_cf1,0,4,full,0,native_ergt,12011,test_hop_4:ergt43_pair_173050006,0,7e1e28d8e3cfb43b8bc6f8965570d8b69648390275a63f4282f5ca2795e85b76,combined_long_horizon,4.0,95,False
hop_4,True,0,16301,test_hop_4:ergt43_pair_173050006_cf0,0,4,full,1,native_ergt,12011,test_hop_4:ergt43_pair_173050006,1,348c996916f93b71ed02d25b87fbf2ad0ad83ec38757dd70c55a2d9025a21f70,combined_long_horizon,4.0,95,False
hop_4,True,1,16301,test_hop_4:ergt43_pair_173050042_cf1,0,4,full,0,native_ergt,12011,test_hop_4:ergt43_pair_173050042,0,53d9e6b2261938ee9dbad367df9759d077e9c5c37791e24435592775cb83f2bb,geodesic_action,4.0,95,False
hop_4,True,0,16301,test_hop_4:ergt43_pair_173050042_cf0,0,4,full,1,native_ergt,12011,test_hop_4:ergt43_pair_173050042,1,c986d80a87d70cd580871c1a34e79b746d82b2cfb2aa7aae97da50aedcce9830,geodesic_action,4.0,95,False
hop_4,True,1,16301,test_hop_4:ergt43_pair_173050028_cf1,0,4,full,0,native_ergt,12011,test_hop_4:ergt43_pair_173050028,0,2dfa05e6999e3e90a5cd00603f65d4617afb8f8f7045a4e72bfd42ce004e25ad,geodesic_action,4.0,95,False
hop_4,True,0,16301,test_hop_4:ergt43_pair_173050028_cf0,0,4,full,1,native_ergt,12011,test_hop_4:ergt43_pair_173050028,1,0a9bc63f1704b4e3f24280481839f56b21804ba87e080e6166ae0dab968b709a,geodesic_action,4.0,95,False
hop_4,True,0,16301,test_hop_4:ergt43_pair_173050027_cf0,0,4,full,1,native_ergt,12011,test_hop_4:ergt43_pair_173050027,1,72f0f21e73a8245cc5bbd02b0acc1aa1fa8e97c91825a554822514bb27303b37,combined_long_horizon,4.0,95,False
hop_4,True,1,16301,test_hop_4:ergt43_pair_173050027_cf1,0,4,full,0,native_ergt,12011,test_hop_4:ergt43_pair_173050027,0,18b1b931e35a3848df660b966802bbb249d6ffa2935b5c290f82f4afc6622f45,combined_long_horizon,4.0,95,False
hop_4,True,1,16301,test_hop_4:ergt43_pair_173050003_cf1,0,4,full,0,native_ergt,12011,test_hop_4:ergt43_pair_173050003,0,86fa6b46fd7ce76ebea3a85183f09f29bf1174ad3c4b60d779f28c576ae5fc1d,payload_transport,4.0,95,False
hop_4,True,0,16301,test_hop_4:ergt43_pair_173050003_cf0,0,4,full,1,native_ergt,12011,test_hop_4:ergt43_pair_173050003,1,6d21f47ecacb16355accd82a718218955d1726672fd651c30b3027591159008a,payload_transport,4.0,95,False
hop_4,True,1,16301,test_hop_4:ergt43_pair_173050001_cf1,0,4,full,0,native_ergt,12011,test_hop_4:ergt43_pair_173050001,0,92181ecc45e8421aed90b822cfb8275c7c022075bc120588c82a69d027f8f7d7,finite_speed_cone,4.0,95,False
hop_4,True,0,16301,test_hop_4:ergt43_pair_173050001_cf0,0,4,full,1,native_ergt,12011,test_hop_4:ergt43_pair_173050001,1,c27c2e96628b20e936d2e18c93608f453ba1b60a362421b13cca1e6ba47b8d49,finite_speed_cone,4.0,95,False
hop_4,True,1,16301,test_hop_4:ergt43_pair_173050047_cf1,0,4,full,0,native_ergt,12011,test_hop_4:ergt43_pair_173050047,0,407be12289f345eccdf409153ebfc362cfd624752485da26791fb6b07b7e1d08,memory_source_condition,4.0,95,False
hop_4,True,0,16301,test_hop_4:ergt43_pair_173050047_cf0,0,4,full,1,native_ergt,12011,test_hop_4:ergt43_pair_173050047,1,0ec69da1a270c8031936795ae72bfc7cd467b85898f5d024373f6d0a3d158f4c,memory_source_condition,4.0,95,False
hop_4,True,0,16301,test_hop_4:ergt43_pair_173050025_cf0,0,4,full,1,native_ergt,12011,test_hop_4:ergt43_pair_173050025,1,0e6a6f59004e79ea7c90c3f2de1ffcc5badcfab79806ecd68f75c33861eec11d,terminal_mass,4.0,95,False
hop_4,True,1,16301,test_hop_4:ergt43_pair_173050025_cf1,0,4,full,0,native_ergt,12011,test_hop_4:ergt43_pair_173050025,0,0aaa2add3d9b921b9b6a73c26e5767f0f265cae70995e3700db6b33043eea061,terminal_mass,4.0,95,False
hop_4,True,1,16301,test_hop_4:ergt43_pair_173050046_cf1,0,4,full,0,native_ergt,12011,test_hop_4:ergt43_pair_173050046,0,f3c1d44a972640bcf9bcb2ddc435bd3261113a6c931e0ef914c20bcc0b79f1e5,terminal_mass,4.0,95,False
hop_4,True,0,16301,test_hop_4:ergt43_pair_173050046_cf0,0,4,full,1,native_ergt,12011,test_hop_4:ergt43_pair_173050046,1,97361c331bd2a956f7b7a4232bd3a327d7d633f1f3323b3c8a54e507e7b582ed,terminal_mass,4.0,95,False
hop_4,True,0,16301,test_hop_4:ergt43_pair_173050037_cf0,0,4,full,1,native_ergt,12011,test_hop_4:ergt43_pair_173050037,1,d094cf1e55cab4c0bff5577fa2f7db5c436d49edcc957ea712f8635f8c8ec8f6,boundary_deficit,4.0,95,False
hop_4,True,1,16301,test_hop_4:ergt43_pair_173050037_cf1,0,4,full,0,native_ergt,12011,test_hop_4:ergt43_pair_173050037,0,9f0b9526f1fc96e8095af6f8d78eec471a34ffe17cec60f623842da4823dbc95,boundary_deficit,4.0,95,False
hop_4,True,0,16301,test_hop_4:ergt43_pair_173050021_cf0,0,4,full,1,native_ergt,12011,test_hop_4:ergt43_pair_173050021,1,b412d84c0d3e6547deba0ecf6bcec79a4f790a2e9e66096bed7690706a00c95c,geodesic_action,4.0,95,False
hop_4,True,1,16301,test_hop_4:ergt43_pair_173050021_cf1,0,4,full,0,native_ergt,12011,test_hop_4:ergt43_pair_173050021,0,63f62a1720b396c33833159b224d62c55bd73bfd270502cc74b2033c6ab1764d,geodesic_action,4.0,95,False
hop_4,True,1,16301,test_hop_4:ergt43_pair_173050009_cf1,0,4,full,0,native_ergt,12011,test_hop_4:ergt43_pair_173050009,0,51073e5ceeec0044a3b50aab9da6c7da36d8ef3df0eba61eaded0e62c70c81c7,boundary_deficit,4.0,95,False
hop_4,True,0,16301,test_hop_4:ergt43_pair_173050009_cf0,0,4,full,1,native_ergt,12011,test_hop_4:ergt43_pair_173050009,1,376e0705dd59abb77273f8bb9f8844e231c24833ae5e01601233b9bbf46efd28,boundary_deficit,4.0,95,False
hop_4,True,0,16301,test_hop_4:ergt43_pair_173050014_cf0,0,4,full,1,native_ergt,12011,test_hop_4:ergt43_pair_173050014,1,385136ae443b727ecc49e2e07cf907bed84b0f24bf7f9e8cd65f27c92dffdcb0,geodesic_action,4.0,95,False
hop_4,True,1,16301,test_hop_4:ergt43_pair_173050014_cf1,0,4,full,0,native_ergt,12011,test_hop_4:ergt43_pair_173050014,0,e04c1488e70acca9ae479e17f912b5f59fd110d88b1569df1827a8e6366915d7,geodesic_action,4.0,95,False
hop_4,True,1,16301,test_hop_4:ergt43_pair_173050043_cf1,0,4,full,0,native_ergt,12011,test_hop_4:ergt43_pair_173050043,0,e8a59b8e7ec2403be7e704c512b06f7f55143527e13541ff44afad5872fd6ee6,finite_speed_cone,4.0,95,False
hop_4,True,0,16301,test_hop_4:ergt43_pair_173050043_cf0,0,4,full,1,native_ergt,12011,test_hop_4:ergt43_pair_173050043,1,18ec36cb6fb8166d08cc5a00c9df8482cf440f9e72fa3ec07c5ae0c3a37d4ea4,finite_speed_cone,4.0,95,False
hop_4,True,0,16301,test_hop_4:ergt43_pair_173050053_cf0,0,4,full,1,native_ergt,12011,test_hop_4:ergt43_pair_173050053,1,f5a2062a7b6c4793542f856a7e3a2c7d7c15a1de88c74e483e9e23177a2dcfad,terminal_mass,4.0,95,False
hop_4,True,1,16301,test_hop_4:ergt43_pair_173050053_cf1,0,4,full,0,native_ergt,12011,test_hop_4:ergt43_pair_173050053,0,5151e53fd4ec198311e97342890632e90c34f035598a71ffcc557cf6ac12df50,terminal_mass,4.0,95,False
hop_4,True,1,16301,test_hop_4:ergt43_pair_173050015_cf1,0,4,full,0,native_ergt,12011,test_hop_4:ergt43_pair_173050015,0,33b4642bd44e99282bb704e97dcf6093a6ad01d54c56e366b933672f7c4119cd,finite_speed_cone,4.0,95,False
hop_4,True,0,16301,test_hop_4:ergt43_pair_173050015_cf0,0,4,full,1,native_ergt,12011,test_hop_4:ergt43_pair_173050015,1,2df833362cd2c39833ef994371ac3b44dfbf5ee465841d68017bb2ef706a35fc,finite_speed_cone,4.0,95,False
hop_4,True,1,16301,test_hop_4:ergt43_pair_173050026_cf1,0,4,full,0,native_ergt,12011,test_hop_4:ergt43_pair_173050026,0,ca4c1dc336bed7794f6ebe146b1ee4a15e888893734539e0857fc3919964aeaa,memory_source_condition,4.0,95,False
hop_4,True,0,16301,test_hop_4:ergt43_pair_173050026_cf0,0,4,full,1,native_ergt,12011,test_hop_4:ergt43_pair_173050026,1,dc8fa45a187c20f8a881c918eee504ddcd33d6d9ffc5287ff261f2d6167059f5,memory_source_condition,4.0,95,False
hop_4,True,0,16301,test_hop_4:ergt43_pair_173050019_cf0,0,4,full,1,native_ergt,12011,test_hop_4:ergt43_pair_173050019,1,f5bcf09a94ca645a93affd276d4739165537a22124806a2dafb949c58dc227ba,memory_source_condition,4.0,95,False
hop_4,True,1,16301,test_hop_4:ergt43_pair_173050019_cf1,0,4,full,0,native_ergt,12011,test_hop_4:ergt43_pair_173050019,0,d6436e9da1d6d9f0b86f44716cd55a87f15d43439423b3f6baf9580d284b8bbf,memory_source_condition,4.0,95,False
hop_4,True,1,16301,test_hop_4:ergt43_pair_173050035_cf1,0,4,full,0,native_ergt,12011,test_hop_4:ergt43_pair_173050035,0,2e9b754ed99cc0d1d96a4d195f8b52c7930a721f0ddb1abb80cc5158f53d5a78,geodesic_action,4.0,95,False
hop_4,True,0,16301,test_hop_4:ergt43_pair_173050035_cf0,0,4,full,1,native_ergt,12011,test_hop_4:ergt43_pair_173050035,1,2306aac80bad5283cd262eb7b557d7ebd5cea04d241bf263152b62531690b14d,geodesic_action,4.0,95,False
hop_4,True,1,16301,test_hop_4:ergt43_pair_173050036_cf1,0,4,full,0,native_ergt,12011,test_hop_4:ergt43_pair_173050036,0,5210162db17075270ab23043437dd46515eb7ab27601673f19699d61b5393e5a,finite_speed_cone,4.0,95,False
hop_4,True,0,16301,test_hop_4:ergt43_pair_173050036_cf0,0,4,full,1,native_ergt,12011,test_hop_4:ergt43_pair_173050036,1,39fca3b27cbac06fcc86ede0448bfd8a1877ba67e43c2e23212091985116d11e,finite_speed_cone,4.0,95,False
hop_4,True,0,16301,test_hop_4:ergt43_pair_173050017_cf0,0,4,full,1,native_ergt,12011,test_hop_4:ergt43_pair_173050017,1,32cdf8831ac473998f7ab7f5a298ba482e6f7172936bc13d1a8353cabd07a7b3,payload_transport,4.0,95,False
hop_4,True,1,16301,test_hop_4:ergt43_pair_173050017_cf1,0,4,full,0,native_ergt,12011,test_hop_4:ergt43_pair_173050017,0,2a0f9ef8322fc76b6fd715f4e485f4575ba854334c74acaa936a79d297a7a5c2,payload_transport,4.0,95,False
hop_4,True,1,16301,test_hop_4:ergt43_pair_173050004_cf1,0,4,full,0,native_ergt,12011,test_hop_4:ergt43_pair_173050004,0,d89515eea89792619645c2160bb528ad599872697803ab3b8d61320f1cacd870,terminal_mass,4.0,95,False
hop_4,True,0,16301,test_hop_4:ergt43_pair_173050004_cf0,0,4,full,1,native_ergt,12011,test_hop_4:ergt43_pair_173050004,1,606ff3be92c6a2225541aef9aab116f983549ba11c081fcfaf7110c32615b8cb,terminal_mass,4.0,95,False
hop_4,True,0,16301,test_hop_4:ergt43_pair_173050018_cf0,0,4,full,1,native_ergt,12011,test_hop_4:ergt43_pair_173050018,1,cc670de084ea601ab0738f4c840e36562887aee166e339cf928cedee203689f3,terminal_mass,4.0,95,False
hop_4,True,1,16301,test_hop_4:ergt43_pair_173050018_cf1,0,4,full,0,native_ergt,12011,test_hop_4:ergt43_pair_173050018,0,58933733d466a7785f32f450c0d34cdda0f9b997c83305dc091995f154b1148d,terminal_mass,4.0,95,False
hop_4,True,1,16301,test_hop_4:ergt43_pair_173050016_cf1,,4,,0,direct_transformer,12011,test_hop_4:ergt43_pair_173050016,0,8155fc8374323bde6009fa5e464eb6898b64678acf4a204a22a365de103c4df0,boundary_deficit,,95,False
hop_4,False,0,16301,test_hop_4:ergt43_pair_173050016_cf0,,4,,1,direct_transformer,12011,test_hop_4:ergt43_pair_173050016,0,f1d321f45aeabb9619d7b529b01355de2cb72e7c462b7ba4f7304621e123bbfc,boundary_deficit,,95,False
hop_4,False,1,16301,test_hop_4:ergt43_pair_173050048_cf1,,4,,0,direct_transformer,12011,test_hop_4:ergt43_pair_173050048,1,6099769a05c1527e93a39c5ad1a4c899a8ee3cb153b41a2acaefb85675207e85,combined_long_horizon,,95,False
hop_4,True,0,16301,test_hop_4:ergt43_pair_173050048_cf0,,4,,1,direct_transformer,12011,test_hop_4:ergt43_pair_173050048,1,6e4b9e5751d07dd600f3ca7bbd29ce0feb2bfea506a833cf508bd28d6dcecf4d,combined_long_horizon,,95,False
hop_4,False,1,16301,test_hop_4:ergt43_pair_173050044_cf1,,4,,0,direct_transformer,12011,test_hop_4:ergt43_pair_173050044,2,74b63c0e6938eae9c715a0bc617825125a8f4b0d97dc8324a903d6e8b67ce9c5,boundary_deficit,,95,False
hop_4,False,0,16301,test_hop_4:ergt43_pair_173050044_cf0,,4,,1,direct_transformer,12011,test_hop_4:ergt43_pair_173050044,2,e89aa3dde8777e4485ef78324e6506bb43881d23ad9196f296d27d3f691a35dd,boundary_deficit,,95,False
hop_4,False,0,16301,test_hop_4:ergt43_pair_173050032_cf0,,4,,1,direct_transformer,12011,test_hop_4:ergt43_pair_173050032,0,d9f69efd6850b967d75f2263bada1b1e2844a90f2859cbf7345c5430fd8d5d5f,terminal_mass,,95,False
hop_4,True,1,16301,test_hop_4:ergt43_pair_173050032_cf1,,4,,0,direct_transformer,12011,test_hop_4:ergt43_pair_173050032,0,3dd768073efeac45c611eca416b62b5f3f6c5e58aaf68e95922dec06f331a402,terminal_mass,,95,False
hop_4,True,1,16301,test_hop_4:ergt43_pair_173050050_cf1,,4,,0,direct_transformer,12011,test_hop_4:ergt43_pair_173050050,0,d69451d1baba652376856dee65a75ca1b1793b95d90b6c6a71e0871ff5e1a122,finite_speed_cone,,95,False
hop_4,False,0,16301,test_hop_4:ergt43_pair_173050050_cf0,,4,,1,direct_transformer,12011,test_hop_4:ergt43_pair_173050050,0,c236c47954cdb34d8f9db58864bdf3c570cc311c4c5207b73e6dbb5bad3e13d0,finite_speed_cone,,95,False
hop_4,False,1,16301,test_hop_4:ergt43_pair_173050006_cf1,,4,,0,direct_transformer,12011,test_hop_4:ergt43_pair_173050006,2,7e1e28d8e3cfb43b8bc6f8965570d8b69648390275a63f4282f5ca2795e85b76,combined_long_horizon,,95,False
hop_4,False,0,16301,test_hop_4:ergt43_pair_173050006_cf0,,4,,1,direct_transformer,12011,test_hop_4:ergt43_pair_173050006,2,348c996916f93b71ed02d25b87fbf2ad0ad83ec38757dd70c55a2d9025a21f70,combined_long_horizon,,95,False
hop_4,False,1,16301,test_hop_4:ergt43_pair_173050042_cf1,,4,,0,direct_transformer,12011,test_hop_4:ergt43_pair_173050042,1,53d9e6b2261938ee9dbad367df9759d077e9c5c37791e24435592775cb83f2bb,geodesic_action,,95,False
hop_4,True,0,16301,test_hop_4:ergt43_pair_173050042_cf0,,4,,1,direct_transformer,12011,test_hop_4:ergt43_pair_173050042,1,c986d80a87d70cd580871c1a34e79b746d82b2cfb2aa7aae97da50aedcce9830,geodesic_action,,95,False
hop_4,False,1,16301,test_hop_4:ergt43_pair_173050028_cf1,,4,,0,direct_transformer,12011,test_hop_4:ergt43_pair_173050028,1,2dfa05e6999e3e90a5cd00603f65d4617afb8f8f7045a4e72bfd42ce004e25ad,geodesic_action,,95,False
hop_4,True,0,16301,test_hop_4:ergt43_pair_173050028_cf0,,4,,1,direct_transformer,12011,test_hop_4:ergt43_pair_173050028,1,0a9bc63f1704b4e3f24280481839f56b21804ba87e080e6166ae0dab968b709a,geodesic_action,,95,False
hop_4,True,0,16301,test_hop_4:ergt43_pair_173050027_cf0,,4,,1,direct_transformer,12011,test_hop_4:ergt43_pair_173050027,1,72f0f21e73a8245cc5bbd02b0acc1aa1fa8e97c91825a554822514bb27303b37,combined_long_horizon,,95,False
hop_4,False,1,16301,test_hop_4:ergt43_pair_173050027_cf1,,4,,0,direct_transformer,12011,test_hop_4:ergt43_pair_173050027,1,18b1b931e35a3848df660b966802bbb249d6ffa2935b5c290f82f4afc6622f45,combined_long_horizon,,95,False
hop_4,False,1,16301,test_hop_4:ergt43_pair_173050003_cf1,,4,,0,direct_transformer,12011,test_hop_4:ergt43_pair_173050003,1,86fa6b46fd7ce76ebea3a85183f09f29bf1174ad3c4b60d779f28c576ae5fc1d,payload_transport,,95,False
hop_4,True,0,16301,test_hop_4:ergt43_pair_173050003_cf0,,4,,1,direct_transformer,12011,test_hop_4:ergt43_pair_173050003,1,6d21f47ecacb16355accd82a718218955d1726672fd651c30b3027591159008a,payload_transport,,95,False
hop_4,True,1,16301,test_hop_4:ergt43_pair_173050001_cf1,,4,,0,direct_transformer,12011,test_hop_4:ergt43_pair_173050001,0,92181ecc45e8421aed90b822cfb8275c7c022075bc120588c82a69d027f8f7d7,finite_speed_cone,,95,False
hop_4,False,0,16301,test_hop_4:ergt43_pair_173050001_cf0,,4,,1,direct_transformer,12011,test_hop_4:ergt43_pair_173050001,0,c27c2e96628b20e936d2e18c93608f453ba1b60a362421b13cca1e6ba47b8d49,finite_speed_cone,,95,False
hop_4,True,1,16301,test_hop_4:ergt43_pair_173050047_cf1,,4,,0,direct_transformer,12011,test_hop_4:ergt43_pair_173050047,0,407be12289f345eccdf409153ebfc362cfd624752485da26791fb6b07b7e1d08,memory_source_condition,,95,False
hop_4,False,0,16301,test_hop_4:ergt43_pair_173050047_cf0,,4,,1,direct_transformer,12011,test_hop_4:ergt43_pair_173050047,0,0ec69da1a270c8031936795ae72bfc7cd467b85898f5d024373f6d0a3d158f4c,memory_source_condition,,95,False
hop_4,False,0,16301,test_hop_4:ergt43_pair_173050025_cf0,,4,,1,direct_transformer,12011,test_hop_4:ergt43_pair_173050025,0,0e6a6f59004e79ea7c90c3f2de1ffcc5badcfab79806ecd68f75c33861eec11d,terminal_mass,,95,False
hop_4,True,1,16301,test_hop_4:ergt43_pair_173050025_cf1,,4,,0,direct_transformer,12011,test_hop_4:ergt43_pair_173050025,0,0aaa2add3d9b921b9b6a73c26e5767f0f265cae70995e3700db6b33043eea061,terminal_mass,,95,False
hop_4,True,1,16301,test_hop_4:ergt43_pair_173050046_cf1,,4,,0,direct_transformer,12011,test_hop_4:ergt43_pair_173050046,0,f3c1d44a972640bcf9bcb2ddc435bd3261113a6c931e0ef914c20bcc0b79f1e5,terminal_mass,,95,False
hop_4,False,0,16301,test_hop_4:ergt43_pair_173050046_cf0,,4,,1,direct_transformer,12011,test_hop_4:ergt43_pair_173050046,0,97361c331bd2a956f7b7a4232bd3a327d7d633f1f3323b3c8a54e507e7b582ed,terminal_mass,,95,False
hop_4,True,0,16301,test_hop_4:ergt43_pair_173050037_cf0,,4,,1,direct_transformer,12011,test_hop_4:ergt43_pair_173050037,1,d094cf1e55cab4c0bff5577fa2f7db5c436d49edcc957ea712f8635f8c8ec8f6,boundary_deficit,,95,False
hop_4,False,1,16301,test_hop_4:ergt43_pair_173050037_cf1,,4,,0,direct_transformer,12011,test_hop_4:ergt43_pair_173050037,1,9f0b9526f1fc96e8095af6f8d78eec471a34ffe17cec60f623842da4823dbc95,boundary_deficit,,95,False
hop_4,False,0,16301,test_hop_4:ergt43_pair_173050021_cf0,,4,,1,direct_transformer,12011,test_hop_4:ergt43_pair_173050021,2,b412d84c0d3e6547deba0ecf6bcec79a4f790a2e9e66096bed7690706a00c95c,geodesic_action,,95,False
hop_4,False,1,16301,test_hop_4:ergt43_pair_173050021_cf1,,4,,0,direct_transformer,12011,test_hop_4:ergt43_pair_173050021,2,63f62a1720b396c33833159b224d62c55bd73bfd270502cc74b2033c6ab1764d,geodesic_action,,95,False
hop_4,False,1,16301,test_hop_4:ergt43_pair_173050009_cf1,,4,,0,direct_transformer,12011,test_hop_4:ergt43_pair_173050009,1,51073e5ceeec0044a3b50aab9da6c7da36d8ef3df0eba61eaded0e62c70c81c7,boundary_deficit,,95,False
hop_4,True,0,16301,test_hop_4:ergt43_pair_173050009_cf0,,4,,1,direct_transformer,12011,test_hop_4:ergt43_pair_173050009,1,376e0705dd59abb77273f8bb9f8844e231c24833ae5e01601233b9bbf46efd28,boundary_deficit,,95,False
hop_4,False,0,16301,test_hop_4:ergt43_pair_173050014_cf0,,4,,1,direct_transformer,12011,test_hop_4:ergt43_pair_173050014,0,385136ae443b727ecc49e2e07cf907bed84b0f24bf7f9e8cd65f27c92dffdcb0,geodesic_action,,95,False
hop_4,True,1,16301,test_hop_4:ergt43_pair_173050014_cf1,,4,,0,direct_transformer,12011,test_hop_4:ergt43_pair_173050014,0,e04c1488e70acca9ae479e17f912b5f59fd110d88b1569df1827a8e6366915d7,geodesic_action,,95,False
hop_4,True,1,16301,test_hop_4:ergt43_pair_173050043_cf1,,4,,0,direct_transformer,12011,test_hop_4:ergt43_pair_173050043,0,e8a59b8e7ec2403be7e704c512b06f7f55143527e13541ff44afad5872fd6ee6,finite_speed_cone,,95,False
hop_4,False,0,16301,test_hop_4:ergt43_pair_173050043_cf0,,4,,1,direct_transformer,12011,test_hop_4:ergt43_pair_173050043,0,18ec36cb6fb8166d08cc5a00c9df8482cf440f9e72fa3ec07c5ae0c3a37d4ea4,finite_speed_cone,,95,False
hop_4,True,0,16301,test_hop_4:ergt43_pair_173050053_cf0,,4,,1,direct_transformer,12011,test_hop_4:ergt43_pair_173050053,1,f5a2062a7b6c4793542f856a7e3a2c7d7c15a1de88c74e483e9e23177a2dcfad,terminal_mass,,95,False
hop_4,False,1,16301,test_hop_4:ergt43_pair_173050053_cf1,,4,,0,direct_transformer,12011,test_hop_4:ergt43_pair_173050053,1,5151e53fd4ec198311e97342890632e90c34f035598a71ffcc557cf6ac12df50,terminal_mass,,95,False
hop_4,True,1,16301,test_hop_4:ergt43_pair_173050015_cf1,,4,,0,direct_transformer,12011,test_hop_4:ergt43_pair_173050015,0,33b4642bd44e99282bb704e97dcf6093a6ad01d54c56e366b933672f7c4119cd,finite_speed_cone,,95,False
hop_4,False,0,16301,test_hop_4:ergt43_pair_173050015_cf0,,4,,1,direct_transformer,12011,test_hop_4:ergt43_pair_173050015,0,2df833362cd2c39833ef994371ac3b44dfbf5ee465841d68017bb2ef706a35fc,finite_speed_cone,,95,False
hop_4,True,1,16301,test_hop_4:ergt43_pair_173050026_cf1,,4,,0,direct_transformer,12011,test_hop_4:ergt43_pair_173050026,0,ca4c1dc336bed7794f6ebe146b1ee4a15e888893734539e0857fc3919964aeaa,memory_source_condition,,95,False
hop_4,False,0,16301,test_hop_4:ergt43_pair_173050026_cf0,,4,,1,direct_transformer,12011,test_hop_4:ergt43_pair_173050026,0,dc8fa45a187c20f8a881c918eee504ddcd33d6d9ffc5287ff261f2d6167059f5,memory_source_condition,,95,False
hop_4,True,0,16301,test_hop_4:ergt43_pair_173050019_cf0,,4,,1,direct_transformer,12011,test_hop_4:ergt43_pair_173050019,1,f5bcf09a94ca645a93affd276d4739165537a22124806a2dafb949c58dc227ba,memory_source_condition,,95,False
hop_4,False,1,16301,test_hop_4:ergt43_pair_173050019_cf1,,4,,0,direct_transformer,12011,test_hop_4:ergt43_pair_173050019,1,d6436e9da1d6d9f0b86f44716cd55a87f15d43439423b3f6baf9580d284b8bbf,memory_source_condition,,95,False
hop_4,True,1,16301,test_hop_4:ergt43_pair_173050035_cf1,,4,,0,direct_transformer,12011,test_hop_4:ergt43_pair_173050035,0,2e9b754ed99cc0d1d96a4d195f8b52c7930a721f0ddb1abb80cc5158f53d5a78,geodesic_action,,95,False
hop_4,False,0,16301,test_hop_4:ergt43_pair_173050035_cf0,,4,,1,direct_transformer,12011,test_hop_4:ergt43_pair_173050035,0,2306aac80bad5283cd262eb7b557d7ebd5cea04d241bf263152b62531690b14d,geodesic_action,,95,False
hop_4,True,1,16301,test_hop_4:ergt43_pair_173050036_cf1,,4,,0,direct_transformer,12011,test_hop_4:ergt43_pair_173050036,0,5210162db17075270ab23043437dd46515eb7ab27601673f19699d61b5393e5a,finite_speed_cone,,95,False
hop_4,False,0,16301,test_hop_4:ergt43_pair_173050036_cf0,,4,,1,direct_transformer,12011,test_hop_4:ergt43_pair_173050036,0,39fca3b27cbac06fcc86ede0448bfd8a1877ba67e43c2e23212091985116d11e,finite_speed_cone,,95,False
hop_4,True,0,16301,test_hop_4:ergt43_pair_173050017_cf0,,4,,1,direct_transformer,12011,test_hop_4:ergt43_pair_173050017,1,32cdf8831ac473998f7ab7f5a298ba482e6f7172936bc13d1a8353cabd07a7b3,payload_transport,,95,False
hop_4,False,1,16301,test_hop_4:ergt43_pair_173050017_cf1,,4,,0,direct_transformer,12011,test_hop_4:ergt43_pair_173050017,1,2a0f9ef8322fc76b6fd715f4e485f4575ba854334c74acaa936a79d297a7a5c2,payload_transport,,95,False
hop_4,True,1,16301,test_hop_4:ergt43_pair_173050004_cf1,,4,,0,direct_transformer,12011,test_hop_4:ergt43_pair_173050004,0,d89515eea89792619645c2160bb528ad599872697803ab3b8d61320f1cacd870,terminal_mass,,95,False
hop_4,False,0,16301,test_hop_4:ergt43_pair_173050004_cf0,,4,,1,direct_transformer,12011,test_hop_4:ergt43_pair_173050004,0,606ff3be92c6a2225541aef9aab116f983549ba11c081fcfaf7110c32615b8cb,terminal_mass,,95,False
hop_4,True,0,16301,test_hop_4:ergt43_pair_173050018_cf0,,4,,1,direct_transformer,12011,test_hop_4:ergt43_pair_173050018,1,cc670de084ea601ab0738f4c840e36562887aee166e339cf928cedee203689f3,terminal_mass,,95,False
hop_4,False,1,16301,test_hop_4:ergt43_pair_173050018_cf1,,4,,0,direct_transformer,12011,test_hop_4:ergt43_pair_173050018,1,58933733d466a7785f32f450c0d34cdda0f9b997c83305dc091995f154b1148d,terminal_mass,,95,False
hop_8,True,1,16301,test_hop_8:ergt43_pair_173090046_cf1,0,8,full,0,native_ergt,12011,test_hop_8:ergt43_pair_173090046,0,d5774e68c641d2fb2c6329dadbef07a1a59a103ce6b0f9ecc773989dd0490e11,terminal_mass,8.0,175,False
hop_8,True,0,16301,test_hop_8:ergt43_pair_173090046_cf0,0,8,full,1,native_ergt,12011,test_hop_8:ergt43_pair_173090046,1,654a7dd5355f2e0d6c8435bb7b1dc26b333c6462439084e0b793406d27507a98,terminal_mass,8.0,175,False
hop_8,True,1,16301,test_hop_8:ergt43_pair_173090035_cf1,0,8,full,0,native_ergt,12011,test_hop_8:ergt43_pair_173090035,0,bca8358ee5491a8cd836f31ef6cbd683b249db7c9949b9b217792fcd6af22760,geodesic_action,8.0,175,False
hop_8,True,0,16301,test_hop_8:ergt43_pair_173090035_cf0,0,8,full,1,native_ergt,12011,test_hop_8:ergt43_pair_173090035,1,79dfc95ae032ca6196f31f67cbd6e17e8681b65c8fbbbbfad5955f9eb7213238,geodesic_action,8.0,175,False
hop_8,True,0,16301,test_hop_8:ergt43_pair_173090021_cf0,0,8,full,1,native_ergt,12011,test_hop_8:ergt43_pair_173090021,1,dfeef4c5cc7387e815c4ffa6824718291e86efb57585c86ecedc34a8da7680be,geodesic_action,8.0,175,False
hop_8,True,1,16301,test_hop_8:ergt43_pair_173090021_cf1,0,8,full,0,native_ergt,12011,test_hop_8:ergt43_pair_173090021,0,9836bad209fc191ed384c42da4af90e2a87efeb5139367cd07c3cbea22803a38,geodesic_action,8.0,175,False
hop_8,True,0,16301,test_hop_8:ergt43_pair_173090032_cf0,0,8,full,1,native_ergt,12011,test_hop_8:ergt43_pair_173090032,1,0132cc623b2b473c809636f8e929d417037705c88a3a1b17d1af66ab0f60053d,terminal_mass,8.0,175,False
hop_8,True,1,16301,test_hop_8:ergt43_pair_173090032_cf1,0,8,full,0,native_ergt,12011,test_hop_8:ergt43_pair_173090032,0,dc13ab7be14e1858888a3a59b01368414968284c0987f2aa7a3082e98261bde9,terminal_mass,8.0,175,False
hop_8,True,0,16301,test_hop_8:ergt43_pair_173090023_cf0,0,8,full,1,native_ergt,12011,test_hop_8:ergt43_pair_173090023,1,ba858fd83e0d8fea739b75f79f7da687adfbf3ec23913e41b377b092f3f00f95,boundary_deficit,8.0,175,False
hop_8,True,1,16301,test_hop_8:ergt43_pair_173090023_cf1,0,8,full,0,native_ergt,12011,test_hop_8:ergt43_pair_173090023,0,63276eae366e9557c6e55ebade30806dc939d7f34bc47a5f3a4f0ccf7ab7a61e,boundary_deficit,8.0,175,False
hop_8,True,0,16301,test_hop_8:ergt43_pair_173090011_cf0,0,8,full,1,native_ergt,12011,test_hop_8:ergt43_pair_173090011,1,8fafdcf6dd4549cfe6c0b39cdd40858c470b902a948027a08a9148b4e097bb63,terminal_mass,8.0,175,False
hop_8,True,1,16301,test_hop_8:ergt43_pair_173090011_cf1,0,8,full,0,native_ergt,12011,test_hop_8:ergt43_pair_173090011,0,c6a2fd6f222e6cf85282ed87cfbb4f53077407c633452246931ad93969be2eb4,terminal_mass,8.0,175,False
hop_8,True,0,16301,test_hop_8:ergt43_pair_173090054_cf0,0,8,full,1,native_ergt,12011,test_hop_8:ergt43_pair_173090054,1,94517d12febd1c6872f99c6269b131ecdbfef3b375552f69adfbde6349a81a6c,memory_source_condition,8.0,175,False
hop_8,True,1,16301,test_hop_8:ergt43_pair_173090054_cf1,0,8,full,0,native_ergt,12011,test_hop_8:ergt43_pair_173090054,0,b95fd8ce9f8b6e5bfe8b23e3803c58144ab2aaf42640bb390a94bbef1941b161,memory_source_condition,8.0,175,False
hop_8,True,1,16301,test_hop_8:ergt43_pair_173090014_cf1,0,8,full,0,native_ergt,12011,test_hop_8:ergt43_pair_173090014,0,ae0ec220ed8cabf8a23bd47e62ce3b4498ee7bcaa1551e4743e92b72981bf9c2,geodesic_action,8.0,175,False
hop_8,True,0,16301,test_hop_8:ergt43_pair_173090014_cf0,0,8,full,1,native_ergt,12011,test_hop_8:ergt43_pair_173090014,1,9b604076d3bdecfddec4acb906f1dfa35790b193a977f9c1e6b3f308680df7ab,geodesic_action,8.0,175,False
hop_8,True,1,16301,test_hop_8:ergt43_pair_173090006_cf1,0,8,full,0,native_ergt,12011,test_hop_8:ergt43_pair_173090006,0,d57d4082c8198bff407c126724d226f02341b7e92da47abce60c1b5a610fbc28,combined_long_horizon,8.0,175,False
hop_8,True,0,16301,test_hop_8:ergt43_pair_173090006_cf0,0,8,full,1,native_ergt,12011,test_hop_8:ergt43_pair_173090006,1,c9d0b6553fd9a7abfc8a55b1697247960859f7ff4f63b382f180a830779e3659,combined_long_horizon,8.0,175,False
hop_8,True,1,16301,test_hop_8:ergt43_pair_173090038_cf1,0,8,full,0,native_ergt,12011,test_hop_8:ergt43_pair_173090038,0,efada97895e3c2752cc896625fc744469502ce7da1b9e940bb48d094fea06790,payload_transport,8.0,175,False
hop_8,True,0,16301,test_hop_8:ergt43_pair_173090038_cf0,0,8,full,1,native_ergt,12011,test_hop_8:ergt43_pair_173090038,1,e1479194bc67d310bdd7c35d10d8bafcbe66905f2ca980acee46c0ebbd643c0f,payload_transport,8.0,175,False
hop_8,True,0,16301,test_hop_8:ergt43_pair_173090031_cf0,0,8,full,1,native_ergt,12011,test_hop_8:ergt43_pair_173090031,1,f43bdc571dc70c41633d765e4938b6bd2eef6053bc869cdc7f6cd61c7266893c,payload_transport,8.0,175,False
hop_8,True,1,16301,test_hop_8:ergt43_pair_173090031_cf1,0,8,full,0,native_ergt,12011,test_hop_8:ergt43_pair_173090031,0,f3081e21037daf18562f4f9efce6e8c302cf80dd152306c296b952d96703961a,payload_transport,8.0,175,False
hop_8,True,0,16301,test_hop_8:ergt43_pair_173090028_cf0,0,8,full,1,native_ergt,12011,test_hop_8:ergt43_pair_173090028,1,294686b3b8d03251c47f8da7b67133f377d1ee47159ef30a91b70061b113ac2f,geodesic_action,8.0,175,False
hop_8,True,1,16301,test_hop_8:ergt43_pair_173090028_cf1,0,8,full,0,native_ergt,12011,test_hop_8:ergt43_pair_173090028,0,2d1da929925378b2b8fa1f735e27515b1ca310f700fc689b279a965a894c08e6,geodesic_action,8.0,175,False
hop_8,True,0,16301,test_hop_8:ergt43_pair_173090026_cf0,0,8,full,1,native_ergt,12011,test_hop_8:ergt43_pair_173090026,1,589efa918e93376d1e4ab788e5d93304767c85302ecf095f5686be931c200bd0,memory_source_condition,8.0,175,False
hop_8,True,1,16301,test_hop_8:ergt43_pair_173090026_cf1,0,8,full,0,native_ergt,12011,test_hop_8:ergt43_pair_173090026,0,387bc3271c92cd12e382585f1603eba9087bad12c57ef50dbdd3246e720ac211,memory_source_condition,8.0,175,False
hop_8,True,0,16301,test_hop_8:ergt43_pair_173090039_cf0,0,8,full,1,native_ergt,12011,test_hop_8:ergt43_pair_173090039,1,5024e68cb98c2deaf3c2b31fe5bbe200ce6a3484d638ac86f9762467220ee335,terminal_mass,8.0,175,False
hop_8,True,1,16301,test_hop_8:ergt43_pair_173090039_cf1,0,8,full,0,native_ergt,12011,test_hop_8:ergt43_pair_173090039,0,3754587011b0ce7d3f0baa5562795a94501ecbcb29dde1e286fb78c67e5e7c44,terminal_mass,8.0,175,False
hop_8,True,0,16301,test_hop_8:ergt43_pair_173090004_cf0,0,8,full,1,native_ergt,12011,test_hop_8:ergt43_pair_173090004,1,3db85fb974466f5977c3b80b870d73b663b2ccd8af96af4ed4c85bd938fbdd31,terminal_mass,8.0,175,False
hop_8,True,1,16301,test_hop_8:ergt43_pair_173090004_cf1,0,8,full,0,native_ergt,12011,test_hop_8:ergt43_pair_173090004,0,4e17cda098baa3496bcda06a693d823ddfb790606d8668a2239cd4fbf464fb5a,terminal_mass,8.0,175,False
hop_8,True,1,16301,test_hop_8:ergt43_pair_173090048_cf1,0,8,full,0,native_ergt,12011,test_hop_8:ergt43_pair_173090048,0,44cfae42a7ea09f5e6c1ab3b5fbc88be6885b8591835f6250aa55197264d7778,combined_long_horizon,8.0,175,False
hop_8,True,0,16301,test_hop_8:ergt43_pair_173090048_cf0,0,8,full,1,native_ergt,12011,test_hop_8:ergt43_pair_173090048,1,f4847dd9afad49e08134871610f3abb7fb1f0c14d354137ecfad6ea13ce47db5,combined_long_horizon,8.0,175,False
hop_8,True,0,16301,test_hop_8:ergt43_pair_173090009_cf0,0,8,full,1,native_ergt,12011,test_hop_8:ergt43_pair_173090009,1,8fa53d07a8a893cfc9881595d9466a9018954431626314e9672e2b1db4cd7885,boundary_deficit,8.0,175,False
hop_8,True,1,16301,test_hop_8:ergt43_pair_173090009_cf1,0,8,full,0,native_ergt,12011,test_hop_8:ergt43_pair_173090009,0,e3069c9be06291891b3a51431e42d738a3d22b7e901dfc305b53665c4b7a4c06,boundary_deficit,8.0,175,False
hop_8,True,1,16301,test_hop_8:ergt43_pair_173090003_cf1,0,8,full,0,native_ergt,12011,test_hop_8:ergt43_pair_173090003,0,404460a4c47b580f56b7ed65f6eee1467fa957923246cf2f2cb20c01e1b369a4,payload_transport,8.0,175,False
hop_8,True,0,16301,test_hop_8:ergt43_pair_173090003_cf0,0,8,full,1,native_ergt,12011,test_hop_8:ergt43_pair_173090003,1,b03a37b41feb09b9cf993ce19eb91deb5e66b5c8f2cf928f64da49ed09b550cc,payload_transport,8.0,175,False
hop_8,True,1,16301,test_hop_8:ergt43_pair_173090051_cf1,0,8,full,0,native_ergt,12011,test_hop_8:ergt43_pair_173090051,0,705413c4a0eb0e7f05c6bce88976c0f5b61d9eaa9deac49b4fc1c737f04b4db2,boundary_deficit,8.0,175,False
hop_8,True,0,16301,test_hop_8:ergt43_pair_173090051_cf0,0,8,full,1,native_ergt,12011,test_hop_8:ergt43_pair_173090051,1,8ee33b23c0f8a1f2ccd0488cd3f4d10c8b792ea8648abf9f786a0886fd419010,boundary_deficit,8.0,175,False
hop_8,True,1,16301,test_hop_8:ergt43_pair_173090047_cf1,0,8,full,0,native_ergt,12011,test_hop_8:ergt43_pair_173090047,0,17c3170308b865d34f6d658c9fa3ce398829bdd65b6b4d3fd07d6d81494f993f,memory_source_condition,8.0,175,False
hop_8,True,0,16301,test_hop_8:ergt43_pair_173090047_cf0,0,8,full,1,native_ergt,12011,test_hop_8:ergt43_pair_173090047,1,62dffa74193f40136cc6a57e0dd75e3cd8667f32e0533a5276dada964276cf56,memory_source_condition,8.0,175,False
hop_8,True,1,16301,test_hop_8:ergt43_pair_173090001_cf1,0,8,full,0,native_ergt,12011,test_hop_8:ergt43_pair_173090001,0,072386fc482246c41712b35bdf711f7b9a44c908a271b4d29d92d27255f7b509,finite_speed_cone,8.0,175,False
hop_8,True,0,16301,test_hop_8:ergt43_pair_173090001_cf0,0,8,full,1,native_ergt,12011,test_hop_8:ergt43_pair_173090001,1,2f0772ddcd4cee4c84eb19a177d8a5effa62eff61a1833cd91737712056e38fb,finite_speed_cone,8.0,175,False
hop_8,True,0,16301,test_hop_8:ergt43_pair_173090008_cf0,0,8,full,1,native_ergt,12011,test_hop_8:ergt43_pair_173090008,1,04615777153579d6232e02fc253168e3df343d0eab6afc1d64fa3adeb57a6672,finite_speed_cone,8.0,175,False
hop_8,True,1,16301,test_hop_8:ergt43_pair_173090008_cf1,0,8,full,0,native_ergt,12011,test_hop_8:ergt43_pair_173090008,0,1f6809e791811b886c6156f5688d71a0e8ffc182bf630d7b759f05bb5ce66f48,finite_speed_cone,8.0,175,False
hop_8,True,1,16301,test_hop_8:ergt43_pair_173090053_cf1,0,8,full,0,native_ergt,12011,test_hop_8:ergt43_pair_173090053,0,f4a72e2fa88d9deefdf4669523ec8efe4a923efd1cd9639bd40606f3883f636f,terminal_mass,8.0,175,False
hop_8,True,0,16301,test_hop_8:ergt43_pair_173090053_cf0,0,8,full,1,native_ergt,12011,test_hop_8:ergt43_pair_173090053,1,d318c0f4138ad5c2a16172e67fa1f67985d5825db9b67a01a2edfc480ba3091b,terminal_mass,8.0,175,False
hop_8,True,0,16301,test_hop_8:ergt43_pair_173090005_cf0,0,8,full,1,native_ergt,12011,test_hop_8:ergt43_pair_173090005,1,9c714097376378b25cff8b8d4a6572b0af89e64bddd0146717aa5fecd8e27cbf,memory_source_condition,8.0,175,False
hop_8,True,1,16301,test_hop_8:ergt43_pair_173090005_cf1,0,8,full,0,native_ergt,12011,test_hop_8:ergt43_pair_173090005,0,a4ddbcc94134fddfb14cab8b6533d516fa6b20169eb380b5b2f40862d07db2c8,memory_source_condition,8.0,175,False
hop_8,True,1,16301,test_hop_8:ergt43_pair_173090036_cf1,0,8,full,0,native_ergt,12011,test_hop_8:ergt43_pair_173090036,0,d65b154c5067192eb4a6d3a8c0ef365988633433223b2a7b5c58e85d357a7d44,finite_speed_cone,8.0,175,False
hop_8,True,0,16301,test_hop_8:ergt43_pair_173090036_cf0,0,8,full,1,native_ergt,12011,test_hop_8:ergt43_pair_173090036,1,1db175eb44e710439b06f2a634382a360289d67a0e9c32501eac3d7acae00275,finite_speed_cone,8.0,175,False
hop_8,True,1,16301,test_hop_8:ergt43_pair_173090049_cf1,0,8,full,0,native_ergt,12011,test_hop_8:ergt43_pair_173090049,0,ad1103df703bded5d9394bf955f1d1002498cb3c2fb180eb703231a5bcd9baa0,geodesic_action,8.0,175,False
hop_8,True,0,16301,test_hop_8:ergt43_pair_173090049_cf0,0,8,full,1,native_ergt,12011,test_hop_8:ergt43_pair_173090049,1,07a77c14f9441b7f5ee6870c57797eb22601a1e5cc305cf4c951f9db692abcae,geodesic_action,8.0,175,False
hop_8,True,0,16301,test_hop_8:ergt43_pair_173090043_cf0,0,8,full,1,native_ergt,12011,test_hop_8:ergt43_pair_173090043,1,d28c912eef22f23cb03f13b08dedef8905148b3063aa4530706c9b5036633f54,finite_speed_cone,8.0,175,False
hop_8,True,1,16301,test_hop_8:ergt43_pair_173090043_cf1,0,8,full,0,native_ergt,12011,test_hop_8:ergt43_pair_173090043,0,cb8f2efdc81ce973f9fb5757d7de4d97115927f3864d0dd4408fab1c54bdc005,finite_speed_cone,8.0,175,False
hop_8,True,1,16301,test_hop_8:ergt43_pair_173090033_cf1,0,8,full,0,native_ergt,12011,test_hop_8:ergt43_pair_173090033,0,482a3ce99ec7b822c603ed091a0f43723e9cadd42f4217a945d471091cfe9ff7,memory_source_condition,8.0,175,False
hop_8,True,0,16301,test_hop_8:ergt43_pair_173090033_cf0,0,8,full,1,native_ergt,12011,test_hop_8:ergt43_pair_173090033,1,81127c95d00a8f7fd5d6b397ee24c12e49358ac68c5a184f78f54dc2125ad028,memory_source_condition,8.0,175,False
hop_8,False,1,16301,test_hop_8:ergt43_pair_173090046_cf1,,8,,0,direct_transformer,12011,test_hop_8:ergt43_pair_173090046,2,d5774e68c641d2fb2c6329dadbef07a1a59a103ce6b0f9ecc773989dd0490e11,terminal_mass,,175,False
hop_8,False,0,16301,test_hop_8:ergt43_pair_173090046_cf0,,8,,1,direct_transformer,12011,test_hop_8:ergt43_pair_173090046,2,654a7dd5355f2e0d6c8435bb7b1dc26b333c6462439084e0b793406d27507a98,terminal_mass,,175,False
hop_8,True,1,16301,test_hop_8:ergt43_pair_173090035_cf1,,8,,0,direct_transformer,12011,test_hop_8:ergt43_pair_173090035,0,bca8358ee5491a8cd836f31ef6cbd683b249db7c9949b9b217792fcd6af22760,geodesic_action,,175,False
hop_8,False,0,16301,test_hop_8:ergt43_pair_173090035_cf0,,8,,1,direct_transformer,12011,test_hop_8:ergt43_pair_173090035,0,79dfc95ae032ca6196f31f67cbd6e17e8681b65c8fbbbbfad5955f9eb7213238,geodesic_action,,175,False
hop_8,False,0,16301,test_hop_8:ergt43_pair_173090021_cf0,,8,,1,direct_transformer,12011,test_hop_8:ergt43_pair_173090021,0,dfeef4c5cc7387e815c4ffa6824718291e86efb57585c86ecedc34a8da7680be,geodesic_action,,175,False
hop_8,True,1,16301,test_hop_8:ergt43_pair_173090021_cf1,,8,,0,direct_transformer,12011,test_hop_8:ergt43_pair_173090021,0,9836bad209fc191ed384c42da4af90e2a87efeb5139367cd07c3cbea22803a38,geodesic_action,,175,False
hop_8,True,0,16301,test_hop_8:ergt43_pair_173090032_cf0,,8,,1,direct_transformer,12011,test_hop_8:ergt43_pair_173090032,1,0132cc623b2b473c809636f8e929d417037705c88a3a1b17d1af66ab0f60053d,terminal_mass,,175,False
hop_8,False,1,16301,test_hop_8:ergt43_pair_173090032_cf1,,8,,0,direct_transformer,12011,test_hop_8:ergt43_pair_173090032,1,dc13ab7be14e1858888a3a59b01368414968284c0987f2aa7a3082e98261bde9,terminal_mass,,175,False
hop_8,False,0,16301,test_hop_8:ergt43_pair_173090023_cf0,,8,,1,direct_transformer,12011,test_hop_8:ergt43_pair_173090023,2,ba858fd83e0d8fea739b75f79f7da687adfbf3ec23913e41b377b092f3f00f95,boundary_deficit,,175,False
hop_8,False,1,16301,test_hop_8:ergt43_pair_173090023_cf1,,8,,0,direct_transformer,12011,test_hop_8:ergt43_pair_173090023,2,63276eae366e9557c6e55ebade30806dc939d7f34bc47a5f3a4f0ccf7ab7a61e,boundary_deficit,,175,False
hop_8,False,0,16301,test_hop_8:ergt43_pair_173090011_cf0,,8,,1,direct_transformer,12011,test_hop_8:ergt43_pair_173090011,2,8fafdcf6dd4549cfe6c0b39cdd40858c470b902a948027a08a9148b4e097bb63,terminal_mass,,175,False
hop_8,False,1,16301,test_hop_8:ergt43_pair_173090011_cf1,,8,,0,direct_transformer,12011,test_hop_8:ergt43_pair_173090011,2,c6a2fd6f222e6cf85282ed87cfbb4f53077407c633452246931ad93969be2eb4,terminal_mass,,175,False
hop_8,True,0,16301,test_hop_8:ergt43_pair_173090054_cf0,,8,,1,direct_transformer,12011,test_hop_8:ergt43_pair_173090054,1,94517d12febd1c6872f99c6269b131ecdbfef3b375552f69adfbde6349a81a6c,memory_source_condition,,175,False
hop_8,False,1,16301,test_hop_8:ergt43_pair_173090054_cf1,,8,,0,direct_transformer,12011,test_hop_8:ergt43_pair_173090054,1,b95fd8ce9f8b6e5bfe8b23e3803c58144ab2aaf42640bb390a94bbef1941b161,memory_source_condition,,175,False
hop_8,True,1,16301,test_hop_8:ergt43_pair_173090014_cf1,,8,,0,direct_transformer,12011,test_hop_8:ergt43_pair_173090014,0,ae0ec220ed8cabf8a23bd47e62ce3b4498ee7bcaa1551e4743e92b72981bf9c2,geodesic_action,,175,False
hop_8,False,0,16301,test_hop_8:ergt43_pair_173090014_cf0,,8,,1,direct_transformer,12011,test_hop_8:ergt43_pair_173090014,0,9b604076d3bdecfddec4acb906f1dfa35790b193a977f9c1e6b3f308680df7ab,geodesic_action,,175,False
hop_8,False,1,16301,test_hop_8:ergt43_pair_173090006_cf1,,8,,0,direct_transformer,12011,test_hop_8:ergt43_pair_173090006,2,d57d4082c8198bff407c126724d226f02341b7e92da47abce60c1b5a610fbc28,combined_long_horizon,,175,False
hop_8,False,0,16301,test_hop_8:ergt43_pair_173090006_cf0,,8,,1,direct_transformer,12011,test_hop_8:ergt43_pair_173090006,2,c9d0b6553fd9a7abfc8a55b1697247960859f7ff4f63b382f180a830779e3659,combined_long_horizon,,175,False
hop_8,False,1,16301,test_hop_8:ergt43_pair_173090038_cf1,,8,,0,direct_transformer,12011,test_hop_8:ergt43_pair_173090038,2,efada97895e3c2752cc896625fc744469502ce7da1b9e940bb48d094fea06790,payload_transport,,175,False
hop_8,False,0,16301,test_hop_8:ergt43_pair_173090038_cf0,,8,,1,direct_transformer,12011,test_hop_8:ergt43_pair_173090038,2,e1479194bc67d310bdd7c35d10d8bafcbe66905f2ca980acee46c0ebbd643c0f,payload_transport,,175,False
hop_8,True,0,16301,test_hop_8:ergt43_pair_173090031_cf0,,8,,1,direct_transformer,12011,test_hop_8:ergt43_pair_173090031,1,f43bdc571dc70c41633d765e4938b6bd2eef6053bc869cdc7f6cd61c7266893c,payload_transport,,175,False
hop_8,False,1,16301,test_hop_8:ergt43_pair_173090031_cf1,,8,,0,direct_transformer,12011,test_hop_8:ergt43_pair_173090031,1,f3081e21037daf18562f4f9efce6e8c302cf80dd152306c296b952d96703961a,payload_transport,,175,False
hop_8,False,0,16301,test_hop_8:ergt43_pair_173090028_cf0,,8,,1,direct_transformer,12011,test_hop_8:ergt43_pair_173090028,2,294686b3b8d03251c47f8da7b67133f377d1ee47159ef30a91b70061b113ac2f,geodesic_action,,175,False
hop_8,False,1,16301,test_hop_8:ergt43_pair_173090028_cf1,,8,,0,direct_transformer,12011,test_hop_8:ergt43_pair_173090028,2,2d1da929925378b2b8fa1f735e27515b1ca310f700fc689b279a965a894c08e6,geodesic_action,,175,False
hop_8,False,0,16301,test_hop_8:ergt43_pair_173090026_cf0,,8,,1,direct_transformer,12011,test_hop_8:ergt43_pair_173090026,2,589efa918e93376d1e4ab788e5d93304767c85302ecf095f5686be931c200bd0,memory_source_condition,,175,False
hop_8,False,1,16301,test_hop_8:ergt43_pair_173090026_cf1,,8,,0,direct_transformer,12011,test_hop_8:ergt43_pair_173090026,2,387bc3271c92cd12e382585f1603eba9087bad12c57ef50dbdd3246e720ac211,memory_source_condition,,175,False
hop_8,False,0,16301,test_hop_8:ergt43_pair_173090039_cf0,,8,,1,direct_transformer,12011,test_hop_8:ergt43_pair_173090039,0,5024e68cb98c2deaf3c2b31fe5bbe200ce6a3484d638ac86f9762467220ee335,terminal_mass,,175,False
hop_8,True,1,16301,test_hop_8:ergt43_pair_173090039_cf1,,8,,0,direct_transformer,12011,test_hop_8:ergt43_pair_173090039,0,3754587011b0ce7d3f0baa5562795a94501ecbcb29dde1e286fb78c67e5e7c44,terminal_mass,,175,False
hop_8,False,0,16301,test_hop_8:ergt43_pair_173090004_cf0,,8,,1,direct_transformer,12011,test_hop_8:ergt43_pair_173090004,2,3db85fb974466f5977c3b80b870d73b663b2ccd8af96af4ed4c85bd938fbdd31,terminal_mass,,175,False
hop_8,False,1,16301,test_hop_8:ergt43_pair_173090004_cf1,,8,,0,direct_transformer,12011,test_hop_8:ergt43_pair_173090004,2,4e17cda098baa3496bcda06a693d823ddfb790606d8668a2239cd4fbf464fb5a,terminal_mass,,175,False
hop_8,True,1,16301,test_hop_8:ergt43_pair_173090048_cf1,,8,,0,direct_transformer,12011,test_hop_8:ergt43_pair_173090048,0,44cfae42a7ea09f5e6c1ab3b5fbc88be6885b8591835f6250aa55197264d7778,combined_long_horizon,,175,False
hop_8,False,0,16301,test_hop_8:ergt43_pair_173090048_cf0,,8,,1,direct_transformer,12011,test_hop_8:ergt43_pair_173090048,0,f4847dd9afad49e08134871610f3abb7fb1f0c14d354137ecfad6ea13ce47db5,combined_long_horizon,,175,False
hop_8,True,0,16301,test_hop_8:ergt43_pair_173090009_cf0,,8,,1,direct_transformer,12011,test_hop_8:ergt43_pair_173090009,1,8fa53d07a8a893cfc9881595d9466a9018954431626314e9672e2b1db4cd7885,boundary_deficit,,175,False
hop_8,False,1,16301,test_hop_8:ergt43_pair_173090009_cf1,,8,,0,direct_transformer,12011,test_hop_8:ergt43_pair_173090009,1,e3069c9be06291891b3a51431e42d738a3d22b7e901dfc305b53665c4b7a4c06,boundary_deficit,,175,False
hop_8,True,1,16301,test_hop_8:ergt43_pair_173090003_cf1,,8,,0,direct_transformer,12011,test_hop_8:ergt43_pair_173090003,0,404460a4c47b580f56b7ed65f6eee1467fa957923246cf2f2cb20c01e1b369a4,payload_transport,,175,False
hop_8,False,0,16301,test_hop_8:ergt43_pair_173090003_cf0,,8,,1,direct_transformer,12011,test_hop_8:ergt43_pair_173090003,0,b03a37b41feb09b9cf993ce19eb91deb5e66b5c8f2cf928f64da49ed09b550cc,payload_transport,,175,False
hop_8,False,1,16301,test_hop_8:ergt43_pair_173090051_cf1,,8,,0,direct_transformer,12011,test_hop_8:ergt43_pair_173090051,2,705413c4a0eb0e7f05c6bce88976c0f5b61d9eaa9deac49b4fc1c737f04b4db2,boundary_deficit,,175,False
hop_8,False,0,16301,test_hop_8:ergt43_pair_173090051_cf0,,8,,1,direct_transformer,12011,test_hop_8:ergt43_pair_173090051,2,8ee33b23c0f8a1f2ccd0488cd3f4d10c8b792ea8648abf9f786a0886fd419010,boundary_deficit,,175,False
hop_8,False,1,16301,test_hop_8:ergt43_pair_173090047_cf1,,8,,0,direct_transformer,12011,test_hop_8:ergt43_pair_173090047,1,17c3170308b865d34f6d658c9fa3ce398829bdd65b6b4d3fd07d6d81494f993f,memory_source_condition,,175,False
hop_8,True,0,16301,test_hop_8:ergt43_pair_173090047_cf0,,8,,1,direct_transformer,12011,test_hop_8:ergt43_pair_173090047,1,62dffa74193f40136cc6a57e0dd75e3cd8667f32e0533a5276dada964276cf56,memory_source_condition,,175,False
hop_8,False,1,16301,test_hop_8:ergt43_pair_173090001_cf1,,8,,0,direct_transformer,12011,test_hop_8:ergt43_pair_173090001,1,072386fc482246c41712b35bdf711f7b9a44c908a271b4d29d92d27255f7b509,finite_speed_cone,,175,False
hop_8,True,0,16301,test_hop_8:ergt43_pair_173090001_cf0,,8,,1,direct_transformer,12011,test_hop_8:ergt43_pair_173090001,1,2f0772ddcd4cee4c84eb19a177d8a5effa62eff61a1833cd91737712056e38fb,finite_speed_cone,,175,False
hop_8,True,0,16301,test_hop_8:ergt43_pair_173090008_cf0,,8,,1,direct_transformer,12011,test_hop_8:ergt43_pair_173090008,1,04615777153579d6232e02fc253168e3df343d0eab6afc1d64fa3adeb57a6672,finite_speed_cone,,175,False
hop_8,False,1,16301,test_hop_8:ergt43_pair_173090008_cf1,,8,,0,direct_transformer,12011,test_hop_8:ergt43_pair_173090008,1,1f6809e791811b886c6156f5688d71a0e8ffc182bf630d7b759f05bb5ce66f48,finite_speed_cone,,175,False
hop_8,False,1,16301,test_hop_8:ergt43_pair_173090053_cf1,,8,,0,direct_transformer,12011,test_hop_8:ergt43_pair_173090053,1,f4a72e2fa88d9deefdf4669523ec8efe4a923efd1cd9639bd40606f3883f636f,terminal_mass,,175,False
hop_8,True,0,16301,test_hop_8:ergt43_pair_173090053_cf0,,8,,1,direct_transformer,12011,test_hop_8:ergt43_pair_173090053,1,d318c0f4138ad5c2a16172e67fa1f67985d5825db9b67a01a2edfc480ba3091b,terminal_mass,,175,False
hop_8,True,0,16301,test_hop_8:ergt43_pair_173090005_cf0,,8,,1,direct_transformer,12011,test_hop_8:ergt43_pair_173090005,1,9c714097376378b25cff8b8d4a6572b0af89e64bddd0146717aa5fecd8e27cbf,memory_source_condition,,175,False
hop_8,False,1,16301,test_hop_8:ergt43_pair_173090005_cf1,,8,,0,direct_transformer,12011,test_hop_8:ergt43_pair_173090005,1,a4ddbcc94134fddfb14cab8b6533d516fa6b20169eb380b5b2f40862d07db2c8,memory_source_condition,,175,False
hop_8,True,1,16301,test_hop_8:ergt43_pair_173090036_cf1,,8,,0,direct_transformer,12011,test_hop_8:ergt43_pair_173090036,0,d65b154c5067192eb4a6d3a8c0ef365988633433223b2a7b5c58e85d357a7d44,finite_speed_cone,,175,False
hop_8,False,0,16301,test_hop_8:ergt43_pair_173090036_cf0,,8,,1,direct_transformer,12011,test_hop_8:ergt43_pair_173090036,0,1db175eb44e710439b06f2a634382a360289d67a0e9c32501eac3d7acae00275,finite_speed_cone,,175,False
hop_8,True,1,16301,test_hop_8:ergt43_pair_173090049_cf1,,8,,0,direct_transformer,12011,test_hop_8:ergt43_pair_173090049,0,ad1103df703bded5d9394bf955f1d1002498cb3c2fb180eb703231a5bcd9baa0,geodesic_action,,175,False
hop_8,False,0,16301,test_hop_8:ergt43_pair_173090049_cf0,,8,,1,direct_transformer,12011,test_hop_8:ergt43_pair_173090049,0,07a77c14f9441b7f5ee6870c57797eb22601a1e5cc305cf4c951f9db692abcae,geodesic_action,,175,False
hop_8,False,0,16301,test_hop_8:ergt43_pair_173090043_cf0,,8,,1,direct_transformer,12011,test_hop_8:ergt43_pair_173090043,0,d28c912eef22f23cb03f13b08dedef8905148b3063aa4530706c9b5036633f54,finite_speed_cone,,175,False
hop_8,True,1,16301,test_hop_8:ergt43_pair_173090043_cf1,,8,,0,direct_transformer,12011,test_hop_8:ergt43_pair_173090043,0,cb8f2efdc81ce973f9fb5757d7de4d97115927f3864d0dd4408fab1c54bdc005,finite_speed_cone,,175,False
hop_8,False,1,16301,test_hop_8:ergt43_pair_173090033_cf1,,8,,0,direct_transformer,12011,test_hop_8:ergt43_pair_173090033,1,482a3ce99ec7b822c603ed091a0f43723e9cadd42f4217a945d471091cfe9ff7,memory_source_condition,,175,False
hop_8,True,0,16301,test_hop_8:ergt43_pair_173090033_cf0,,8,,1,direct_transformer,12011,test_hop_8:ergt43_pair_173090033,1,81127c95d00a8f7fd5d6b397ee24c12e49358ac68c5a184f78f54dc2125ad028,memory_source_condition,,175,False
hop_12,True,1,16301,test_hop_12:ergt43_pair_173130006_cf1,0,12,full,0,native_ergt,12011,test_hop_12:ergt43_pair_173130006,0,e99608dad58fd6ec1b9e36f88309ae82a6d13528a2f3c834ab9734b010974aac,combined_long_horizon,12.0,255,False
hop_12,True,0,16301,test_hop_12:ergt43_pair_173130006_cf0,0,12,full,1,native_ergt,12011,test_hop_12:ergt43_pair_173130006,1,2ab9e8684817fa43fe245684ab7b9640b73593886ed854e491a944d6339496fc,combined_long_horizon,12.0,255,False
hop_12,True,0,16301,test_hop_12:ergt43_pair_173130040_cf0,0,12,full,1,native_ergt,12011,test_hop_12:ergt43_pair_173130040,1,899792b812129e75cbfdd1c2aa5334ad30da0208dd6daf1d56c6abaefdda2356,memory_source_condition,12.0,255,False
hop_12,True,1,16301,test_hop_12:ergt43_pair_173130040_cf1,0,12,full,0,native_ergt,12011,test_hop_12:ergt43_pair_173130040,0,5708d33348b48df52c8c06330f324816d257b6a8fd66cf5a6d362cefa519c76d,memory_source_condition,12.0,255,False
hop_12,True,1,16301,test_hop_12:ergt43_pair_173130022_cf1,0,12,full,0,native_ergt,12011,test_hop_12:ergt43_pair_173130022,0,025613c7ddca347ab05c2cde54aa3e2c8b1f54518103689c902e6d021c218a8c,finite_speed_cone,12.0,255,False
hop_12,True,0,16301,test_hop_12:ergt43_pair_173130022_cf0,0,12,full,1,native_ergt,12011,test_hop_12:ergt43_pair_173130022,1,1b710730e62e3be1e786959a306cbdbc1fc0bd1247ca67fe36b5f536c07c3850,finite_speed_cone,12.0,255,False
hop_12,True,1,16301,test_hop_12:ergt43_pair_173130012_cf1,0,12,full,0,native_ergt,12011,test_hop_12:ergt43_pair_173130012,0,93f7445384abf75e885a18d5629158afcd9fc7d3d3d539682cc89b790b6390dc,memory_source_condition,12.0,255,False
hop_12,True,0,16301,test_hop_12:ergt43_pair_173130012_cf0,0,12,full,1,native_ergt,12011,test_hop_12:ergt43_pair_173130012,1,8001c2707ec38541bbe2f81251da43b3af9ef894d0300ec75f4e2ffbcad60db2,memory_source_condition,12.0,255,False
hop_12,True,0,16301,test_hop_12:ergt43_pair_173130036_cf0,0,12,full,1,native_ergt,12011,test_hop_12:ergt43_pair_173130036,1,4ba6df8005b588ab62448f8dc64c19d087f2d4e166f559d456462b8a2f2dadf2,finite_speed_cone,12.0,255,False
hop_12,True,1,16301,test_hop_12:ergt43_pair_173130036_cf1,0,12,full,0,native_ergt,12011,test_hop_12:ergt43_pair_173130036,0,47001bb92b2d648a26cef57a782601cdc93999be3b25cb566ac0e1483e98a73b,finite_speed_cone,12.0,255,False
hop_12,True,0,16301,test_hop_12:ergt43_pair_173130048_cf0,0,12,full,1,native_ergt,12011,test_hop_12:ergt43_pair_173130048,1,96f9aa6f3ebf62e1b1c84967b2ee2d8a75e7b9ee6c427f69e4ae477fed9a0c0d,combined_long_horizon,12.0,255,False
hop_12,True,1,16301,test_hop_12:ergt43_pair_173130048_cf1,0,12,full,0,native_ergt,12011,test_hop_12:ergt43_pair_173130048,0,fbe94f998333c63fa8acece72efbfcd19a8f7bd1b74ad9fe108a67cc32082342,combined_long_horizon,12.0,255,False
hop_12,True,1,16301,test_hop_12:ergt43_pair_173130028_cf1,0,12,full,0,native_ergt,12011,test_hop_12:ergt43_pair_173130028,0,6821e6f3331c86d16ba6cdd475905fb2c8daad309f329cd3d1a9c753ea0ac288,geodesic_action,12.0,255,False
hop_12,True,0,16301,test_hop_12:ergt43_pair_173130028_cf0,0,12,full,1,native_ergt,12011,test_hop_12:ergt43_pair_173130028,1,e5d08bd435e382b812819dc17d5c2c51b6a1d4a616702a0bb67b9a4b781cbfc0,geodesic_action,12.0,255,False
hop_12,True,1,16301,test_hop_12:ergt43_pair_173130041_cf1,0,12,full,0,native_ergt,12011,test_hop_12:ergt43_pair_173130041,0,ffd73c45ba1078a450824105546eaaccc7b91cb424ef3f6c89f104a0b4d6f93f,combined_long_horizon,12.0,255,False
hop_12,True,0,16301,test_hop_12:ergt43_pair_173130041_cf0,0,12,full,1,native_ergt,12011,test_hop_12:ergt43_pair_173130041,1,1a5ffcfcc474ccaf341d3b6b69997907875e1204ee36a02d16580e48751fe8f6,combined_long_horizon,12.0,255,False
hop_12,True,0,16301,test_hop_12:ergt43_pair_173130032_cf0,0,12,full,1,native_ergt,12011,test_hop_12:ergt43_pair_173130032,1,157747d62731a0d68a5c7ec1195493ddd0b547b0f9981b794e4f5e93ef67bbd3,terminal_mass,12.0,255,False
hop_12,True,1,16301,test_hop_12:ergt43_pair_173130032_cf1,0,12,full,0,native_ergt,12011,test_hop_12:ergt43_pair_173130032,0,fcfae8047ea088cf045b3d2652c685d6e0e68be62070e85d305a04f82392034d,terminal_mass,12.0,255,False
hop_12,True,0,16301,test_hop_12:ergt43_pair_173130014_cf0,0,12,full,1,native_ergt,12011,test_hop_12:ergt43_pair_173130014,1,15a1c9fb05df559b8a97e7fcf6ddc2d2fdfc68c89becdfcdfaeed85bbb95b0f1,geodesic_action,12.0,255,False
hop_12,True,1,16301,test_hop_12:ergt43_pair_173130014_cf1,0,12,full,0,native_ergt,12011,test_hop_12:ergt43_pair_173130014,0,778d03fb2c6f8b8f0edc0b1e60e9999b50166fa3a65aab087f11ab7aada8daef,geodesic_action,12.0,255,False
hop_12,True,1,16301,test_hop_12:ergt43_pair_173130055_cf1,0,12,full,0,native_ergt,12011,test_hop_12:ergt43_pair_173130055,0,dfc6b9245cb4f8b6b9ea0c19cdc0b6ae19d3c4dd76e89742152a26cd62a3a9dc,combined_long_horizon,12.0,255,False
hop_12,True,0,16301,test_hop_12:ergt43_pair_173130055_cf0,0,12,full,1,native_ergt,12011,test_hop_12:ergt43_pair_173130055,1,897f225d7810f884bdd1926b6ef62c0385ccb66b61b6c80c4c5db76fa6d202b3,combined_long_horizon,12.0,255,False
hop_12,True,0,16301,test_hop_12:ergt43_pair_173130054_cf0,0,12,full,1,native_ergt,12011,test_hop_12:ergt43_pair_173130054,1,27bbc406e506edf1803abf829b9ea659708e10733ce7a2deefb6f23b425e90bc,memory_source_condition,12.0,255,False
hop_12,True,1,16301,test_hop_12:ergt43_pair_173130054_cf1,0,12,full,0,native_ergt,12011,test_hop_12:ergt43_pair_173130054,0,878921336e32582ccc160d329f6ce72c1b744e9790bd2b5dce93c02cbe6c810c,memory_source_condition,12.0,255,False
hop_12,True,0,16301,test_hop_12:ergt43_pair_173130018_cf0,0,12,full,1,native_ergt,12011,test_hop_12:ergt43_pair_173130018,1,7c78e7b1f284d7eb8acc41dec425bacac076b05f76ec40ce152597f54bcfc092,terminal_mass,12.0,255,False
hop_12,True,1,16301,test_hop_12:ergt43_pair_173130018_cf1,0,12,full,0,native_ergt,12011,test_hop_12:ergt43_pair_173130018,0,2015a4475974ae478c7e6b29b31251faa21179c2a75223a890ada8ba7be256cb,terminal_mass,12.0,255,False
hop_12,True,1,16301,test_hop_12:ergt43_pair_173130051_cf1,0,12,full,0,native_ergt,12011,test_hop_12:ergt43_pair_173130051,0,92716a187e6e7e3fc7fea6f4931d93897ff201d6a0148157804508642b4961c5,boundary_deficit,12.0,255,False
hop_12,True,0,16301,test_hop_12:ergt43_pair_173130051_cf0,0,12,full,1,native_ergt,12011,test_hop_12:ergt43_pair_173130051,1,af231034d5b607951e7e09e9d34c4001341daa18f7b54e03c9bc2e8c3ea23006,boundary_deficit,12.0,255,False
hop_12,True,1,16301,test_hop_12:ergt43_pair_173130047_cf1,0,12,full,0,native_ergt,12011,test_hop_12:ergt43_pair_173130047,0,993702065e90c22653cc44f5706bdd019e9e3ff90b3b958ab0b97a9246072aa2,memory_source_condition,12.0,255,False
hop_12,True,0,16301,test_hop_12:ergt43_pair_173130047_cf0,0,12,full,1,native_ergt,12011,test_hop_12:ergt43_pair_173130047,1,dd08abda98ef038953ca02b291c68457b153059a9e1d72d2477a7180560d4ec8,memory_source_condition,12.0,255,False
hop_12,True,1,16301,test_hop_12:ergt43_pair_173130020_cf1,0,12,full,0,native_ergt,12011,test_hop_12:ergt43_pair_173130020,0,158b7467f6741f23227487376792d06ae1e5d99d29e3c5a55387cf93b70e7389,combined_long_horizon,12.0,255,False
hop_12,True,0,16301,test_hop_12:ergt43_pair_173130020_cf0,0,12,full,1,native_ergt,12011,test_hop_12:ergt43_pair_173130020,1,763293d6d84295c8aabac6130092b3c5dc46b20068dbbe4b41f3d8cbf384503e,combined_long_horizon,12.0,255,False
hop_12,True,1,16301,test_hop_12:ergt43_pair_173130026_cf1,0,12,full,0,native_ergt,12011,test_hop_12:ergt43_pair_173130026,0,3371fe75ae3c88d13123187ada0fce8ee3713fbe910332b0bea828576d4b71a8,memory_source_condition,12.0,255,False
hop_12,True,0,16301,test_hop_12:ergt43_pair_173130026_cf0,0,12,full,1,native_ergt,12011,test_hop_12:ergt43_pair_173130026,1,85a95423b425d948482fbe83d7ceb6dccdd534948a38099ccb8fd1931b208c29,memory_source_condition,12.0,255,False
hop_12,True,1,16301,test_hop_12:ergt43_pair_173130038_cf1,0,12,full,0,native_ergt,12011,test_hop_12:ergt43_pair_173130038,0,07dddfe5d681fd12687fafc4d4e423dd8405fbd7c11249ba9fee2165f5eda159,payload_transport,12.0,255,False
hop_12,True,0,16301,test_hop_12:ergt43_pair_173130038_cf0,0,12,full,1,native_ergt,12011,test_hop_12:ergt43_pair_173130038,1,3805a1276bd1c89e113d7b7b08c1d7076a22d0ca495a509a7021273be5c98499,payload_transport,12.0,255,False
hop_12,True,1,16301,test_hop_12:ergt43_pair_173130024_cf1,0,12,full,0,native_ergt,12011,test_hop_12:ergt43_pair_173130024,0,13978f7f69fef003eb9ecf9b07841293df0a11220d09c3f2269552e52da4b96f,payload_transport,12.0,255,False
hop_12,True,0,16301,test_hop_12:ergt43_pair_173130024_cf0,0,12,full,1,native_ergt,12011,test_hop_12:ergt43_pair_173130024,1,34343ba992647efc5d388794951cbb7f9257e6c529f4c2fee84c78085052d0af,payload_transport,12.0,255,False
hop_12,True,0,16301,test_hop_12:ergt43_pair_173130049_cf0,0,12,full,1,native_ergt,12011,test_hop_12:ergt43_pair_173130049,1,38640814dd55fde0797417dbadfadfeb62b9d2417051ee86aa90c2d59137151a,geodesic_action,12.0,255,False
hop_12,True,1,16301,test_hop_12:ergt43_pair_173130049_cf1,0,12,full,0,native_ergt,12011,test_hop_12:ergt43_pair_173130049,0,50d9d62739432bc3f79e1962a2b747839a59c6f1e6c731e06efe8020b0a8fed5,geodesic_action,12.0,255,False
hop_12,True,0,16301,test_hop_12:ergt43_pair_173130027_cf0,0,12,full,1,native_ergt,12011,test_hop_12:ergt43_pair_173130027,1,c9e4c0aa455e91b4dbda9f6590b1e74873216ab868aac79a0d0f4dda85cf91fa,combined_long_horizon,12.0,255,False
hop_12,True,1,16301,test_hop_12:ergt43_pair_173130027_cf1,0,12,full,0,native_ergt,12011,test_hop_12:ergt43_pair_173130027,0,8bf64dab46a401564f7bb3a2e19c2bc6a45aa07c6805eb65e3c233bae1b3c95d,combined_long_horizon,12.0,255,False
hop_12,True,1,16301,test_hop_12:ergt43_pair_173130037_cf1,0,12,full,0,native_ergt,12011,test_hop_12:ergt43_pair_173130037,0,1bd8ae4c270b2707560551c42cc312d4cc4238dabff9ce73325278fcfcb6d81d,boundary_deficit,12.0,255,False
hop_12,True,0,16301,test_hop_12:ergt43_pair_173130037_cf0,0,12,full,1,native_ergt,12011,test_hop_12:ergt43_pair_173130037,1,c2f688ee731f12b30d24b93d504615f6e7c0811fbc77187dd7ed42c135c9d5aa,boundary_deficit,12.0,255,False
hop_12,True,0,16301,test_hop_12:ergt43_pair_173130019_cf0,0,12,full,1,native_ergt,12011,test_hop_12:ergt43_pair_173130019,1,74c54024334c70df8b0e28ce10a96d5f6ba05628d8993a4f79497a89b474a985,memory_source_condition,12.0,255,False
hop_12,True,1,16301,test_hop_12:ergt43_pair_173130019_cf1,0,12,full,0,native_ergt,12011,test_hop_12:ergt43_pair_173130019,0,4d81e926fd3ec20ca063429bee3ab1f224d1039837fe21bf56dae3a172190148,memory_source_condition,12.0,255,False
hop_12,True,0,16301,test_hop_12:ergt43_pair_173130034_cf0,0,12,full,1,native_ergt,12011,test_hop_12:ergt43_pair_173130034,1,396e264950f1ca6f0ef083c651669f6edfa089f6621ebd76696257ebc2f08464,combined_long_horizon,12.0,255,False
hop_12,True,1,16301,test_hop_12:ergt43_pair_173130034_cf1,0,12,full,0,native_ergt,12011,test_hop_12:ergt43_pair_173130034,0,0282ab2f3bbc465fb6d14243930911c9b5b378e065c6387586361cd79b0a6fd0,combined_long_horizon,12.0,255,False
hop_12,True,1,16301,test_hop_12:ergt43_pair_173130015_cf1,0,12,full,0,native_ergt,12011,test_hop_12:ergt43_pair_173130015,0,942e245edf9c59b858e3c10ba0a9bda4e72efe32a0ddce2b2f9b21d67acb3721,finite_speed_cone,12.0,255,False
hop_12,True,0,16301,test_hop_12:ergt43_pair_173130015_cf0,0,12,full,1,native_ergt,12011,test_hop_12:ergt43_pair_173130015,1,43a0e7ef25c818ccccd765f3c521ab08c566a2318dca1064d37d5e2d324a8ac4,finite_speed_cone,12.0,255,False
hop_12,True,1,16301,test_hop_12:ergt43_pair_173130050_cf1,0,12,full,0,native_ergt,12011,test_hop_12:ergt43_pair_173130050,0,98adee048f5181c7944a0003383b3086329b99e8ad944564a9058f9bacf88ab9,finite_speed_cone,12.0,255,False
hop_12,True,0,16301,test_hop_12:ergt43_pair_173130050_cf0,0,12,full,1,native_ergt,12011,test_hop_12:ergt43_pair_173130050,1,40eb95b197a078f7ad371cf85e6753285589589f1ad2cbf9a1fa24b83efa3532,finite_speed_cone,12.0,255,False
hop_12,True,0,16301,test_hop_12:ergt43_pair_173130045_cf0,0,12,full,1,native_ergt,12011,test_hop_12:ergt43_pair_173130045,1,2b754b3134e9021bf73e1093520939064a17849548c830b85f2ea5af3ca01f8e,payload_transport,12.0,255,False
hop_12,True,1,16301,test_hop_12:ergt43_pair_173130045_cf1,0,12,full,0,native_ergt,12011,test_hop_12:ergt43_pair_173130045,0,d5c3196b349d515d1529cce949f453d969688e9536f4174fd48320246fa9e4dc,payload_transport,12.0,255,False
hop_12,True,1,16301,test_hop_12:ergt43_pair_173130043_cf1,0,12,full,0,native_ergt,12011,test_hop_12:ergt43_pair_173130043,0,9e7aed8b18b0e891363aa3b6744eb255db4f2985ac17868f7770d6bd7eb7b0c6,finite_speed_cone,12.0,255,False
hop_12,True,0,16301,test_hop_12:ergt43_pair_173130043_cf0,0,12,full,1,native_ergt,12011,test_hop_12:ergt43_pair_173130043,1,0615c0835dcacad8a3b771a099ca1798e9ad759869bcf2e50b116d1b6dda61f1,finite_speed_cone,12.0,255,False
hop_12,True,1,16301,test_hop_12:ergt43_pair_173130006_cf1,,12,,0,direct_transformer,12011,test_hop_12:ergt43_pair_173130006,0,e99608dad58fd6ec1b9e36f88309ae82a6d13528a2f3c834ab9734b010974aac,combined_long_horizon,,255,False
hop_12,False,0,16301,test_hop_12:ergt43_pair_173130006_cf0,,12,,1,direct_transformer,12011,test_hop_12:ergt43_pair_173130006,0,2ab9e8684817fa43fe245684ab7b9640b73593886ed854e491a944d6339496fc,combined_long_horizon,,255,False
hop_12,False,0,16301,test_hop_12:ergt43_pair_173130040_cf0,,12,,1,direct_transformer,12011,test_hop_12:ergt43_pair_173130040,0,899792b812129e75cbfdd1c2aa5334ad30da0208dd6daf1d56c6abaefdda2356,memory_source_condition,,255,False
hop_12,True,1,16301,test_hop_12:ergt43_pair_173130040_cf1,,12,,0,direct_transformer,12011,test_hop_12:ergt43_pair_173130040,0,5708d33348b48df52c8c06330f324816d257b6a8fd66cf5a6d362cefa519c76d,memory_source_condition,,255,False
hop_12,True,1,16301,test_hop_12:ergt43_pair_173130022_cf1,,12,,0,direct_transformer,12011,test_hop_12:ergt43_pair_173130022,0,025613c7ddca347ab05c2cde54aa3e2c8b1f54518103689c902e6d021c218a8c,finite_speed_cone,,255,False
hop_12,False,0,16301,test_hop_12:ergt43_pair_173130022_cf0,,12,,1,direct_transformer,12011,test_hop_12:ergt43_pair_173130022,0,1b710730e62e3be1e786959a306cbdbc1fc0bd1247ca67fe36b5f536c07c3850,finite_speed_cone,,255,False
hop_12,True,1,16301,test_hop_12:ergt43_pair_173130012_cf1,,12,,0,direct_transformer,12011,test_hop_12:ergt43_pair_173130012,0,93f7445384abf75e885a18d5629158afcd9fc7d3d3d539682cc89b790b6390dc,memory_source_condition,,255,False
hop_12,False,0,16301,test_hop_12:ergt43_pair_173130012_cf0,,12,,1,direct_transformer,12011,test_hop_12:ergt43_pair_173130012,0,8001c2707ec38541bbe2f81251da43b3af9ef894d0300ec75f4e2ffbcad60db2,memory_source_condition,,255,False
hop_12,False,0,16301,test_hop_12:ergt43_pair_173130036_cf0,,12,,1,direct_transformer,12011,test_hop_12:ergt43_pair_173130036,0,4ba6df8005b588ab62448f8dc64c19d087f2d4e166f559d456462b8a2f2dadf2,finite_speed_cone,,255,False
hop_12,True,1,16301,test_hop_12:ergt43_pair_173130036_cf1,,12,,0,direct_transformer,12011,test_hop_12:ergt43_pair_173130036,0,47001bb92b2d648a26cef57a782601cdc93999be3b25cb566ac0e1483e98a73b,finite_speed_cone,,255,False
hop_12,False,0,16301,test_hop_12:ergt43_pair_173130048_cf0,,12,,1,direct_transformer,12011,test_hop_12:ergt43_pair_173130048,0,96f9aa6f3ebf62e1b1c84967b2ee2d8a75e7b9ee6c427f69e4ae477fed9a0c0d,combined_long_horizon,,255,False
hop_12,True,1,16301,test_hop_12:ergt43_pair_173130048_cf1,,12,,0,direct_transformer,12011,test_hop_12:ergt43_pair_173130048,0,fbe94f998333c63fa8acece72efbfcd19a8f7bd1b74ad9fe108a67cc32082342,combined_long_horizon,,255,False
hop_12,True,1,16301,test_hop_12:ergt43_pair_173130028_cf1,,12,,0,direct_transformer,12011,test_hop_12:ergt43_pair_173130028,0,6821e6f3331c86d16ba6cdd475905fb2c8daad309f329cd3d1a9c753ea0ac288,geodesic_action,,255,False
hop_12,False,0,16301,test_hop_12:ergt43_pair_173130028_cf0,,12,,1,direct_transformer,12011,test_hop_12:ergt43_pair_173130028,0,e5d08bd435e382b812819dc17d5c2c51b6a1d4a616702a0bb67b9a4b781cbfc0,geodesic_action,,255,False
hop_12,True,1,16301,test_hop_12:ergt43_pair_173130041_cf1,,12,,0,direct_transformer,12011,test_hop_12:ergt43_pair_173130041,0,ffd73c45ba1078a450824105546eaaccc7b91cb424ef3f6c89f104a0b4d6f93f,combined_long_horizon,,255,False
hop_12,False,0,16301,test_hop_12:ergt43_pair_173130041_cf0,,12,,1,direct_transformer,12011,test_hop_12:ergt43_pair_173130041,0,1a5ffcfcc474ccaf341d3b6b69997907875e1204ee36a02d16580e48751fe8f6,combined_long_horizon,,255,False
hop_12,False,0,16301,test_hop_12:ergt43_pair_173130032_cf0,,12,,1,direct_transformer,12011,test_hop_12:ergt43_pair_173130032,0,157747d62731a0d68a5c7ec1195493ddd0b547b0f9981b794e4f5e93ef67bbd3,terminal_mass,,255,False
hop_12,True,1,16301,test_hop_12:ergt43_pair_173130032_cf1,,12,,0,direct_transformer,12011,test_hop_12:ergt43_pair_173130032,0,fcfae8047ea088cf045b3d2652c685d6e0e68be62070e85d305a04f82392034d,terminal_mass,,255,False
hop_12,False,0,16301,test_hop_12:ergt43_pair_173130014_cf0,,12,,1,direct_transformer,12011,test_hop_12:ergt43_pair_173130014,0,15a1c9fb05df559b8a97e7fcf6ddc2d2fdfc68c89becdfcdfaeed85bbb95b0f1,geodesic_action,,255,False
hop_12,True,1,16301,test_hop_12:ergt43_pair_173130014_cf1,,12,,0,direct_transformer,12011,test_hop_12:ergt43_pair_173130014,0,778d03fb2c6f8b8f0edc0b1e60e9999b50166fa3a65aab087f11ab7aada8daef,geodesic_action,,255,False
hop_12,True,1,16301,test_hop_12:ergt43_pair_173130055_cf1,,12,,0,direct_transformer,12011,test_hop_12:ergt43_pair_173130055,0,dfc6b9245cb4f8b6b9ea0c19cdc0b6ae19d3c4dd76e89742152a26cd62a3a9dc,combined_long_horizon,,255,False
hop_12,False,0,16301,test_hop_12:ergt43_pair_173130055_cf0,,12,,1,direct_transformer,12011,test_hop_12:ergt43_pair_173130055,0,897f225d7810f884bdd1926b6ef62c0385ccb66b61b6c80c4c5db76fa6d202b3,combined_long_horizon,,255,False
hop_12,False,0,16301,test_hop_12:ergt43_pair_173130054_cf0,,12,,1,direct_transformer,12011,test_hop_12:ergt43_pair_173130054,0,27bbc406e506edf1803abf829b9ea659708e10733ce7a2deefb6f23b425e90bc,memory_source_condition,,255,False
hop_12,True,1,16301,test_hop_12:ergt43_pair_173130054_cf1,,12,,0,direct_transformer,12011,test_hop_12:ergt43_pair_173130054,0,878921336e32582ccc160d329f6ce72c1b744e9790bd2b5dce93c02cbe6c810c,memory_source_condition,,255,False
hop_12,False,0,16301,test_hop_12:ergt43_pair_173130018_cf0,,12,,1,direct_transformer,12011,test_hop_12:ergt43_pair_173130018,0,7c78e7b1f284d7eb8acc41dec425bacac076b05f76ec40ce152597f54bcfc092,terminal_mass,,255,False
hop_12,True,1,16301,test_hop_12:ergt43_pair_173130018_cf1,,12,,0,direct_transformer,12011,test_hop_12:ergt43_pair_173130018,0,2015a4475974ae478c7e6b29b31251faa21179c2a75223a890ada8ba7be256cb,terminal_mass,,255,False
hop_12,False,1,16301,test_hop_12:ergt43_pair_173130051_cf1,,12,,0,direct_transformer,12011,test_hop_12:ergt43_pair_173130051,1,92716a187e6e7e3fc7fea6f4931d93897ff201d6a0148157804508642b4961c5,boundary_deficit,,255,False
hop_12,True,0,16301,test_hop_12:ergt43_pair_173130051_cf0,,12,,1,direct_transformer,12011,test_hop_12:ergt43_pair_173130051,1,af231034d5b607951e7e09e9d34c4001341daa18f7b54e03c9bc2e8c3ea23006,boundary_deficit,,255,False
hop_12,True,1,16301,test_hop_12:ergt43_pair_173130047_cf1,,12,,0,direct_transformer,12011,test_hop_12:ergt43_pair_173130047,0,993702065e90c22653cc44f5706bdd019e9e3ff90b3b958ab0b97a9246072aa2,memory_source_condition,,255,False
hop_12,False,0,16301,test_hop_12:ergt43_pair_173130047_cf0,,12,,1,direct_transformer,12011,test_hop_12:ergt43_pair_173130047,0,dd08abda98ef038953ca02b291c68457b153059a9e1d72d2477a7180560d4ec8,memory_source_condition,,255,False
hop_12,True,1,16301,test_hop_12:ergt43_pair_173130020_cf1,,12,,0,direct_transformer,12011,test_hop_12:ergt43_pair_173130020,0,158b7467f6741f23227487376792d06ae1e5d99d29e3c5a55387cf93b70e7389,combined_long_horizon,,255,False
hop_12,False,0,16301,test_hop_12:ergt43_pair_173130020_cf0,,12,,1,direct_transformer,12011,test_hop_12:ergt43_pair_173130020,0,763293d6d84295c8aabac6130092b3c5dc46b20068dbbe4b41f3d8cbf384503e,combined_long_horizon,,255,False
hop_12,True,1,16301,test_hop_12:ergt43_pair_173130026_cf1,,12,,0,direct_transformer,12011,test_hop_12:ergt43_pair_173130026,0,3371fe75ae3c88d13123187ada0fce8ee3713fbe910332b0bea828576d4b71a8,memory_source_condition,,255,False
hop_12,False,0,16301,test_hop_12:ergt43_pair_173130026_cf0,,12,,1,direct_transformer,12011,test_hop_12:ergt43_pair_173130026,0,85a95423b425d948482fbe83d7ceb6dccdd534948a38099ccb8fd1931b208c29,memory_source_condition,,255,False
hop_12,True,1,16301,test_hop_12:ergt43_pair_173130038_cf1,,12,,0,direct_transformer,12011,test_hop_12:ergt43_pair_173130038,0,07dddfe5d681fd12687fafc4d4e423dd8405fbd7c11249ba9fee2165f5eda159,payload_transport,,255,False
hop_12,False,0,16301,test_hop_12:ergt43_pair_173130038_cf0,,12,,1,direct_transformer,12011,test_hop_12:ergt43_pair_173130038,0,3805a1276bd1c89e113d7b7b08c1d7076a22d0ca495a509a7021273be5c98499,payload_transport,,255,False
hop_12,False,1,16301,test_hop_12:ergt43_pair_173130024_cf1,,12,,0,direct_transformer,12011,test_hop_12:ergt43_pair_173130024,1,13978f7f69fef003eb9ecf9b07841293df0a11220d09c3f2269552e52da4b96f,payload_transport,,255,False
hop_12,True,0,16301,test_hop_12:ergt43_pair_173130024_cf0,,12,,1,direct_transformer,12011,test_hop_12:ergt43_pair_173130024,1,34343ba992647efc5d388794951cbb7f9257e6c529f4c2fee84c78085052d0af,payload_transport,,255,False
hop_12,False,0,16301,test_hop_12:ergt43_pair_173130049_cf0,,12,,1,direct_transformer,12011,test_hop_12:ergt43_pair_173130049,0,38640814dd55fde0797417dbadfadfeb62b9d2417051ee86aa90c2d59137151a,geodesic_action,,255,False
hop_12,True,1,16301,test_hop_12:ergt43_pair_173130049_cf1,,12,,0,direct_transformer,12011,test_hop_12:ergt43_pair_173130049,0,50d9d62739432bc3f79e1962a2b747839a59c6f1e6c731e06efe8020b0a8fed5,geodesic_action,,255,False
hop_12,False,0,16301,test_hop_12:ergt43_pair_173130027_cf0,,12,,1,direct_transformer,12011,test_hop_12:ergt43_pair_173130027,0,c9e4c0aa455e91b4dbda9f6590b1e74873216ab868aac79a0d0f4dda85cf91fa,combined_long_horizon,,255,False
hop_12,True,1,16301,test_hop_12:ergt43_pair_173130027_cf1,,12,,0,direct_transformer,12011,test_hop_12:ergt43_pair_173130027,0,8bf64dab46a401564f7bb3a2e19c2bc6a45aa07c6805eb65e3c233bae1b3c95d,combined_long_horizon,,255,False
hop_12,True,1,16301,test_hop_12:ergt43_pair_173130037_cf1,,12,,0,direct_transformer,12011,test_hop_12:ergt43_pair_173130037,0,1bd8ae4c270b2707560551c42cc312d4cc4238dabff9ce73325278fcfcb6d81d,boundary_deficit,,255,False
hop_12,False,0,16301,test_hop_12:ergt43_pair_173130037_cf0,,12,,1,direct_transformer,12011,test_hop_12:ergt43_pair_173130037,0,c2f688ee731f12b30d24b93d504615f6e7c0811fbc77187dd7ed42c135c9d5aa,boundary_deficit,,255,False
hop_12,False,0,16301,test_hop_12:ergt43_pair_173130019_cf0,,12,,1,direct_transformer,12011,test_hop_12:ergt43_pair_173130019,0,74c54024334c70df8b0e28ce10a96d5f6ba05628d8993a4f79497a89b474a985,memory_source_condition,,255,False
hop_12,True,1,16301,test_hop_12:ergt43_pair_173130019_cf1,,12,,0,direct_transformer,12011,test_hop_12:ergt43_pair_173130019,0,4d81e926fd3ec20ca063429bee3ab1f224d1039837fe21bf56dae3a172190148,memory_source_condition,,255,False
hop_12,False,0,16301,test_hop_12:ergt43_pair_173130034_cf0,,12,,1,direct_transformer,12011,test_hop_12:ergt43_pair_173130034,0,396e264950f1ca6f0ef083c651669f6edfa089f6621ebd76696257ebc2f08464,combined_long_horizon,,255,False
hop_12,True,1,16301,test_hop_12:ergt43_pair_173130034_cf1,,12,,0,direct_transformer,12011,test_hop_12:ergt43_pair_173130034,0,0282ab2f3bbc465fb6d14243930911c9b5b378e065c6387586361cd79b0a6fd0,combined_long_horizon,,255,False
hop_12,True,1,16301,test_hop_12:ergt43_pair_173130015_cf1,,12,,0,direct_transformer,12011,test_hop_12:ergt43_pair_173130015,0,942e245edf9c59b858e3c10ba0a9bda4e72efe32a0ddce2b2f9b21d67acb3721,finite_speed_cone,,255,False
hop_12,False,0,16301,test_hop_12:ergt43_pair_173130015_cf0,,12,,1,direct_transformer,12011,test_hop_12:ergt43_pair_173130015,0,43a0e7ef25c818ccccd765f3c521ab08c566a2318dca1064d37d5e2d324a8ac4,finite_speed_cone,,255,False
hop_12,True,1,16301,test_hop_12:ergt43_pair_173130050_cf1,,12,,0,direct_transformer,12011,test_hop_12:ergt43_pair_173130050,0,98adee048f5181c7944a0003383b3086329b99e8ad944564a9058f9bacf88ab9,finite_speed_cone,,255,False
hop_12,False,0,16301,test_hop_12:ergt43_pair_173130050_cf0,,12,,1,direct_transformer,12011,test_hop_12:ergt43_pair_173130050,0,40eb95b197a078f7ad371cf85e6753285589589f1ad2cbf9a1fa24b83efa3532,finite_speed_cone,,255,False
hop_12,False,0,16301,test_hop_12:ergt43_pair_173130045_cf0,,12,,1,direct_transformer,12011,test_hop_12:ergt43_pair_173130045,0,2b754b3134e9021bf73e1093520939064a17849548c830b85f2ea5af3ca01f8e,payload_transport,,255,False
hop_12,True,1,16301,test_hop_12:ergt43_pair_173130045_cf1,,12,,0,direct_transformer,12011,test_hop_12:ergt43_pair_173130045,0,d5c3196b349d515d1529cce949f453d969688e9536f4174fd48320246fa9e4dc,payload_transport,,255,False
hop_12,False,1,16301,test_hop_12:ergt43_pair_173130043_cf1,,12,,0,direct_transformer,12011,test_hop_12:ergt43_pair_173130043,1,9e7aed8b18b0e891363aa3b6744eb255db4f2985ac17868f7770d6bd7eb7b0c6,finite_speed_cone,,255,False
hop_12,True,0,16301,test_hop_12:ergt43_pair_173130043_cf0,,12,,1,direct_transformer,12011,test_hop_12:ergt43_pair_173130043,1,0615c0835dcacad8a3b771a099ca1798e9ad759869bcf2e50b116d1b6dda61f1,finite_speed_cone,,255,False
hop_16,True,1,16301,test_hop_16:ergt43_pair_173170023_cf1,0,16,full,0,native_ergt,12011,test_hop_16:ergt43_pair_173170023,0,ecc1e70e10129c15b3b00cfe5d238d7e536f242d989571a1187168a79bd8c763,boundary_deficit,16.0,335,False
hop_16,True,0,16301,test_hop_16:ergt43_pair_173170023_cf0,0,16,full,1,native_ergt,12011,test_hop_16:ergt43_pair_173170023,1,53949b9cf2362003cf2f7b1e18eafbc20c0c06cb111801bb10974a0d1b3bda54,boundary_deficit,16.0,335,False
hop_16,True,0,16301,test_hop_16:ergt43_pair_173170039_cf0,0,16,full,1,native_ergt,12011,test_hop_16:ergt43_pair_173170039,1,7410b2beaa913d2cb050a8066f4f90ed598eb4449d411ca2c5fd16e79fb23c3d,terminal_mass,16.0,335,False
hop_16,True,1,16301,test_hop_16:ergt43_pair_173170039_cf1,0,16,full,0,native_ergt,12011,test_hop_16:ergt43_pair_173170039,0,d18af384d57428c56a88077503e51a11df3e1138221679925b445134e26f0527,terminal_mass,16.0,335,False
hop_16,True,1,16301,test_hop_16:ergt43_pair_173170043_cf1,0,16,full,0,native_ergt,12011,test_hop_16:ergt43_pair_173170043,0,ae5ea5bf189da00cb1c5b5093fc7f8b569b4542ef2b3d174c0293539825f4e9d,finite_speed_cone,16.0,335,False
hop_16,True,0,16301,test_hop_16:ergt43_pair_173170043_cf0,0,16,full,1,native_ergt,12011,test_hop_16:ergt43_pair_173170043,1,c4a150ba56988acbaa69904e54b28dfbb92e5bab900aa1803ccbcb3b4612e48a,finite_speed_cone,16.0,335,False
hop_16,True,0,16301,test_hop_16:ergt43_pair_173170007_cf0,0,16,full,1,native_ergt,12011,test_hop_16:ergt43_pair_173170007,1,b477e3e16d56abb5bfe7035b9e8bbceca6832b1c9b98c33d977d3903e226532d,geodesic_action,16.0,335,False
hop_16,True,1,16301,test_hop_16:ergt43_pair_173170007_cf1,0,16,full,0,native_ergt,12011,test_hop_16:ergt43_pair_173170007,0,7ff590d95ebe4ed19de9d77949d75c2d1d55749991090f15ad1ec583f9157fab,geodesic_action,16.0,335,False
hop_16,True,1,16301,test_hop_16:ergt43_pair_173170024_cf1,0,16,full,0,native_ergt,12011,test_hop_16:ergt43_pair_173170024,0,7ad92b90eed4441880ca6fd526dbf96749636570705e8bbd15e34389d24a1a5c,payload_transport,16.0,335,False
hop_16,True,0,16301,test_hop_16:ergt43_pair_173170024_cf0,0,16,full,1,native_ergt,12011,test_hop_16:ergt43_pair_173170024,1,17c14902802701e0af2074841ebba369e3f2ecc53629b99667e93bc40a86cb93,payload_transport,16.0,335,False
hop_16,True,0,16301,test_hop_16:ergt43_pair_173170027_cf0,0,16,full,1,native_ergt,12011,test_hop_16:ergt43_pair_173170027,1,228c02b2b6ce9bb2f9ef681bc9b2b250b38de2aebdf1b37c5ed9423e988bd392,combined_long_horizon,16.0,335,False
hop_16,True,1,16301,test_hop_16:ergt43_pair_173170027_cf1,0,16,full,0,native_ergt,12011,test_hop_16:ergt43_pair_173170027,0,57fa0a5c39ca968130b66cde49b05582e320dcf024cb00cb8619e538552a62fa,combined_long_horizon,16.0,335,False
hop_16,True,0,16301,test_hop_16:ergt43_pair_173170026_cf0,0,16,full,1,native_ergt,12011,test_hop_16:ergt43_pair_173170026,1,ac364105eec36ca6c64701a516498c55b5a60989628565ae904eec839d3e7e58,memory_source_condition,16.0,335,False
hop_16,True,1,16301,test_hop_16:ergt43_pair_173170026_cf1,0,16,full,0,native_ergt,12011,test_hop_16:ergt43_pair_173170026,0,9144f03f30de5505e3cea9d44d9bd89db57b23cc7e0c101197a6389005e3db50,memory_source_condition,16.0,335,False
hop_16,True,0,16301,test_hop_16:ergt43_pair_173170006_cf0,0,16,full,1,native_ergt,12011,test_hop_16:ergt43_pair_173170006,1,83da7ed268e2e9120d97bb7c5f454e606d305879e639cfaa2420de3c4e3a236a,combined_long_horizon,16.0,335,False
hop_16,True,1,16301,test_hop_16:ergt43_pair_173170006_cf1,0,16,full,0,native_ergt,12011,test_hop_16:ergt43_pair_173170006,0,7d9db60cd791cfaf3c4858a90de7113baeaca054efd84feda6f9e1948a1013fd,combined_long_horizon,16.0,335,False
hop_16,True,0,16301,test_hop_16:ergt43_pair_173170034_cf0,0,16,full,1,native_ergt,12011,test_hop_16:ergt43_pair_173170034,1,35892bf2632e4a79c4a78c9c05073bab4e9f40dd5d5dfbc4c594697d9313e037,combined_long_horizon,16.0,335,False
hop_16,True,1,16301,test_hop_16:ergt43_pair_173170034_cf1,0,16,full,0,native_ergt,12011,test_hop_16:ergt43_pair_173170034,0,7dca357128b714e1debb20c9f1c11317cfd4c50eafe1acd2a8f320233b657b93,combined_long_horizon,16.0,335,False
hop_16,True,1,16301,test_hop_16:ergt43_pair_173170046_cf1,0,16,full,0,native_ergt,12011,test_hop_16:ergt43_pair_173170046,0,08ff5e830fffbd4ef9e2bafa3bf30a9d0f1775985477bf3f296b99963f36b885,terminal_mass,16.0,335,False
hop_16,True,0,16301,test_hop_16:ergt43_pair_173170046_cf0,0,16,full,1,native_ergt,12011,test_hop_16:ergt43_pair_173170046,1,72a7eb94b5f82fd446fe4971c35bf2d85604f33a262a815b0c69998095d379e8,terminal_mass,16.0,335,False
hop_16,True,0,16301,test_hop_16:ergt43_pair_173170029_cf0,0,16,full,1,native_ergt,12011,test_hop_16:ergt43_pair_173170029,1,514b98cb261342cfe2c0c7c9371f346ac71d06ce5490cda29b8ee974a0556cec,finite_speed_cone,16.0,335,False
hop_16,True,1,16301,test_hop_16:ergt43_pair_173170029_cf1,0,16,full,0,native_ergt,12011,test_hop_16:ergt43_pair_173170029,0,5c8244b22bc234b4c267ba61eb7913936e2ee3fcbf3ce795af818b408752aff2,finite_speed_cone,16.0,335,False
hop_16,True,1,16301,test_hop_16:ergt43_pair_173170054_cf1,0,16,full,0,native_ergt,12011,test_hop_16:ergt43_pair_173170054,0,71e3cb176bdeca10390da900d8f459846e6868c580b473e3aa909967b3654922,memory_source_condition,16.0,335,False
hop_16,True,0,16301,test_hop_16:ergt43_pair_173170054_cf0,0,16,full,1,native_ergt,12011,test_hop_16:ergt43_pair_173170054,1,ff73e782789ef2a7ee9fe90b5786c29841d7242f93c17defbaf7cd1e8579313e,memory_source_condition,16.0,335,False
hop_16,True,1,16301,test_hop_16:ergt43_pair_173170021_cf1,0,16,full,0,native_ergt,12011,test_hop_16:ergt43_pair_173170021,0,56be45d760f20c5451dbfb49e96bf9c9dd7f285d2f6a1f4e98fe34218dd33b9d,geodesic_action,16.0,335,False
hop_16,True,0,16301,test_hop_16:ergt43_pair_173170021_cf0,0,16,full,1,native_ergt,12011,test_hop_16:ergt43_pair_173170021,1,3cd88ab389c18cb32441cfe9fb1e9edf8f3b7702917d333190e248b288b1c0bd,geodesic_action,16.0,335,False
hop_16,True,0,16301,test_hop_16:ergt43_pair_173170042_cf0,0,16,full,1,native_ergt,12011,test_hop_16:ergt43_pair_173170042,1,9eadf345e96e3690d819a5f6b34916b0c7d80029534a78857a7a8264d2c14eb5,geodesic_action,16.0,335,False
hop_16,True,1,16301,test_hop_16:ergt43_pair_173170042_cf1,0,16,full,0,native_ergt,12011,test_hop_16:ergt43_pair_173170042,0,2aa2f63ebb06c8ac1f7bd4532ef637a7ae0b660e7dc1001980d5c3482b03a990,geodesic_action,16.0,335,False
hop_16,True,0,16301,test_hop_16:ergt43_pair_173170030_cf0,0,16,full,1,native_ergt,12011,test_hop_16:ergt43_pair_173170030,1,385555a143ef2706d0d75dac43d045e0e0f2e108d61b1620221abc326f280bf8,boundary_deficit,16.0,335,False
hop_16,True,1,16301,test_hop_16:ergt43_pair_173170030_cf1,0,16,full,0,native_ergt,12011,test_hop_16:ergt43_pair_173170030,0,d19a208395bf6c02a0d32bd9ce7b7dd3b4d13f9c6e3c864b2fea2c3ac66b89ff,boundary_deficit,16.0,335,False
hop_16,True,0,16301,test_hop_16:ergt43_pair_173170053_cf0,0,16,full,1,native_ergt,12011,test_hop_16:ergt43_pair_173170053,1,3088395d2234b6de6cf3e19daecd9a3706aac071152d8682c1a2ab8f01d60116,terminal_mass,16.0,335,False
hop_16,True,1,16301,test_hop_16:ergt43_pair_173170053_cf1,0,16,full,0,native_ergt,12011,test_hop_16:ergt43_pair_173170053,0,5f351b854e56a044f86e6eac3b1246defd2a1201741c45011d08d2617c29bae4,terminal_mass,16.0,335,False
hop_16,True,1,16301,test_hop_16:ergt43_pair_173170010_cf1,0,16,full,0,native_ergt,12011,test_hop_16:ergt43_pair_173170010,0,90c8e69e6b8e0d3e717579d2aa22302b67e8032f01d7eb1dec424c045731d89d,payload_transport,16.0,335,False
hop_16,True,0,16301,test_hop_16:ergt43_pair_173170010_cf0,0,16,full,1,native_ergt,12011,test_hop_16:ergt43_pair_173170010,1,8f186967b38f1f76458d501f5eb48be5636f419e844e8beea8f6c7c44bbaa1ac,payload_transport,16.0,335,False
hop_16,True,1,16301,test_hop_16:ergt43_pair_173170009_cf1,0,16,full,0,native_ergt,12011,test_hop_16:ergt43_pair_173170009,0,605402004ee65cf0b1498584fa6e919754888343e7c0018f14abf475f48022b3,boundary_deficit,16.0,335,False
hop_16,True,0,16301,test_hop_16:ergt43_pair_173170009_cf0,0,16,full,1,native_ergt,12011,test_hop_16:ergt43_pair_173170009,1,5bbd1510f069dd375bc90401fb3a4196fd9ff0709ec5396a0b9cd9bec67e5b46,boundary_deficit,16.0,335,False
hop_16,True,0,16301,test_hop_16:ergt43_pair_173170051_cf0,0,16,full,1,native_ergt,12011,test_hop_16:ergt43_pair_173170051,1,6b9864842aa9a9b3cbf0da349e6cfcb5ed5c57c9210ff999cbb107004e2b5c71,boundary_deficit,16.0,335,False
hop_16,True,1,16301,test_hop_16:ergt43_pair_173170051_cf1,0,16,full,0,native_ergt,12011,test_hop_16:ergt43_pair_173170051,0,a1c2ef34ad86ac1f96e3af64055cbe0fff762bba378fedd0788c62872be3448e,boundary_deficit,16.0,335,False
hop_16,True,0,16301,test_hop_16:ergt43_pair_173170050_cf0,0,16,full,1,native_ergt,12011,test_hop_16:ergt43_pair_173170050,1,937b89fa245779e3009090b0af7aec2a080cfc4a46938489bb80bbabfc7c8840,finite_speed_cone,16.0,335,False
hop_16,True,1,16301,test_hop_16:ergt43_pair_173170050_cf1,0,16,full,0,native_ergt,12011,test_hop_16:ergt43_pair_173170050,0,c091d6f95a7c39e36c77239e8befecbe720ffccd17de8ac416f59d433e303c88,finite_speed_cone,16.0,335,False
hop_16,True,1,16301,test_hop_16:ergt43_pair_173170035_cf1,0,16,full,0,native_ergt,12011,test_hop_16:ergt43_pair_173170035,0,41a9fe865fd2696f4acdcae2d062964224cb7f40db262d1ec9b903061f04f9d4,geodesic_action,16.0,335,False
hop_16,True,0,16301,test_hop_16:ergt43_pair_173170035_cf0,0,16,full,1,native_ergt,12011,test_hop_16:ergt43_pair_173170035,1,b12dc3b274f6a4087557572ac1e7a8e5dad415aa54852d61f3853252884701fd,geodesic_action,16.0,335,False
hop_16,True,1,16301,test_hop_16:ergt43_pair_173170045_cf1,0,16,full,0,native_ergt,12011,test_hop_16:ergt43_pair_173170045,0,0f2c09954d0fa8155e785b954b47b6fa66ac87a001f6d3eced53ad3f5495fff1,payload_transport,16.0,335,False
hop_16,True,0,16301,test_hop_16:ergt43_pair_173170045_cf0,0,16,full,1,native_ergt,12011,test_hop_16:ergt43_pair_173170045,1,6ca8520ccdadbe109c43a2f7a02d896ff259f138e515ec5c45fd1122a6064cad,payload_transport,16.0,335,False
hop_16,True,0,16301,test_hop_16:ergt43_pair_173170040_cf0,0,16,full,1,native_ergt,12011,test_hop_16:ergt43_pair_173170040,1,6e1e1b18a6ace89a38492de14e6dd8e204f2c3cc9ed0af06c63d4a005ff54509,memory_source_condition,16.0,335,False
hop_16,True,1,16301,test_hop_16:ergt43_pair_173170040_cf1,0,16,full,0,native_ergt,12011,test_hop_16:ergt43_pair_173170040,0,ef3e928615efc5395ef8fa49853d23515c1197ef00db24ac48403169aa434454,memory_source_condition,16.0,335,False
hop_16,True,1,16301,test_hop_16:ergt43_pair_173170016_cf1,0,16,full,0,native_ergt,12011,test_hop_16:ergt43_pair_173170016,0,d8452daf0fa76840b3a13bf671e5f1f9a32ef9aa59233bb961e8d3b4a5dfefb9,boundary_deficit,16.0,335,False
hop_16,True,0,16301,test_hop_16:ergt43_pair_173170016_cf0,0,16,full,1,native_ergt,12011,test_hop_16:ergt43_pair_173170016,1,c487f5e1ca76f14f81272eba8b4f0d11bf23a52c4035ecf4eeb904eaae543c29,boundary_deficit,16.0,335,False
hop_16,True,1,16301,test_hop_16:ergt43_pair_173170028_cf1,0,16,full,0,native_ergt,12011,test_hop_16:ergt43_pair_173170028,0,d2e8308f03afeacc2ae22701b8fe090ba328949726d83d53df5a2a910e1efa8d,geodesic_action,16.0,335,False
hop_16,True,0,16301,test_hop_16:ergt43_pair_173170028_cf0,0,16,full,1,native_ergt,12011,test_hop_16:ergt43_pair_173170028,1,633e2b74152a0c0a0b8974776264464f0bb474e50e6991ec4ef39af979fd8ee0,geodesic_action,16.0,335,False
hop_16,True,0,16301,test_hop_16:ergt43_pair_173170032_cf0,0,16,full,1,native_ergt,12011,test_hop_16:ergt43_pair_173170032,1,b1db6256037a36020bc5d494be9eaba39e1e1019949e79aada1e68f439c1309a,terminal_mass,16.0,335,False
hop_16,True,1,16301,test_hop_16:ergt43_pair_173170032_cf1,0,16,full,0,native_ergt,12011,test_hop_16:ergt43_pair_173170032,0,bea5f2dedae20199c2500ddcacb61412864ceaed52962882552333c1e23758a1,terminal_mass,16.0,335,False
hop_16,True,1,16301,test_hop_16:ergt43_pair_173170004_cf1,0,16,full,0,native_ergt,12011,test_hop_16:ergt43_pair_173170004,0,6a72c996884464f33a55238c6c2e556008e0bf180be0acc338ea6385b9ce0c71,terminal_mass,16.0,335,False
hop_16,True,0,16301,test_hop_16:ergt43_pair_173170004_cf0,0,16,full,1,native_ergt,12011,test_hop_16:ergt43_pair_173170004,1,b4469044439115d46948c1b871b9878a5439c7116c602cfa66150989cc79f63a,terminal_mass,16.0,335,False
hop_16,True,0,16301,test_hop_16:ergt43_pair_173170038_cf0,0,16,full,1,native_ergt,12011,test_hop_16:ergt43_pair_173170038,1,d6e5c39fe7be45e2e041506578e4af49d02034b2764731e7e064d0b3b015fe06,payload_transport,16.0,335,False
hop_16,True,1,16301,test_hop_16:ergt43_pair_173170038_cf1,0,16,full,0,native_ergt,12011,test_hop_16:ergt43_pair_173170038,0,491efeb70922084f676802eeb933202eb693e1b19912d0cf830f8b73744d7d61,payload_transport,16.0,335,False
hop_16,True,1,16301,test_hop_16:ergt43_pair_173170023_cf1,,16,,0,direct_transformer,12011,test_hop_16:ergt43_pair_173170023,0,ecc1e70e10129c15b3b00cfe5d238d7e536f242d989571a1187168a79bd8c763,boundary_deficit,,335,False
hop_16,False,0,16301,test_hop_16:ergt43_pair_173170023_cf0,,16,,1,direct_transformer,12011,test_hop_16:ergt43_pair_173170023,0,53949b9cf2362003cf2f7b1e18eafbc20c0c06cb111801bb10974a0d1b3bda54,boundary_deficit,,335,False
hop_16,False,0,16301,test_hop_16:ergt43_pair_173170039_cf0,,16,,1,direct_transformer,12011,test_hop_16:ergt43_pair_173170039,0,7410b2beaa913d2cb050a8066f4f90ed598eb4449d411ca2c5fd16e79fb23c3d,terminal_mass,,335,False
hop_16,True,1,16301,test_hop_16:ergt43_pair_173170039_cf1,,16,,0,direct_transformer,12011,test_hop_16:ergt43_pair_173170039,0,d18af384d57428c56a88077503e51a11df3e1138221679925b445134e26f0527,terminal_mass,,335,False
hop_16,False,1,16301,test_hop_16:ergt43_pair_173170043_cf1,,16,,0,direct_transformer,12011,test_hop_16:ergt43_pair_173170043,1,ae5ea5bf189da00cb1c5b5093fc7f8b569b4542ef2b3d174c0293539825f4e9d,finite_speed_cone,,335,False
hop_16,True,0,16301,test_hop_16:ergt43_pair_173170043_cf0,,16,,1,direct_transformer,12011,test_hop_16:ergt43_pair_173170043,1,c4a150ba56988acbaa69904e54b28dfbb92e5bab900aa1803ccbcb3b4612e48a,finite_speed_cone,,335,False
hop_16,False,0,16301,test_hop_16:ergt43_pair_173170007_cf0,,16,,1,direct_transformer,12011,test_hop_16:ergt43_pair_173170007,0,b477e3e16d56abb5bfe7035b9e8bbceca6832b1c9b98c33d977d3903e226532d,geodesic_action,,335,False
hop_16,True,1,16301,test_hop_16:ergt43_pair_173170007_cf1,,16,,0,direct_transformer,12011,test_hop_16:ergt43_pair_173170007,0,7ff590d95ebe4ed19de9d77949d75c2d1d55749991090f15ad1ec583f9157fab,geodesic_action,,335,False
hop_16,False,1,16301,test_hop_16:ergt43_pair_173170024_cf1,,16,,0,direct_transformer,12011,test_hop_16:ergt43_pair_173170024,1,7ad92b90eed4441880ca6fd526dbf96749636570705e8bbd15e34389d24a1a5c,payload_transport,,335,False
hop_16,True,0,16301,test_hop_16:ergt43_pair_173170024_cf0,,16,,1,direct_transformer,12011,test_hop_16:ergt43_pair_173170024,1,17c14902802701e0af2074841ebba369e3f2ecc53629b99667e93bc40a86cb93,payload_transport,,335,False
hop_16,False,0,16301,test_hop_16:ergt43_pair_173170027_cf0,,16,,1,direct_transformer,12011,test_hop_16:ergt43_pair_173170027,0,228c02b2b6ce9bb2f9ef681bc9b2b250b38de2aebdf1b37c5ed9423e988bd392,combined_long_horizon,,335,False
hop_16,True,1,16301,test_hop_16:ergt43_pair_173170027_cf1,,16,,0,direct_transformer,12011,test_hop_16:ergt43_pair_173170027,0,57fa0a5c39ca968130b66cde49b05582e320dcf024cb00cb8619e538552a62fa,combined_long_horizon,,335,False
hop_16,False,0,16301,test_hop_16:ergt43_pair_173170026_cf0,,16,,1,direct_transformer,12011,test_hop_16:ergt43_pair_173170026,0,ac364105eec36ca6c64701a516498c55b5a60989628565ae904eec839d3e7e58,memory_source_condition,,335,False
hop_16,True,1,16301,test_hop_16:ergt43_pair_173170026_cf1,,16,,0,direct_transformer,12011,test_hop_16:ergt43_pair_173170026,0,9144f03f30de5505e3cea9d44d9bd89db57b23cc7e0c101197a6389005e3db50,memory_source_condition,,335,False
hop_16,True,0,16301,test_hop_16:ergt43_pair_173170006_cf0,,16,,1,direct_transformer,12011,test_hop_16:ergt43_pair_173170006,1,83da7ed268e2e9120d97bb7c5f454e606d305879e639cfaa2420de3c4e3a236a,combined_long_horizon,,335,False
hop_16,True,1,16301,test_hop_16:ergt43_pair_173170006_cf1,,16,,0,direct_transformer,12011,test_hop_16:ergt43_pair_173170006,0,7d9db60cd791cfaf3c4858a90de7113baeaca054efd84feda6f9e1948a1013fd,combined_long_horizon,,335,False
hop_16,False,0,16301,test_hop_16:ergt43_pair_173170034_cf0,,16,,1,direct_transformer,12011,test_hop_16:ergt43_pair_173170034,0,35892bf2632e4a79c4a78c9c05073bab4e9f40dd5d5dfbc4c594697d9313e037,combined_long_horizon,,335,False
hop_16,True,1,16301,test_hop_16:ergt43_pair_173170034_cf1,,16,,0,direct_transformer,12011,test_hop_16:ergt43_pair_173170034,0,7dca357128b714e1debb20c9f1c11317cfd4c50eafe1acd2a8f320233b657b93,combined_long_horizon,,335,False
hop_16,False,1,16301,test_hop_16:ergt43_pair_173170046_cf1,,16,,0,direct_transformer,12011,test_hop_16:ergt43_pair_173170046,1,08ff5e830fffbd4ef9e2bafa3bf30a9d0f1775985477bf3f296b99963f36b885,terminal_mass,,335,False
hop_16,True,0,16301,test_hop_16:ergt43_pair_173170046_cf0,,16,,1,direct_transformer,12011,test_hop_16:ergt43_pair_173170046,1,72a7eb94b5f82fd446fe4971c35bf2d85604f33a262a815b0c69998095d379e8,terminal_mass,,335,False
hop_16,False,0,16301,test_hop_16:ergt43_pair_173170029_cf0,,16,,1,direct_transformer,12011,test_hop_16:ergt43_pair_173170029,0,514b98cb261342cfe2c0c7c9371f346ac71d06ce5490cda29b8ee974a0556cec,finite_speed_cone,,335,False
hop_16,True,1,16301,test_hop_16:ergt43_pair_173170029_cf1,,16,,0,direct_transformer,12011,test_hop_16:ergt43_pair_173170029,0,5c8244b22bc234b4c267ba61eb7913936e2ee3fcbf3ce795af818b408752aff2,finite_speed_cone,,335,False
hop_16,True,1,16301,test_hop_16:ergt43_pair_173170054_cf1,,16,,0,direct_transformer,12011,test_hop_16:ergt43_pair_173170054,0,71e3cb176bdeca10390da900d8f459846e6868c580b473e3aa909967b3654922,memory_source_condition,,335,False
hop_16,False,0,16301,test_hop_16:ergt43_pair_173170054_cf0,,16,,1,direct_transformer,12011,test_hop_16:ergt43_pair_173170054,0,ff73e782789ef2a7ee9fe90b5786c29841d7242f93c17defbaf7cd1e8579313e,memory_source_condition,,335,False
hop_16,True,1,16301,test_hop_16:ergt43_pair_173170021_cf1,,16,,0,direct_transformer,12011,test_hop_16:ergt43_pair_173170021,0,56be45d760f20c5451dbfb49e96bf9c9dd7f285d2f6a1f4e98fe34218dd33b9d,geodesic_action,,335,False
hop_16,False,0,16301,test_hop_16:ergt43_pair_173170021_cf0,,16,,1,direct_transformer,12011,test_hop_16:ergt43_pair_173170021,0,3cd88ab389c18cb32441cfe9fb1e9edf8f3b7702917d333190e248b288b1c0bd,geodesic_action,,335,False
hop_16,True,0,16301,test_hop_16:ergt43_pair_173170042_cf0,,16,,1,direct_transformer,12011,test_hop_16:ergt43_pair_173170042,1,9eadf345e96e3690d819a5f6b34916b0c7d80029534a78857a7a8264d2c14eb5,geodesic_action,,335,False
hop_16,False,1,16301,test_hop_16:ergt43_pair_173170042_cf1,,16,,0,direct_transformer,12011,test_hop_16:ergt43_pair_173170042,1,2aa2f63ebb06c8ac1f7bd4532ef637a7ae0b660e7dc1001980d5c3482b03a990,geodesic_action,,335,False
hop_16,False,0,16301,test_hop_16:ergt43_pair_173170030_cf0,,16,,1,direct_transformer,12011,test_hop_16:ergt43_pair_173170030,0,385555a143ef2706d0d75dac43d045e0e0f2e108d61b1620221abc326f280bf8,boundary_deficit,,335,False
hop_16,True,1,16301,test_hop_16:ergt43_pair_173170030_cf1,,16,,0,direct_transformer,12011,test_hop_16:ergt43_pair_173170030,0,d19a208395bf6c02a0d32bd9ce7b7dd3b4d13f9c6e3c864b2fea2c3ac66b89ff,boundary_deficit,,335,False
hop_16,True,0,16301,test_hop_16:ergt43_pair_173170053_cf0,,16,,1,direct_transformer,12011,test_hop_16:ergt43_pair_173170053,1,3088395d2234b6de6cf3e19daecd9a3706aac071152d8682c1a2ab8f01d60116,terminal_mass,,335,False
hop_16,False,1,16301,test_hop_16:ergt43_pair_173170053_cf1,,16,,0,direct_transformer,12011,test_hop_16:ergt43_pair_173170053,1,5f351b854e56a044f86e6eac3b1246defd2a1201741c45011d08d2617c29bae4,terminal_mass,,335,False
hop_16,True,1,16301,test_hop_16:ergt43_pair_173170010_cf1,,16,,0,direct_transformer,12011,test_hop_16:ergt43_pair_173170010,0,90c8e69e6b8e0d3e717579d2aa22302b67e8032f01d7eb1dec424c045731d89d,payload_transport,,335,False
hop_16,False,0,16301,test_hop_16:ergt43_pair_173170010_cf0,,16,,1,direct_transformer,12011,test_hop_16:ergt43_pair_173170010,0,8f186967b38f1f76458d501f5eb48be5636f419e844e8beea8f6c7c44bbaa1ac,payload_transport,,335,False
hop_16,True,1,16301,test_hop_16:ergt43_pair_173170009_cf1,,16,,0,direct_transformer,12011,test_hop_16:ergt43_pair_173170009,0,605402004ee65cf0b1498584fa6e919754888343e7c0018f14abf475f48022b3,boundary_deficit,,335,False
hop_16,False,0,16301,test_hop_16:ergt43_pair_173170009_cf0,,16,,1,direct_transformer,12011,test_hop_16:ergt43_pair_173170009,0,5bbd1510f069dd375bc90401fb3a4196fd9ff0709ec5396a0b9cd9bec67e5b46,boundary_deficit,,335,False
hop_16,True,0,16301,test_hop_16:ergt43_pair_173170051_cf0,,16,,1,direct_transformer,12011,test_hop_16:ergt43_pair_173170051,1,6b9864842aa9a9b3cbf0da349e6cfcb5ed5c57c9210ff999cbb107004e2b5c71,boundary_deficit,,335,False
hop_16,False,1,16301,test_hop_16:ergt43_pair_173170051_cf1,,16,,0,direct_transformer,12011,test_hop_16:ergt43_pair_173170051,1,a1c2ef34ad86ac1f96e3af64055cbe0fff762bba378fedd0788c62872be3448e,boundary_deficit,,335,False
hop_16,True,0,16301,test_hop_16:ergt43_pair_173170050_cf0,,16,,1,direct_transformer,12011,test_hop_16:ergt43_pair_173170050,1,937b89fa245779e3009090b0af7aec2a080cfc4a46938489bb80bbabfc7c8840,finite_speed_cone,,335,False
hop_16,False,1,16301,test_hop_16:ergt43_pair_173170050_cf1,,16,,0,direct_transformer,12011,test_hop_16:ergt43_pair_173170050,1,c091d6f95a7c39e36c77239e8befecbe720ffccd17de8ac416f59d433e303c88,finite_speed_cone,,335,False
hop_16,True,1,16301,test_hop_16:ergt43_pair_173170035_cf1,,16,,0,direct_transformer,12011,test_hop_16:ergt43_pair_173170035,0,41a9fe865fd2696f4acdcae2d062964224cb7f40db262d1ec9b903061f04f9d4,geodesic_action,,335,False
hop_16,False,0,16301,test_hop_16:ergt43_pair_173170035_cf0,,16,,1,direct_transformer,12011,test_hop_16:ergt43_pair_173170035,0,b12dc3b274f6a4087557572ac1e7a8e5dad415aa54852d61f3853252884701fd,geodesic_action,,335,False
hop_16,True,1,16301,test_hop_16:ergt43_pair_173170045_cf1,,16,,0,direct_transformer,12011,test_hop_16:ergt43_pair_173170045,0,0f2c09954d0fa8155e785b954b47b6fa66ac87a001f6d3eced53ad3f5495fff1,payload_transport,,335,False
hop_16,False,0,16301,test_hop_16:ergt43_pair_173170045_cf0,,16,,1,direct_transformer,12011,test_hop_16:ergt43_pair_173170045,0,6ca8520ccdadbe109c43a2f7a02d896ff259f138e515ec5c45fd1122a6064cad,payload_transport,,335,False
hop_16,True,0,16301,test_hop_16:ergt43_pair_173170040_cf0,,16,,1,direct_transformer,12011,test_hop_16:ergt43_pair_173170040,1,6e1e1b18a6ace89a38492de14e6dd8e204f2c3cc9ed0af06c63d4a005ff54509,memory_source_condition,,335,False
hop_16,False,1,16301,test_hop_16:ergt43_pair_173170040_cf1,,16,,0,direct_transformer,12011,test_hop_16:ergt43_pair_173170040,1,ef3e928615efc5395ef8fa49853d23515c1197ef00db24ac48403169aa434454,memory_source_condition,,335,False
hop_16,False,1,16301,test_hop_16:ergt43_pair_173170016_cf1,,16,,0,direct_transformer,12011,test_hop_16:ergt43_pair_173170016,1,d8452daf0fa76840b3a13bf671e5f1f9a32ef9aa59233bb961e8d3b4a5dfefb9,boundary_deficit,,335,False
hop_16,True,0,16301,test_hop_16:ergt43_pair_173170016_cf0,,16,,1,direct_transformer,12011,test_hop_16:ergt43_pair_173170016,1,c487f5e1ca76f14f81272eba8b4f0d11bf23a52c4035ecf4eeb904eaae543c29,boundary_deficit,,335,False
hop_16,True,1,16301,test_hop_16:ergt43_pair_173170028_cf1,,16,,0,direct_transformer,12011,test_hop_16:ergt43_pair_173170028,0,d2e8308f03afeacc2ae22701b8fe090ba328949726d83d53df5a2a910e1efa8d,geodesic_action,,335,False
hop_16,False,0,16301,test_hop_16:ergt43_pair_173170028_cf0,,16,,1,direct_transformer,12011,test_hop_16:ergt43_pair_173170028,0,633e2b74152a0c0a0b8974776264464f0bb474e50e6991ec4ef39af979fd8ee0,geodesic_action,,335,False
hop_16,False,0,16301,test_hop_16:ergt43_pair_173170032_cf0,,16,,1,direct_transformer,12011,test_hop_16:ergt43_pair_173170032,0,b1db6256037a36020bc5d494be9eaba39e1e1019949e79aada1e68f439c1309a,terminal_mass,,335,False
hop_16,True,1,16301,test_hop_16:ergt43_pair_173170032_cf1,,16,,0,direct_transformer,12011,test_hop_16:ergt43_pair_173170032,0,bea5f2dedae20199c2500ddcacb61412864ceaed52962882552333c1e23758a1,terminal_mass,,335,False
hop_16,False,1,16301,test_hop_16:ergt43_pair_173170004_cf1,,16,,0,direct_transformer,12011,test_hop_16:ergt43_pair_173170004,1,6a72c996884464f33a55238c6c2e556008e0bf180be0acc338ea6385b9ce0c71,terminal_mass,,335,False
hop_16,True,0,16301,test_hop_16:ergt43_pair_173170004_cf0,,16,,1,direct_transformer,12011,test_hop_16:ergt43_pair_173170004,1,b4469044439115d46948c1b871b9878a5439c7116c602cfa66150989cc79f63a,terminal_mass,,335,False
hop_16,False,0,16301,test_hop_16:ergt43_pair_173170038_cf0,,16,,1,direct_transformer,12011,test_hop_16:ergt43_pair_173170038,0,d6e5c39fe7be45e2e041506578e4af49d02034b2764731e7e064d0b3b015fe06,payload_transport,,335,False
hop_16,True,1,16301,test_hop_16:ergt43_pair_173170038_cf1,,16,,0,direct_transformer,12011,test_hop_16:ergt43_pair_173170038,0,491efeb70922084f676802eeb933202eb693e1b19912d0cf830f8b73744d7d61,payload_transport,,335,False
hop_24,True,1,16301,test_hop_24:ergt43_pair_173250007_cf1,0,24,full,0,native_ergt,12011,test_hop_24:ergt43_pair_173250007,0,2ac6bb8545670582d8158a625c59ba9bdd82116a8e87c254699501c188cde829,geodesic_action,24.0,495,False
hop_24,True,0,16301,test_hop_24:ergt43_pair_173250007_cf0,0,24,full,1,native_ergt,12011,test_hop_24:ergt43_pair_173250007,1,b1bed224d666151ba002a8bff1e21ab4a83f0c8ce8aae9c81a4b1bbe1d9ebac1,geodesic_action,24.0,495,False
hop_24,True,0,16301,test_hop_24:ergt43_pair_173250050_cf0,0,24,full,1,native_ergt,12011,test_hop_24:ergt43_pair_173250050,1,37d52dea2642f2cc6709c7e4ea376835a05bb4be317dd768b3ee0f003783d3db,finite_speed_cone,24.0,495,False
hop_24,True,1,16301,test_hop_24:ergt43_pair_173250050_cf1,0,24,full,0,native_ergt,12011,test_hop_24:ergt43_pair_173250050,0,0a02d9963119c2bc789d03f4da774545239e32fda75a5986861a761ae6a7d147,finite_speed_cone,24.0,495,False
hop_24,True,0,16301,test_hop_24:ergt43_pair_173250002_cf0,0,24,full,1,native_ergt,12011,test_hop_24:ergt43_pair_173250002,1,e2b5e69e7347047e1c71410ac872c443aaf428d50b1242f16c4cf0e8a8a95a88,boundary_deficit,24.0,495,False
hop_24,False,1,16301,test_hop_24:ergt43_pair_173250002_cf1,1,24,full,0,native_ergt,12011,test_hop_24:ergt43_pair_173250002,2,f614a1c9e694277ae6218434989fc44da2348bb78cbf48812dcebcff4f21834d,boundary_deficit,1000000.0,495,False
hop_24,True,1,16301,test_hop_24:ergt43_pair_173250029_cf1,0,24,full,0,native_ergt,12011,test_hop_24:ergt43_pair_173250029,0,1655074354b3a08ddefa45e472b10692ad16cefccdd032d704d1bbfbffaadf61,finite_speed_cone,24.0,495,False
hop_24,True,0,16301,test_hop_24:ergt43_pair_173250029_cf0,0,24,full,1,native_ergt,12011,test_hop_24:ergt43_pair_173250029,1,7cc464de73555cb3bcadf57c552a4c665133b109d15f38ec7eefcc53f94d95bf,finite_speed_cone,24.0,495,False
hop_24,True,1,16301,test_hop_24:ergt43_pair_173250054_cf1,0,24,full,0,native_ergt,12011,test_hop_24:ergt43_pair_173250054,0,0e74b3156f351884581971e8bd711e0528b2416b140ed78c030551a40e1b6942,memory_source_condition,24.0,495,False
hop_24,True,0,16301,test_hop_24:ergt43_pair_173250054_cf0,0,24,full,1,native_ergt,12011,test_hop_24:ergt43_pair_173250054,1,f756882ad4767dea28dadb0ab640c1b3fa23ad98f22d7a28b6fccd753779a35c,memory_source_condition,24.0,495,False
hop_24,True,1,16301,test_hop_24:ergt43_pair_173250015_cf1,0,24,full,0,native_ergt,12011,test_hop_24:ergt43_pair_173250015,0,eb6b5b06b520742a7acc4ad410e0b03b5f7d10126494b6e54886669343e69559,finite_speed_cone,24.0,495,False
hop_24,True,0,16301,test_hop_24:ergt43_pair_173250015_cf0,0,24,full,1,native_ergt,12011,test_hop_24:ergt43_pair_173250015,1,aecdedb279fe2a020cfff223ae479198efea587973adb88c77db992b54389205,finite_speed_cone,24.0,495,False
hop_24,True,1,16301,test_hop_24:ergt43_pair_173250044_cf1,0,24,full,0,native_ergt,12011,test_hop_24:ergt43_pair_173250044,0,31a20675b472131e4af1c6c6a0bf11d16fd2a876d9765ec85d8b1c662201aa09,boundary_deficit,24.0,495,False
hop_24,True,0,16301,test_hop_24:ergt43_pair_173250044_cf0,0,24,full,1,native_ergt,12011,test_hop_24:ergt43_pair_173250044,1,0244c02f59fc2be192d54cfe4032b6622f00146967b16f8c119f8d3189158abc,boundary_deficit,24.0,495,False
hop_24,True,1,16301,test_hop_24:ergt43_pair_173250055_cf1,0,24,full,0,native_ergt,12011,test_hop_24:ergt43_pair_173250055,0,e40e0f4750c8f636d57b3182a5c38e4e8eb8840e86602329969fe6b62245e6f5,combined_long_horizon,24.0,495,False
hop_24,True,0,16301,test_hop_24:ergt43_pair_173250055_cf0,0,24,full,1,native_ergt,12011,test_hop_24:ergt43_pair_173250055,1,ac31c6b322b7bd2a078da16144265243ac6ac9f837604957e787f4dbc34034b3,combined_long_horizon,24.0,495,False
hop_24,True,0,16301,test_hop_24:ergt43_pair_173250022_cf0,0,24,full,1,native_ergt,12011,test_hop_24:ergt43_pair_173250022,1,7000d50b82eb25152148177c99121c9be73b512332277462a31ddedcec5fd060,finite_speed_cone,24.0,495,False
hop_24,True,1,16301,test_hop_24:ergt43_pair_173250022_cf1,0,24,full,0,native_ergt,12011,test_hop_24:ergt43_pair_173250022,0,bf1ed2d070c90c3c5dcf286a9579c10a341bbbb5e9f9c7180ecd858d7275a56b,finite_speed_cone,24.0,495,False
hop_24,True,1,16301,test_hop_24:ergt43_pair_173250035_cf1,0,24,full,0,native_ergt,12011,test_hop_24:ergt43_pair_173250035,0,e782b6bc5039ef1d0c2f37e4bf34ec7d966c9d327cacea84579c7ed379a4079a,geodesic_action,24.0,495,False
hop_24,True,0,16301,test_hop_24:ergt43_pair_173250035_cf0,0,24,full,1,native_ergt,12011,test_hop_24:ergt43_pair_173250035,1,fcfe75218ff84c92c728272945c6b63d7c7189fc6ef99e5f4540edf91fb18456,geodesic_action,24.0,495,False
hop_24,True,1,16301,test_hop_24:ergt43_pair_173250046_cf1,0,24,full,0,native_ergt,12011,test_hop_24:ergt43_pair_173250046,0,d77943ccc606665caeeeb52f76b12e482f50ee5206c3e328b713e5cf58e4116e,terminal_mass,24.0,495,False
hop_24,True,0,16301,test_hop_24:ergt43_pair_173250046_cf0,0,24,full,1,native_ergt,12011,test_hop_24:ergt43_pair_173250046,1,344cc6c89015bc07117733b59750d1319e324f5d71395bc7fe606359d52963c4,terminal_mass,24.0,495,False
hop_24,True,1,16301,test_hop_24:ergt43_pair_173250027_cf1,0,24,full,0,native_ergt,12011,test_hop_24:ergt43_pair_173250027,0,41cdbc85659aaafa260a717daac3a1fe227073483e7fb4a9e4e4f384f4e1914b,combined_long_horizon,24.0,495,False
hop_24,True,0,16301,test_hop_24:ergt43_pair_173250027_cf0,0,24,full,1,native_ergt,12011,test_hop_24:ergt43_pair_173250027,1,82de55c3253f754f62612ff05ab52b67a42056b6c4f2ee4bc15907514869746e,combined_long_horizon,24.0,495,False
hop_24,True,0,16301,test_hop_24:ergt43_pair_173250001_cf0,0,24,full,1,native_ergt,12011,test_hop_24:ergt43_pair_173250001,1,e5b39714417595771814231f6f8eb83ed2160ed7498577c21752124c429fc052,finite_speed_cone,24.0,495,False
hop_24,True,1,16301,test_hop_24:ergt43_pair_173250001_cf1,0,24,full,0,native_ergt,12011,test_hop_24:ergt43_pair_173250001,0,868500aa7059d211841bc5814f0fe07e46312530834b2c323044ee118c1e6995,finite_speed_cone,24.0,495,False
hop_24,True,1,16301,test_hop_24:ergt43_pair_173250011_cf1,0,24,full,0,native_ergt,12011,test_hop_24:ergt43_pair_173250011,0,3a87e1e2b50330a625429002a3721dea2ae73f6176b61d1923dc3bfd6ddea8a0,terminal_mass,24.0,495,False
hop_24,True,0,16301,test_hop_24:ergt43_pair_173250011_cf0,0,24,full,1,native_ergt,12011,test_hop_24:ergt43_pair_173250011,1,49d538f695cb90a419795174cf6b0a276791e591f741a3df301d240d27fbdbf9,terminal_mass,24.0,495,False
hop_24,False,1,16301,test_hop_24:ergt43_pair_173250031_cf1,1,24,full,0,native_ergt,12011,test_hop_24:ergt43_pair_173250031,2,3d15ad2e07237c3a2c5604e827ae76816b2229855b4f336285fa931808aeff36,payload_transport,1000000.0,495,False
hop_24,True,0,16301,test_hop_24:ergt43_pair_173250031_cf0,0,24,full,1,native_ergt,12011,test_hop_24:ergt43_pair_173250031,1,ed3e18aaa09967941afc0bd740b7928f5ba744d16cec496b60f8a8efb870b4c6,payload_transport,24.0,495,False
hop_24,True,1,16301,test_hop_24:ergt43_pair_173250033_cf1,0,24,full,0,native_ergt,12011,test_hop_24:ergt43_pair_173250033,0,1662516679dfe02b398253aa8be75bb866fae19eabc8dc2029d65f79b17bed03,memory_source_condition,24.0,495,False
hop_24,True,0,16301,test_hop_24:ergt43_pair_173250033_cf0,0,24,full,1,native_ergt,12011,test_hop_24:ergt43_pair_173250033,1,d3025fd95f42a2fa0778e56e2fc0207e8475951e0687f69d0ebc8d1cb50a8b86,memory_source_condition,24.0,495,False
hop_24,True,1,16301,test_hop_24:ergt43_pair_173250017_cf1,0,24,full,0,native_ergt,12011,test_hop_24:ergt43_pair_173250017,0,65dcaffc6cb18cdddcbf27ab484eade1174c70101918f91e2f6e9b408c585f88,payload_transport,24.0,495,False
hop_24,True,0,16301,test_hop_24:ergt43_pair_173250017_cf0,0,24,full,1,native_ergt,12011,test_hop_24:ergt43_pair_173250017,1,e50c6669e24430eb48f25b35a20b10f07102677846a602ca9f0c65d7809eb1e6,payload_transport,24.0,495,False
hop_24,True,0,16301,test_hop_24:ergt43_pair_173250042_cf0,0,24,full,1,native_ergt,12011,test_hop_24:ergt43_pair_173250042,1,8bf4349cf4501cb4038e2b8d266d351d2391cbcfb6361373d78455a3e1a08076,geodesic_action,24.0,495,False
hop_24,True,1,16301,test_hop_24:ergt43_pair_173250042_cf1,0,24,full,0,native_ergt,12011,test_hop_24:ergt43_pair_173250042,0,d9a0ba694f7181cc91893a76da80548851de60651f74a29b3c6be629e7934718,geodesic_action,24.0,495,False
hop_24,False,1,16301,test_hop_24:ergt43_pair_173250028_cf1,0,24,full,0,native_ergt,12011,test_hop_24:ergt43_pair_173250028,1,cde6047c2cd8cb3847beb2b330b9b5ae8b6c83e239ce44dcebccf152c5fda813,geodesic_action,72.0,495,False
hop_24,True,0,16301,test_hop_24:ergt43_pair_173250028_cf0,0,24,full,1,native_ergt,12011,test_hop_24:ergt43_pair_173250028,1,69f6b5065c80a5ad81d66b52c8406759c0dcc25b8fbf0dde05bdd31fd74c0c6f,geodesic_action,24.0,495,False
hop_24,True,1,16301,test_hop_24:ergt43_pair_173250048_cf1,0,24,full,0,native_ergt,12011,test_hop_24:ergt43_pair_173250048,0,23f96a8f1cb2465ede7af1a17beb11972b3f4e7fa8b0a8b5c713688081236adb,combined_long_horizon,24.0,495,False
hop_24,True,0,16301,test_hop_24:ergt43_pair_173250048_cf0,0,24,full,1,native_ergt,12011,test_hop_24:ergt43_pair_173250048,1,0a2b7427ee9a102a76dbc2a747669c4bf1a0a129118b355848ae4fd185cadfdf,combined_long_horizon,24.0,495,False
hop_24,False,1,16301,test_hop_24:ergt43_pair_173250047_cf1,1,24,full,0,native_ergt,12011,test_hop_24:ergt43_pair_173250047,2,ccbc9633c642160703da0493f29ceda8f374ae866b261ec3f7db23c534e58b33,memory_source_condition,1000000.0,495,False
hop_24,True,0,16301,test_hop_24:ergt43_pair_173250047_cf0,0,24,full,1,native_ergt,12011,test_hop_24:ergt43_pair_173250047,1,9966b74e0f626fa84bf32fe3dae5960d75cf03333972b0d8ef5438e61428a424,memory_source_condition,24.0,495,False
hop_24,False,1,16301,test_hop_24:ergt43_pair_173250009_cf1,1,24,full,0,native_ergt,12011,test_hop_24:ergt43_pair_173250009,2,b0e73d7327c419fa42330f89e8452265a39a62d66c0608666a632f473d730884,boundary_deficit,1000000.0,495,False
hop_24,True,0,16301,test_hop_24:ergt43_pair_173250009_cf0,0,24,full,1,native_ergt,12011,test_hop_24:ergt43_pair_173250009,1,e6ced2563746989994a3a0d46c842054cc6fa4746f536d5841afc842cbc9ddc8,boundary_deficit,24.0,495,False
hop_24,True,1,16301,test_hop_24:ergt43_pair_173250045_cf1,0,24,full,0,native_ergt,12011,test_hop_24:ergt43_pair_173250045,0,51353277fc6ffd061593d0022e6c911ec8fe4e58891d3f23821a72202cbad567,payload_transport,24.0,495,False
hop_24,True,0,16301,test_hop_24:ergt43_pair_173250045_cf0,0,24,full,1,native_ergt,12011,test_hop_24:ergt43_pair_173250045,1,71d1b506e0a0cfa9fd82570c7213ebc774e68ae8089c57b8ddf3fe25fadbf374,payload_transport,24.0,495,False
hop_24,True,0,16301,test_hop_24:ergt43_pair_173250036_cf0,0,24,full,1,native_ergt,12011,test_hop_24:ergt43_pair_173250036,1,0081ce2c650eceddcd5a6727fb75e55bdd8e4ffa8716bf089014e11b5739db15,finite_speed_cone,24.0,495,False
hop_24,True,1,16301,test_hop_24:ergt43_pair_173250036_cf1,0,24,full,0,native_ergt,12011,test_hop_24:ergt43_pair_173250036,0,4205ab123cc312d4edef51c8a5de0321101253bb38232e28dc7cd272e9644750,finite_speed_cone,24.0,495,False
hop_24,True,0,16301,test_hop_24:ergt43_pair_173250021_cf0,0,24,full,1,native_ergt,12011,test_hop_24:ergt43_pair_173250021,1,fe3375edf074a8c4f59139fc42948cfa6622eb6d8d4cb6bae3eb5a09de10c663,geodesic_action,24.0,495,False
hop_24,True,1,16301,test_hop_24:ergt43_pair_173250021_cf1,0,24,full,0,native_ergt,12011,test_hop_24:ergt43_pair_173250021,0,6e074b7b384f28e3db3bc7328b0333a8e9b78b0d875849d515d2d8d28322428b,geodesic_action,24.0,495,False
hop_24,True,0,16301,test_hop_24:ergt43_pair_173250043_cf0,0,24,full,1,native_ergt,12011,test_hop_24:ergt43_pair_173250043,1,2221327daa924a104ddc92892d3d5781c21521c3cc6fc195c2bd437b1ed3ddca,finite_speed_cone,24.0,495,False
hop_24,True,1,16301,test_hop_24:ergt43_pair_173250043_cf1,0,24,full,0,native_ergt,12011,test_hop_24:ergt43_pair_173250043,0,f1d96869be860845db6dc1a7ec1e129f80190679bce4ff7bcaf39c4aff222060,finite_speed_cone,24.0,495,False
hop_24,True,0,16301,test_hop_24:ergt43_pair_173250037_cf0,0,24,full,1,native_ergt,12011,test_hop_24:ergt43_pair_173250037,1,9ba1fddae4dafa3e7922b963395f4cc7012dcba622e1c69ddb8b5ec3bd89073e,boundary_deficit,24.0,495,False
hop_24,True,1,16301,test_hop_24:ergt43_pair_173250037_cf1,0,24,full,0,native_ergt,12011,test_hop_24:ergt43_pair_173250037,0,978cced556c082446ad28e47d45c3af31eed9a599efcab4f78dac363dcd9683c,boundary_deficit,24.0,495,False
hop_24,True,1,16301,test_hop_24:ergt43_pair_173250034_cf1,0,24,full,0,native_ergt,12011,test_hop_24:ergt43_pair_173250034,0,c0eeb3af2309b8258b5d9a05f16f2967fd9690ea3151649fb04febf127299d69,combined_long_horizon,24.0,495,False
hop_24,True,0,16301,test_hop_24:ergt43_pair_173250034_cf0,0,24,full,1,native_ergt,12011,test_hop_24:ergt43_pair_173250034,1,ba5b9a42af474f733c7071e7930b0450c15f2351e6013c2b5ea050271fb0be2b,combined_long_horizon,24.0,495,False
hop_24,False,1,16301,test_hop_24:ergt43_pair_173250007_cf1,,24,,0,direct_transformer,12011,test_hop_24:ergt43_pair_173250007,1,2ac6bb8545670582d8158a625c59ba9bdd82116a8e87c254699501c188cde829,geodesic_action,,495,False
hop_24,True,0,16301,test_hop_24:ergt43_pair_173250007_cf0,,24,,1,direct_transformer,12011,test_hop_24:ergt43_pair_173250007,1,b1bed224d666151ba002a8bff1e21ab4a83f0c8ce8aae9c81a4b1bbe1d9ebac1,geodesic_action,,495,False
hop_24,False,0,16301,test_hop_24:ergt43_pair_173250050_cf0,,24,,1,direct_transformer,12011,test_hop_24:ergt43_pair_173250050,0,37d52dea2642f2cc6709c7e4ea376835a05bb4be317dd768b3ee0f003783d3db,finite_speed_cone,,495,False
hop_24,True,1,16301,test_hop_24:ergt43_pair_173250050_cf1,,24,,0,direct_transformer,12011,test_hop_24:ergt43_pair_173250050,0,0a02d9963119c2bc789d03f4da774545239e32fda75a5986861a761ae6a7d147,finite_speed_cone,,495,False
hop_24,True,0,16301,test_hop_24:ergt43_pair_173250002_cf0,,24,,1,direct_transformer,12011,test_hop_24:ergt43_pair_173250002,1,e2b5e69e7347047e1c71410ac872c443aaf428d50b1242f16c4cf0e8a8a95a88,boundary_deficit,,495,False
hop_24,False,1,16301,test_hop_24:ergt43_pair_173250002_cf1,,24,,0,direct_transformer,12011,test_hop_24:ergt43_pair_173250002,1,f614a1c9e694277ae6218434989fc44da2348bb78cbf48812dcebcff4f21834d,boundary_deficit,,495,False
hop_24,True,1,16301,test_hop_24:ergt43_pair_173250029_cf1,,24,,0,direct_transformer,12011,test_hop_24:ergt43_pair_173250029,0,1655074354b3a08ddefa45e472b10692ad16cefccdd032d704d1bbfbffaadf61,finite_speed_cone,,495,False
hop_24,False,0,16301,test_hop_24:ergt43_pair_173250029_cf0,,24,,1,direct_transformer,12011,test_hop_24:ergt43_pair_173250029,0,7cc464de73555cb3bcadf57c552a4c665133b109d15f38ec7eefcc53f94d95bf,finite_speed_cone,,495,False
hop_24,True,1,16301,test_hop_24:ergt43_pair_173250054_cf1,,24,,0,direct_transformer,12011,test_hop_24:ergt43_pair_173250054,0,0e74b3156f351884581971e8bd711e0528b2416b140ed78c030551a40e1b6942,memory_source_condition,,495,False
hop_24,False,0,16301,test_hop_24:ergt43_pair_173250054_cf0,,24,,1,direct_transformer,12011,test_hop_24:ergt43_pair_173250054,0,f756882ad4767dea28dadb0ab640c1b3fa23ad98f22d7a28b6fccd753779a35c,memory_source_condition,,495,False
hop_24,True,1,16301,test_hop_24:ergt43_pair_173250015_cf1,,24,,0,direct_transformer,12011,test_hop_24:ergt43_pair_173250015,0,eb6b5b06b520742a7acc4ad410e0b03b5f7d10126494b6e54886669343e69559,finite_speed_cone,,495,False
hop_24,False,0,16301,test_hop_24:ergt43_pair_173250015_cf0,,24,,1,direct_transformer,12011,test_hop_24:ergt43_pair_173250015,0,aecdedb279fe2a020cfff223ae479198efea587973adb88c77db992b54389205,finite_speed_cone,,495,False
hop_24,False,1,16301,test_hop_24:ergt43_pair_173250044_cf1,,24,,0,direct_transformer,12011,test_hop_24:ergt43_pair_173250044,1,31a20675b472131e4af1c6c6a0bf11d16fd2a876d9765ec85d8b1c662201aa09,boundary_deficit,,495,False
hop_24,True,0,16301,test_hop_24:ergt43_pair_173250044_cf0,,24,,1,direct_transformer,12011,test_hop_24:ergt43_pair_173250044,1,0244c02f59fc2be192d54cfe4032b6622f00146967b16f8c119f8d3189158abc,boundary_deficit,,495,False
hop_24,False,1,16301,test_hop_24:ergt43_pair_173250055_cf1,,24,,0,direct_transformer,12011,test_hop_24:ergt43_pair_173250055,1,e40e0f4750c8f636d57b3182a5c38e4e8eb8840e86602329969fe6b62245e6f5,combined_long_horizon,,495,False
hop_24,True,0,16301,test_hop_24:ergt43_pair_173250055_cf0,,24,,1,direct_transformer,12011,test_hop_24:ergt43_pair_173250055,1,ac31c6b322b7bd2a078da16144265243ac6ac9f837604957e787f4dbc34034b3,combined_long_horizon,,495,False
hop_24,True,0,16301,test_hop_24:ergt43_pair_173250022_cf0,,24,,1,direct_transformer,12011,test_hop_24:ergt43_pair_173250022,1,7000d50b82eb25152148177c99121c9be73b512332277462a31ddedcec5fd060,finite_speed_cone,,495,False
hop_24,False,1,16301,test_hop_24:ergt43_pair_173250022_cf1,,24,,0,direct_transformer,12011,test_hop_24:ergt43_pair_173250022,1,bf1ed2d070c90c3c5dcf286a9579c10a341bbbb5e9f9c7180ecd858d7275a56b,finite_speed_cone,,495,False
hop_24,True,1,16301,test_hop_24:ergt43_pair_173250035_cf1,,24,,0,direct_transformer,12011,test_hop_24:ergt43_pair_173250035,0,e782b6bc5039ef1d0c2f37e4bf34ec7d966c9d327cacea84579c7ed379a4079a,geodesic_action,,495,False
hop_24,False,0,16301,test_hop_24:ergt43_pair_173250035_cf0,,24,,1,direct_transformer,12011,test_hop_24:ergt43_pair_173250035,0,fcfe75218ff84c92c728272945c6b63d7c7189fc6ef99e5f4540edf91fb18456,geodesic_action,,495,False
hop_24,True,1,16301,test_hop_24:ergt43_pair_173250046_cf1,,24,,0,direct_transformer,12011,test_hop_24:ergt43_pair_173250046,0,d77943ccc606665caeeeb52f76b12e482f50ee5206c3e328b713e5cf58e4116e,terminal_mass,,495,False
hop_24,False,0,16301,test_hop_24:ergt43_pair_173250046_cf0,,24,,1,direct_transformer,12011,test_hop_24:ergt43_pair_173250046,0,344cc6c89015bc07117733b59750d1319e324f5d71395bc7fe606359d52963c4,terminal_mass,,495,False
hop_24,True,1,16301,test_hop_24:ergt43_pair_173250027_cf1,,24,,0,direct_transformer,12011,test_hop_24:ergt43_pair_173250027,0,41cdbc85659aaafa260a717daac3a1fe227073483e7fb4a9e4e4f384f4e1914b,combined_long_horizon,,495,False
hop_24,False,0,16301,test_hop_24:ergt43_pair_173250027_cf0,,24,,1,direct_transformer,12011,test_hop_24:ergt43_pair_173250027,0,82de55c3253f754f62612ff05ab52b67a42056b6c4f2ee4bc15907514869746e,combined_long_horizon,,495,False
hop_24,True,0,16301,test_hop_24:ergt43_pair_173250001_cf0,,24,,1,direct_transformer,12011,test_hop_24:ergt43_pair_173250001,1,e5b39714417595771814231f6f8eb83ed2160ed7498577c21752124c429fc052,finite_speed_cone,,495,False
hop_24,False,1,16301,test_hop_24:ergt43_pair_173250001_cf1,,24,,0,direct_transformer,12011,test_hop_24:ergt43_pair_173250001,1,868500aa7059d211841bc5814f0fe07e46312530834b2c323044ee118c1e6995,finite_speed_cone,,495,False
hop_24,True,1,16301,test_hop_24:ergt43_pair_173250011_cf1,,24,,0,direct_transformer,12011,test_hop_24:ergt43_pair_173250011,0,3a87e1e2b50330a625429002a3721dea2ae73f6176b61d1923dc3bfd6ddea8a0,terminal_mass,,495,False
hop_24,False,0,16301,test_hop_24:ergt43_pair_173250011_cf0,,24,,1,direct_transformer,12011,test_hop_24:ergt43_pair_173250011,0,49d538f695cb90a419795174cf6b0a276791e591f741a3df301d240d27fbdbf9,terminal_mass,,495,False
hop_24,True,1,16301,test_hop_24:ergt43_pair_173250031_cf1,,24,,0,direct_transformer,12011,test_hop_24:ergt43_pair_173250031,0,3d15ad2e07237c3a2c5604e827ae76816b2229855b4f336285fa931808aeff36,payload_transport,,495,False
hop_24,False,0,16301,test_hop_24:ergt43_pair_173250031_cf0,,24,,1,direct_transformer,12011,test_hop_24:ergt43_pair_173250031,0,ed3e18aaa09967941afc0bd740b7928f5ba744d16cec496b60f8a8efb870b4c6,payload_transport,,495,False
hop_24,True,1,16301,test_hop_24:ergt43_pair_173250033_cf1,,24,,0,direct_transformer,12011,test_hop_24:ergt43_pair_173250033,0,1662516679dfe02b398253aa8be75bb866fae19eabc8dc2029d65f79b17bed03,memory_source_condition,,495,False
hop_24,False,0,16301,test_hop_24:ergt43_pair_173250033_cf0,,24,,1,direct_transformer,12011,test_hop_24:ergt43_pair_173250033,0,d3025fd95f42a2fa0778e56e2fc0207e8475951e0687f69d0ebc8d1cb50a8b86,memory_source_condition,,495,False
hop_24,False,1,16301,test_hop_24:ergt43_pair_173250017_cf1,,24,,0,direct_transformer,12011,test_hop_24:ergt43_pair_173250017,1,65dcaffc6cb18cdddcbf27ab484eade1174c70101918f91e2f6e9b408c585f88,payload_transport,,495,False
hop_24,True,0,16301,test_hop_24:ergt43_pair_173250017_cf0,,24,,1,direct_transformer,12011,test_hop_24:ergt43_pair_173250017,1,e50c6669e24430eb48f25b35a20b10f07102677846a602ca9f0c65d7809eb1e6,payload_transport,,495,False
hop_24,False,0,16301,test_hop_24:ergt43_pair_173250042_cf0,,24,,1,direct_transformer,12011,test_hop_24:ergt43_pair_173250042,0,8bf4349cf4501cb4038e2b8d266d351d2391cbcfb6361373d78455a3e1a08076,geodesic_action,,495,False
hop_24,True,1,16301,test_hop_24:ergt43_pair_173250042_cf1,,24,,0,direct_transformer,12011,test_hop_24:ergt43_pair_173250042,0,d9a0ba694f7181cc91893a76da80548851de60651f74a29b3c6be629e7934718,geodesic_action,,495,False
hop_24,True,1,16301,test_hop_24:ergt43_pair_173250028_cf1,,24,,0,direct_transformer,12011,test_hop_24:ergt43_pair_173250028,0,cde6047c2cd8cb3847beb2b330b9b5ae8b6c83e239ce44dcebccf152c5fda813,geodesic_action,,495,False
hop_24,False,0,16301,test_hop_24:ergt43_pair_173250028_cf0,,24,,1,direct_transformer,12011,test_hop_24:ergt43_pair_173250028,0,69f6b5065c80a5ad81d66b52c8406759c0dcc25b8fbf0dde05bdd31fd74c0c6f,geodesic_action,,495,False
hop_24,True,1,16301,test_hop_24:ergt43_pair_173250048_cf1,,24,,0,direct_transformer,12011,test_hop_24:ergt43_pair_173250048,0,23f96a8f1cb2465ede7af1a17beb11972b3f4e7fa8b0a8b5c713688081236adb,combined_long_horizon,,495,False
hop_24,False,0,16301,test_hop_24:ergt43_pair_173250048_cf0,,24,,1,direct_transformer,12011,test_hop_24:ergt43_pair_173250048,0,0a2b7427ee9a102a76dbc2a747669c4bf1a0a129118b355848ae4fd185cadfdf,combined_long_horizon,,495,False
hop_24,True,1,16301,test_hop_24:ergt43_pair_173250047_cf1,,24,,0,direct_transformer,12011,test_hop_24:ergt43_pair_173250047,0,ccbc9633c642160703da0493f29ceda8f374ae866b261ec3f7db23c534e58b33,memory_source_condition,,495,False
hop_24,False,0,16301,test_hop_24:ergt43_pair_173250047_cf0,,24,,1,direct_transformer,12011,test_hop_24:ergt43_pair_173250047,0,9966b74e0f626fa84bf32fe3dae5960d75cf03333972b0d8ef5438e61428a424,memory_source_condition,,495,False
hop_24,True,1,16301,test_hop_24:ergt43_pair_173250009_cf1,,24,,0,direct_transformer,12011,test_hop_24:ergt43_pair_173250009,0,b0e73d7327c419fa42330f89e8452265a39a62d66c0608666a632f473d730884,boundary_deficit,,495,False
hop_24,False,0,16301,test_hop_24:ergt43_pair_173250009_cf0,,24,,1,direct_transformer,12011,test_hop_24:ergt43_pair_173250009,0,e6ced2563746989994a3a0d46c842054cc6fa4746f536d5841afc842cbc9ddc8,boundary_deficit,,495,False
hop_24,True,1,16301,test_hop_24:ergt43_pair_173250045_cf1,,24,,0,direct_transformer,12011,test_hop_24:ergt43_pair_173250045,0,51353277fc6ffd061593d0022e6c911ec8fe4e58891d3f23821a72202cbad567,payload_transport,,495,False
hop_24,False,0,16301,test_hop_24:ergt43_pair_173250045_cf0,,24,,1,direct_transformer,12011,test_hop_24:ergt43_pair_173250045,0,71d1b506e0a0cfa9fd82570c7213ebc774e68ae8089c57b8ddf3fe25fadbf374,payload_transport,,495,False
hop_24,False,0,16301,test_hop_24:ergt43_pair_173250036_cf0,,24,,1,direct_transformer,12011,test_hop_24:ergt43_pair_173250036,0,0081ce2c650eceddcd5a6727fb75e55bdd8e4ffa8716bf089014e11b5739db15,finite_speed_cone,,495,False
hop_24,True,1,16301,test_hop_24:ergt43_pair_173250036_cf1,,24,,0,direct_transformer,12011,test_hop_24:ergt43_pair_173250036,0,4205ab123cc312d4edef51c8a5de0321101253bb38232e28dc7cd272e9644750,finite_speed_cone,,495,False
hop_24,True,0,16301,test_hop_24:ergt43_pair_173250021_cf0,,24,,1,direct_transformer,12011,test_hop_24:ergt43_pair_173250021,1,fe3375edf074a8c4f59139fc42948cfa6622eb6d8d4cb6bae3eb5a09de10c663,geodesic_action,,495,False
hop_24,False,1,16301,test_hop_24:ergt43_pair_173250021_cf1,,24,,0,direct_transformer,12011,test_hop_24:ergt43_pair_173250021,1,6e074b7b384f28e3db3bc7328b0333a8e9b78b0d875849d515d2d8d28322428b,geodesic_action,,495,False
hop_24,True,0,16301,test_hop_24:ergt43_pair_173250043_cf0,,24,,1,direct_transformer,12011,test_hop_24:ergt43_pair_173250043,1,2221327daa924a104ddc92892d3d5781c21521c3cc6fc195c2bd437b1ed3ddca,finite_speed_cone,,495,False
hop_24,False,1,16301,test_hop_24:ergt43_pair_173250043_cf1,,24,,0,direct_transformer,12011,test_hop_24:ergt43_pair_173250043,1,f1d96869be860845db6dc1a7ec1e129f80190679bce4ff7bcaf39c4aff222060,finite_speed_cone,,495,False
hop_24,False,0,16301,test_hop_24:ergt43_pair_173250037_cf0,,24,,1,direct_transformer,12011,test_hop_24:ergt43_pair_173250037,0,9ba1fddae4dafa3e7922b963395f4cc7012dcba622e1c69ddb8b5ec3bd89073e,boundary_deficit,,495,False
hop_24,True,1,16301,test_hop_24:ergt43_pair_173250037_cf1,,24,,0,direct_transformer,12011,test_hop_24:ergt43_pair_173250037,0,978cced556c082446ad28e47d45c3af31eed9a599efcab4f78dac363dcd9683c,boundary_deficit,,495,False
hop_24,True,1,16301,test_hop_24:ergt43_pair_173250034_cf1,,24,,0,direct_transformer,12011,test_hop_24:ergt43_pair_173250034,0,c0eeb3af2309b8258b5d9a05f16f2967fd9690ea3151649fb04febf127299d69,combined_long_horizon,,495,False
hop_24,False,0,16301,test_hop_24:ergt43_pair_173250034_cf0,,24,,1,direct_transformer,12011,test_hop_24:ergt43_pair_173250034,0,ba5b9a42af474f733c7071e7930b0450c15f2351e6013c2b5ea050271fb0be2b,combined_long_horizon,,495,False
hop_32,True,0,16301,test_hop_32:ergt43_pair_173330040_cf0,0,32,full,1,native_ergt,12011,test_hop_32:ergt43_pair_173330040,1,c7d3dc1fe9a8e86cbbae305fcf453b16d81c0ad8c9a463d1d2dcbc2ebbd6e224,memory_source_condition,32.0,655,False
hop_32,True,1,16301,test_hop_32:ergt43_pair_173330040_cf1,0,32,full,0,native_ergt,12011,test_hop_32:ergt43_pair_173330040,0,9c40495de1cda2b9882bc56c8b74d2c41876f2176e71380667d89b975313a82a,memory_source_condition,32.0,655,False
hop_32,True,1,16301,test_hop_32:ergt43_pair_173330013_cf1,0,32,full,0,native_ergt,12011,test_hop_32:ergt43_pair_173330013,0,6373a6da0bb697aaf314ab1dcba9d7272cf551500b5cee7b25e0632821061569,combined_long_horizon,32.0,655,False
hop_32,True,0,16301,test_hop_32:ergt43_pair_173330013_cf0,0,32,full,1,native_ergt,12011,test_hop_32:ergt43_pair_173330013,1,933a00a490f28600e42df4d6c65c345ceb1b12ff849669a43ced90997ea898df,combined_long_horizon,32.0,655,False
hop_32,True,1,16301,test_hop_32:ergt43_pair_173330015_cf1,0,32,full,0,native_ergt,12011,test_hop_32:ergt43_pair_173330015,0,36430e58730598a891b2efd6339d963c0a8605474f93f7f1b5f32846e8f9b0e3,finite_speed_cone,32.0,655,False
hop_32,True,0,16301,test_hop_32:ergt43_pair_173330015_cf0,0,32,full,1,native_ergt,12011,test_hop_32:ergt43_pair_173330015,1,1b6d5f144c844e0d2edcc0b7ecdcc5fe83f522770a826d95cd773080a91f54ba,finite_speed_cone,32.0,655,False
hop_32,True,0,16301,test_hop_32:ergt43_pair_173330021_cf0,0,32,full,1,native_ergt,12011,test_hop_32:ergt43_pair_173330021,1,d3c1d713d329cfa01e48387f9a4ef88729642dc28cd95c5da3e03a0f99bd8ede,geodesic_action,32.0,655,False
hop_32,True,1,16301,test_hop_32:ergt43_pair_173330021_cf1,0,32,full,0,native_ergt,12011,test_hop_32:ergt43_pair_173330021,0,642473f8ec9a9cfaedca38f5723f3b0459cdbc2d7d1aaace47add3f6562467b7,geodesic_action,32.0,655,False
hop_32,True,0,16301,test_hop_32:ergt43_pair_173330017_cf0,0,32,full,1,native_ergt,12011,test_hop_32:ergt43_pair_173330017,1,75af2b0c43a4ec0f31c40bb6da6da4feff550e228c604c80342ace447713468a,payload_transport,32.0,655,False
hop_32,True,1,16301,test_hop_32:ergt43_pair_173330017_cf1,0,32,full,0,native_ergt,12011,test_hop_32:ergt43_pair_173330017,0,f28f7d772667b4b35187d1591d3b8401a92854a38cd0c755b15ce664304a25be,payload_transport,32.0,655,False
hop_32,True,0,16301,test_hop_32:ergt43_pair_173330054_cf0,0,32,full,1,native_ergt,12011,test_hop_32:ergt43_pair_173330054,1,80454334497337c8257a33911bb1a34d8c10721fa5e8eae5139d188780ed66c9,memory_source_condition,32.0,655,False
hop_32,True,1,16301,test_hop_32:ergt43_pair_173330054_cf1,0,32,full,0,native_ergt,12011,test_hop_32:ergt43_pair_173330054,0,84ccd2d1262a8ce5b60c896aeca96fd6540efeeb51f64d05906cc98ecb5681d7,memory_source_condition,32.0,655,False
hop_32,True,0,16301,test_hop_32:ergt43_pair_173330041_cf0,0,32,full,1,native_ergt,12011,test_hop_32:ergt43_pair_173330041,1,bbf7143acedbbe62140df5c4ff173365c3eccc4da5ea88ad3d53caeb8fd06cc2,combined_long_horizon,32.0,655,False
hop_32,False,1,16301,test_hop_32:ergt43_pair_173330041_cf1,1,32,full,0,native_ergt,12011,test_hop_32:ergt43_pair_173330041,2,7afc07f33260872436fc2642995ac28dc018168e09021266e1c23578d30c9f11,combined_long_horizon,1000000.0,655,False
hop_32,True,1,16301,test_hop_32:ergt43_pair_173330031_cf1,0,32,full,0,native_ergt,12011,test_hop_32:ergt43_pair_173330031,0,842ad7c77ea6a1f86abe1cd9f731c707f1c1f4f305a003f2877668e5ae8ef721,payload_transport,32.0,655,False
hop_32,True,0,16301,test_hop_32:ergt43_pair_173330031_cf0,0,32,full,1,native_ergt,12011,test_hop_32:ergt43_pair_173330031,1,2cf6423fd0612d10f9400f8e6dededac3aad3413458f4e69a200b6d540f10328,payload_transport,32.0,655,False
hop_32,True,0,16301,test_hop_32:ergt43_pair_173330048_cf0,0,32,full,1,native_ergt,12011,test_hop_32:ergt43_pair_173330048,1,9e542b610f7349ae10a87044dc61ba1811eeac8fdd4ba6401dee5900cdcc841c,combined_long_horizon,32.0,655,False
hop_32,True,1,16301,test_hop_32:ergt43_pair_173330048_cf1,0,32,full,0,native_ergt,12011,test_hop_32:ergt43_pair_173330048,0,4fb21f234daf3efdddd89a7cc31ae3d5c5977c7df44c01d828d93b00093ec5bc,combined_long_horizon,32.0,655,False
hop_32,True,0,16301,test_hop_32:ergt43_pair_173330024_cf0,0,32,full,1,native_ergt,12011,test_hop_32:ergt43_pair_173330024,1,0325f1cc5bdac5ead0bb294d4e590bbe0dd60618f84ee1e33a512484fa71c793,payload_transport,32.0,655,False
hop_32,True,1,16301,test_hop_32:ergt43_pair_173330024_cf1,0,32,full,0,native_ergt,12011,test_hop_32:ergt43_pair_173330024,0,fd62636a4292b89035ddaa1b6750e30b0c15a52dd994072a88074d0c7ade7252,payload_transport,32.0,655,False
hop_32,False,0,16301,test_hop_32:ergt43_pair_173330043_cf0,1,32,full,1,native_ergt,12011,test_hop_32:ergt43_pair_173330043,2,93ea10ea05689104a41a059267e2253e231775afc3e6e28c40e9d0cf09fa2b8d,finite_speed_cone,1000000.0,655,False
hop_32,False,1,16301,test_hop_32:ergt43_pair_173330043_cf1,1,32,full,0,native_ergt,12011,test_hop_32:ergt43_pair_173330043,2,1299e2f4a20d7b520cd7bfab585628fae43bacb141c21143bba59cbdc9fa1943,finite_speed_cone,1000000.0,655,False
hop_32,False,0,16301,test_hop_32:ergt43_pair_173330037_cf0,1,32,full,1,native_ergt,12011,test_hop_32:ergt43_pair_173330037,2,571db75689e8bceae01c4cf12b001071c76ae60b856370e8773692f6374f4381,boundary_deficit,1000000.0,655,False
hop_32,False,1,16301,test_hop_32:ergt43_pair_173330037_cf1,1,32,full,0,native_ergt,12011,test_hop_32:ergt43_pair_173330037,2,59a0ac053c3cc814dd4d8573cc8012de1aba2631d828d528d288d8750c3fa944,boundary_deficit,1000000.0,655,False
hop_32,True,0,16301,test_hop_32:ergt43_pair_173330053_cf0,0,32,full,1,native_ergt,12011,test_hop_32:ergt43_pair_173330053,1,02d5e54a531bb3ac09243e37a7a0f3ed1db53f627cac66166dbedd09a4f989c5,terminal_mass,32.0,655,False
hop_32,True,1,16301,test_hop_32:ergt43_pair_173330053_cf1,0,32,full,0,native_ergt,12011,test_hop_32:ergt43_pair_173330053,0,75dddb5f29916aeb7085379d2dc9af17021a14fec9c4c96e6ddd9b8db66f128e,terminal_mass,32.0,655,False
hop_32,True,0,16301,test_hop_32:ergt43_pair_173330022_cf0,0,32,full,1,native_ergt,12011,test_hop_32:ergt43_pair_173330022,1,c917424a0a0746a653ce2f02dfa7cc3fa6f9be2ca0562c85696b1bad70d23811,finite_speed_cone,32.0,655,False
hop_32,True,1,16301,test_hop_32:ergt43_pair_173330022_cf1,0,32,full,0,native_ergt,12011,test_hop_32:ergt43_pair_173330022,0,aa33978024e04ec401545972619b6a6e588d59050b2d1e97d5a9690a01ed6180,finite_speed_cone,32.0,655,False
hop_32,True,0,16301,test_hop_32:ergt43_pair_173330052_cf0,0,32,full,1,native_ergt,12011,test_hop_32:ergt43_pair_173330052,1,868e724fecfb915d694e0a0483e07690fbc90e7040e9ff8573120c537a624fcf,payload_transport,32.0,655,False
hop_32,False,1,16301,test_hop_32:ergt43_pair_173330052_cf1,1,32,full,0,native_ergt,12011,test_hop_32:ergt43_pair_173330052,2,0123bd838b2d7556d58ea97892d4b1930620e10cbfd6e3b38e35ebf6c295da59,payload_transport,1000000.0,655,False
hop_32,True,0,16301,test_hop_32:ergt43_pair_173330003_cf0,0,32,full,1,native_ergt,12011,test_hop_32:ergt43_pair_173330003,1,c8db1bb044759819f3401963c62c3186eb911a024cab34610a3bb4ea286f0af7,payload_transport,32.0,655,False
hop_32,True,1,16301,test_hop_32:ergt43_pair_173330003_cf1,0,32,full,0,native_ergt,12011,test_hop_32:ergt43_pair_173330003,0,385324ec6da5ac40adfdc70571b7f16f699a58ba28f8c3ae6068b5b6ca84aac4,payload_transport,32.0,655,False
hop_32,False,0,16301,test_hop_32:ergt43_pair_173330033_cf0,1,32,full,1,native_ergt,12011,test_hop_32:ergt43_pair_173330033,2,13a8006581c9320812f8f7d70f8e5e1200d68a533d634882b65ecfc1cd5b0bf6,memory_source_condition,1000000.0,655,False
hop_32,False,1,16301,test_hop_32:ergt43_pair_173330033_cf1,1,32,full,0,native_ergt,12011,test_hop_32:ergt43_pair_173330033,2,b167b745c781cd5c40d34a0ae40408d30004b7943bf7d8e6a8aca750454fa673,memory_source_condition,1000000.0,655,False
hop_32,True,1,16301,test_hop_32:ergt43_pair_173330001_cf1,0,32,full,0,native_ergt,12011,test_hop_32:ergt43_pair_173330001,0,2a1670f3b889c8b0e8c09cdb4742196d3372b17b627060c199f08c9bc1cc6a2c,finite_speed_cone,32.0,655,False
hop_32,True,0,16301,test_hop_32:ergt43_pair_173330001_cf0,0,32,full,1,native_ergt,12011,test_hop_32:ergt43_pair_173330001,1,7c9b72af7d8a8cda9d2c5706dee0ecd575e5114caf215d3e77c956482574b8e7,finite_speed_cone,32.0,655,False
hop_32,True,0,16301,test_hop_32:ergt43_pair_173330025_cf0,0,32,full,1,native_ergt,12011,test_hop_32:ergt43_pair_173330025,1,0a732004c51d9ae61a8c83b274e5c36272a3d9ab2413b1747cce8b7eb64f08f1,terminal_mass,32.0,655,False
hop_32,True,1,16301,test_hop_32:ergt43_pair_173330025_cf1,0,32,full,0,native_ergt,12011,test_hop_32:ergt43_pair_173330025,0,7f7fa7eca230e55bd9e67586a3e11de214a29291320841ca194a1ab7b94d03c4,terminal_mass,32.0,655,False
hop_32,True,0,16301,test_hop_32:ergt43_pair_173330020_cf0,0,32,full,1,native_ergt,12011,test_hop_32:ergt43_pair_173330020,1,8831b36a1de95fef0ea971f021154c1c3ca7dcc036473e194b8f7696c4d00af1,combined_long_horizon,32.0,655,False
hop_32,True,1,16301,test_hop_32:ergt43_pair_173330020_cf1,0,32,full,0,native_ergt,12011,test_hop_32:ergt43_pair_173330020,0,2b2e0f61ecbcddb75c8e1d84e118a69c0bb808d9954778307f045266c6da70b4,combined_long_horizon,32.0,655,False
hop_32,True,0,16301,test_hop_32:ergt43_pair_173330051_cf0,0,32,full,1,native_ergt,12011,test_hop_32:ergt43_pair_173330051,1,5003de5495208e7868d8140791ed7cd69faaa7a9c1817687e405529b4f271a13,boundary_deficit,32.0,655,False
hop_32,True,1,16301,test_hop_32:ergt43_pair_173330051_cf1,0,32,full,0,native_ergt,12011,test_hop_32:ergt43_pair_173330051,0,375d2bb025240a7394d648b46157f4739416c1b3163711ff13c9ca2b6012c9ec,boundary_deficit,32.0,655,False
hop_32,True,0,16301,test_hop_32:ergt43_pair_173330029_cf0,0,32,full,1,native_ergt,12011,test_hop_32:ergt43_pair_173330029,1,9d7cb8e7cfdcc04a2153e337b1ab4166f7742fe87a02f1d8e716b9049e88067a,finite_speed_cone,32.0,655,False
hop_32,False,1,16301,test_hop_32:ergt43_pair_173330029_cf1,1,32,full,0,native_ergt,12011,test_hop_32:ergt43_pair_173330029,2,2834f061946a8a3ea08f53fefc28fbcf316e18e7db94c74ac96686486f404d63,finite_speed_cone,1000000.0,655,False
hop_32,True,0,16301,test_hop_32:ergt43_pair_173330016_cf0,0,32,full,1,native_ergt,12011,test_hop_32:ergt43_pair_173330016,1,7b23dae2a94a889b956993f68ad2b925b42b93de0f11f195293819a028fd80fe,boundary_deficit,32.0,655,False
hop_32,True,1,16301,test_hop_32:ergt43_pair_173330016_cf1,0,32,full,0,native_ergt,12011,test_hop_32:ergt43_pair_173330016,0,f51e3eb581d3b16ebd8c7b9ee39f61528c287993725ab6a48421bf1620947443,boundary_deficit,32.0,655,False
hop_32,True,0,16301,test_hop_32:ergt43_pair_173330004_cf0,0,32,full,1,native_ergt,12011,test_hop_32:ergt43_pair_173330004,1,4eef2147fd976ac4649d4b068c49ec37be3d36ff6e6055b8903eae9826a860a2,terminal_mass,32.0,655,False
hop_32,True,1,16301,test_hop_32:ergt43_pair_173330004_cf1,0,32,full,0,native_ergt,12011,test_hop_32:ergt43_pair_173330004,0,4a8cc4b0a6f2fb55f11275fcfe0a5f60bd86bbb33c345767e155cb700017d0e1,terminal_mass,32.0,655,False
hop_32,False,1,16301,test_hop_32:ergt43_pair_173330005_cf1,1,32,full,0,native_ergt,12011,test_hop_32:ergt43_pair_173330005,2,dc9289fcde4be9bddf3dc5dbbcc6bf16fca9ce22029d5987acc0dcca07c2f776,memory_source_condition,1000000.0,655,False
hop_32,False,0,16301,test_hop_32:ergt43_pair_173330005_cf0,1,32,full,1,native_ergt,12011,test_hop_32:ergt43_pair_173330005,2,d08d50d7bbcdb88e96a2f1d41fd9841fe589645287c1c24ac95a50f94264275c,memory_source_condition,1000000.0,655,False
hop_32,True,0,16301,test_hop_32:ergt43_pair_173330032_cf0,0,32,full,1,native_ergt,12011,test_hop_32:ergt43_pair_173330032,1,294f4063424c84c774bf96cf21223dfaf3dbe3d03590b3b87ca9d1b3d86bfd9f,terminal_mass,32.0,655,False
hop_32,True,1,16301,test_hop_32:ergt43_pair_173330032_cf1,0,32,full,0,native_ergt,12011,test_hop_32:ergt43_pair_173330032,0,2874ae556d9c637f104a2b7f904d80b77dbefec5f3b87f1526a94ccefe759057,terminal_mass,32.0,655,False
hop_32,False,1,16301,test_hop_32:ergt43_pair_173330026_cf1,1,32,full,0,native_ergt,12011,test_hop_32:ergt43_pair_173330026,2,091851f6b0f569c5565c2f8191c156c74596db9d4fe604dd8cd8bd3aa34e6c47,memory_source_condition,1000000.0,655,False
hop_32,True,0,16301,test_hop_32:ergt43_pair_173330026_cf0,0,32,full,1,native_ergt,12011,test_hop_32:ergt43_pair_173330026,1,095f7adbaaee40e2eb22fdf036cde9e40763ad8f9a0be483eb339ff9af6b9299,memory_source_condition,32.0,655,False
hop_32,True,0,16301,test_hop_32:ergt43_pair_173330038_cf0,0,32,full,1,native_ergt,12011,test_hop_32:ergt43_pair_173330038,1,313f5aea11b7b643dc89f9223409ca18de678433ed1bbd1a4792bd4bd5e9127a,payload_transport,32.0,655,False
hop_32,True,1,16301,test_hop_32:ergt43_pair_173330038_cf1,0,32,full,0,native_ergt,12011,test_hop_32:ergt43_pair_173330038,0,aa4003aeafb085430dcf121b6a545db7a534d47163ed856c9b01de7ace6ff345,payload_transport,32.0,655,False
hop_32,False,0,16301,test_hop_32:ergt43_pair_173330040_cf0,,32,,1,direct_transformer,12011,test_hop_32:ergt43_pair_173330040,0,c7d3dc1fe9a8e86cbbae305fcf453b16d81c0ad8c9a463d1d2dcbc2ebbd6e224,memory_source_condition,,655,False
hop_32,True,1,16301,test_hop_32:ergt43_pair_173330040_cf1,,32,,0,direct_transformer,12011,test_hop_32:ergt43_pair_173330040,0,9c40495de1cda2b9882bc56c8b74d2c41876f2176e71380667d89b975313a82a,memory_source_condition,,655,False
hop_32,True,1,16301,test_hop_32:ergt43_pair_173330013_cf1,,32,,0,direct_transformer,12011,test_hop_32:ergt43_pair_173330013,0,6373a6da0bb697aaf314ab1dcba9d7272cf551500b5cee7b25e0632821061569,combined_long_horizon,,655,False
hop_32,False,0,16301,test_hop_32:ergt43_pair_173330013_cf0,,32,,1,direct_transformer,12011,test_hop_32:ergt43_pair_173330013,0,933a00a490f28600e42df4d6c65c345ceb1b12ff849669a43ced90997ea898df,combined_long_horizon,,655,False
hop_32,True,1,16301,test_hop_32:ergt43_pair_173330015_cf1,,32,,0,direct_transformer,12011,test_hop_32:ergt43_pair_173330015,0,36430e58730598a891b2efd6339d963c0a8605474f93f7f1b5f32846e8f9b0e3,finite_speed_cone,,655,False
hop_32,False,0,16301,test_hop_32:ergt43_pair_173330015_cf0,,32,,1,direct_transformer,12011,test_hop_32:ergt43_pair_173330015,0,1b6d5f144c844e0d2edcc0b7ecdcc5fe83f522770a826d95cd773080a91f54ba,finite_speed_cone,,655,False
hop_32,False,0,16301,test_hop_32:ergt43_pair_173330021_cf0,,32,,1,direct_transformer,12011,test_hop_32:ergt43_pair_173330021,0,d3c1d713d329cfa01e48387f9a4ef88729642dc28cd95c5da3e03a0f99bd8ede,geodesic_action,,655,False
hop_32,True,1,16301,test_hop_32:ergt43_pair_173330021_cf1,,32,,0,direct_transformer,12011,test_hop_32:ergt43_pair_173330021,0,642473f8ec9a9cfaedca38f5723f3b0459cdbc2d7d1aaace47add3f6562467b7,geodesic_action,,655,False
hop_32,True,0,16301,test_hop_32:ergt43_pair_173330017_cf0,,32,,1,direct_transformer,12011,test_hop_32:ergt43_pair_173330017,1,75af2b0c43a4ec0f31c40bb6da6da4feff550e228c604c80342ace447713468a,payload_transport,,655,False
hop_32,False,1,16301,test_hop_32:ergt43_pair_173330017_cf1,,32,,0,direct_transformer,12011,test_hop_32:ergt43_pair_173330017,1,f28f7d772667b4b35187d1591d3b8401a92854a38cd0c755b15ce664304a25be,payload_transport,,655,False
hop_32,True,0,16301,test_hop_32:ergt43_pair_173330054_cf0,,32,,1,direct_transformer,12011,test_hop_32:ergt43_pair_173330054,1,80454334497337c8257a33911bb1a34d8c10721fa5e8eae5139d188780ed66c9,memory_source_condition,,655,False
hop_32,False,1,16301,test_hop_32:ergt43_pair_173330054_cf1,,32,,0,direct_transformer,12011,test_hop_32:ergt43_pair_173330054,1,84ccd2d1262a8ce5b60c896aeca96fd6540efeeb51f64d05906cc98ecb5681d7,memory_source_condition,,655,False
hop_32,False,0,16301,test_hop_32:ergt43_pair_173330041_cf0,,32,,1,direct_transformer,12011,test_hop_32:ergt43_pair_173330041,0,bbf7143acedbbe62140df5c4ff173365c3eccc4da5ea88ad3d53caeb8fd06cc2,combined_long_horizon,,655,False
hop_32,False,1,16301,test_hop_32:ergt43_pair_173330041_cf1,,32,,0,direct_transformer,12011,test_hop_32:ergt43_pair_173330041,1,7afc07f33260872436fc2642995ac28dc018168e09021266e1c23578d30c9f11,combined_long_horizon,,655,False
hop_32,True,1,16301,test_hop_32:ergt43_pair_173330031_cf1,,32,,0,direct_transformer,12011,test_hop_32:ergt43_pair_173330031,0,842ad7c77ea6a1f86abe1cd9f731c707f1c1f4f305a003f2877668e5ae8ef721,payload_transport,,655,False
hop_32,False,0,16301,test_hop_32:ergt43_pair_173330031_cf0,,32,,1,direct_transformer,12011,test_hop_32:ergt43_pair_173330031,0,2cf6423fd0612d10f9400f8e6dededac3aad3413458f4e69a200b6d540f10328,payload_transport,,655,False
hop_32,False,0,16301,test_hop_32:ergt43_pair_173330048_cf0,,32,,1,direct_transformer,12011,test_hop_32:ergt43_pair_173330048,0,9e542b610f7349ae10a87044dc61ba1811eeac8fdd4ba6401dee5900cdcc841c,combined_long_horizon,,655,False
hop_32,True,1,16301,test_hop_32:ergt43_pair_173330048_cf1,,32,,0,direct_transformer,12011,test_hop_32:ergt43_pair_173330048,0,4fb21f234daf3efdddd89a7cc31ae3d5c5977c7df44c01d828d93b00093ec5bc,combined_long_horizon,,655,False
hop_32,False,0,16301,test_hop_32:ergt43_pair_173330024_cf0,,32,,1,direct_transformer,12011,test_hop_32:ergt43_pair_173330024,0,0325f1cc5bdac5ead0bb294d4e590bbe0dd60618f84ee1e33a512484fa71c793,payload_transport,,655,False
hop_32,True,1,16301,test_hop_32:ergt43_pair_173330024_cf1,,32,,0,direct_transformer,12011,test_hop_32:ergt43_pair_173330024,0,fd62636a4292b89035ddaa1b6750e30b0c15a52dd994072a88074d0c7ade7252,payload_transport,,655,False
hop_32,False,0,16301,test_hop_32:ergt43_pair_173330043_cf0,,32,,1,direct_transformer,12011,test_hop_32:ergt43_pair_173330043,0,93ea10ea05689104a41a059267e2253e231775afc3e6e28c40e9d0cf09fa2b8d,finite_speed_cone,,655,False
hop_32,True,1,16301,test_hop_32:ergt43_pair_173330043_cf1,,32,,0,direct_transformer,12011,test_hop_32:ergt43_pair_173330043,0,1299e2f4a20d7b520cd7bfab585628fae43bacb141c21143bba59cbdc9fa1943,finite_speed_cone,,655,False
hop_32,False,0,16301,test_hop_32:ergt43_pair_173330037_cf0,,32,,1,direct_transformer,12011,test_hop_32:ergt43_pair_173330037,0,571db75689e8bceae01c4cf12b001071c76ae60b856370e8773692f6374f4381,boundary_deficit,,655,False
hop_32,True,1,16301,test_hop_32:ergt43_pair_173330037_cf1,,32,,0,direct_transformer,12011,test_hop_32:ergt43_pair_173330037,0,59a0ac053c3cc814dd4d8573cc8012de1aba2631d828d528d288d8750c3fa944,boundary_deficit,,655,False
hop_32,True,0,16301,test_hop_32:ergt43_pair_173330053_cf0,,32,,1,direct_transformer,12011,test_hop_32:ergt43_pair_173330053,1,02d5e54a531bb3ac09243e37a7a0f3ed1db53f627cac66166dbedd09a4f989c5,terminal_mass,,655,False
hop_32,False,1,16301,test_hop_32:ergt43_pair_173330053_cf1,,32,,0,direct_transformer,12011,test_hop_32:ergt43_pair_173330053,1,75dddb5f29916aeb7085379d2dc9af17021a14fec9c4c96e6ddd9b8db66f128e,terminal_mass,,655,False
hop_32,False,0,16301,test_hop_32:ergt43_pair_173330022_cf0,,32,,1,direct_transformer,12011,test_hop_32:ergt43_pair_173330022,0,c917424a0a0746a653ce2f02dfa7cc3fa6f9be2ca0562c85696b1bad70d23811,finite_speed_cone,,655,False
hop_32,True,1,16301,test_hop_32:ergt43_pair_173330022_cf1,,32,,0,direct_transformer,12011,test_hop_32:ergt43_pair_173330022,0,aa33978024e04ec401545972619b6a6e588d59050b2d1e97d5a9690a01ed6180,finite_speed_cone,,655,False
hop_32,True,0,16301,test_hop_32:ergt43_pair_173330052_cf0,,32,,1,direct_transformer,12011,test_hop_32:ergt43_pair_173330052,1,868e724fecfb915d694e0a0483e07690fbc90e7040e9ff8573120c537a624fcf,payload_transport,,655,False
hop_32,False,1,16301,test_hop_32:ergt43_pair_173330052_cf1,,32,,0,direct_transformer,12011,test_hop_32:ergt43_pair_173330052,1,0123bd838b2d7556d58ea97892d4b1930620e10cbfd6e3b38e35ebf6c295da59,payload_transport,,655,False
hop_32,True,0,16301,test_hop_32:ergt43_pair_173330003_cf0,,32,,1,direct_transformer,12011,test_hop_32:ergt43_pair_173330003,1,c8db1bb044759819f3401963c62c3186eb911a024cab34610a3bb4ea286f0af7,payload_transport,,655,False
hop_32,False,1,16301,test_hop_32:ergt43_pair_173330003_cf1,,32,,0,direct_transformer,12011,test_hop_32:ergt43_pair_173330003,1,385324ec6da5ac40adfdc70571b7f16f699a58ba28f8c3ae6068b5b6ca84aac4,payload_transport,,655,False
hop_32,True,0,16301,test_hop_32:ergt43_pair_173330033_cf0,,32,,1,direct_transformer,12011,test_hop_32:ergt43_pair_173330033,1,13a8006581c9320812f8f7d70f8e5e1200d68a533d634882b65ecfc1cd5b0bf6,memory_source_condition,,655,False
hop_32,False,1,16301,test_hop_32:ergt43_pair_173330033_cf1,,32,,0,direct_transformer,12011,test_hop_32:ergt43_pair_173330033,1,b167b745c781cd5c40d34a0ae40408d30004b7943bf7d8e6a8aca750454fa673,memory_source_condition,,655,False
hop_32,False,1,16301,test_hop_32:ergt43_pair_173330001_cf1,,32,,0,direct_transformer,12011,test_hop_32:ergt43_pair_173330001,1,2a1670f3b889c8b0e8c09cdb4742196d3372b17b627060c199f08c9bc1cc6a2c,finite_speed_cone,,655,False
hop_32,True,0,16301,test_hop_32:ergt43_pair_173330001_cf0,,32,,1,direct_transformer,12011,test_hop_32:ergt43_pair_173330001,1,7c9b72af7d8a8cda9d2c5706dee0ecd575e5114caf215d3e77c956482574b8e7,finite_speed_cone,,655,False
hop_32,True,0,16301,test_hop_32:ergt43_pair_173330025_cf0,,32,,1,direct_transformer,12011,test_hop_32:ergt43_pair_173330025,1,0a732004c51d9ae61a8c83b274e5c36272a3d9ab2413b1747cce8b7eb64f08f1,terminal_mass,,655,False
hop_32,False,1,16301,test_hop_32:ergt43_pair_173330025_cf1,,32,,0,direct_transformer,12011,test_hop_32:ergt43_pair_173330025,1,7f7fa7eca230e55bd9e67586a3e11de214a29291320841ca194a1ab7b94d03c4,terminal_mass,,655,False
hop_32,True,0,16301,test_hop_32:ergt43_pair_173330020_cf0,,32,,1,direct_transformer,12011,test_hop_32:ergt43_pair_173330020,1,8831b36a1de95fef0ea971f021154c1c3ca7dcc036473e194b8f7696c4d00af1,combined_long_horizon,,655,False
hop_32,False,1,16301,test_hop_32:ergt43_pair_173330020_cf1,,32,,0,direct_transformer,12011,test_hop_32:ergt43_pair_173330020,1,2b2e0f61ecbcddb75c8e1d84e118a69c0bb808d9954778307f045266c6da70b4,combined_long_horizon,,655,False
hop_32,True,0,16301,test_hop_32:ergt43_pair_173330051_cf0,,32,,1,direct_transformer,12011,test_hop_32:ergt43_pair_173330051,1,5003de5495208e7868d8140791ed7cd69faaa7a9c1817687e405529b4f271a13,boundary_deficit,,655,False
hop_32,False,1,16301,test_hop_32:ergt43_pair_173330051_cf1,,32,,0,direct_transformer,12011,test_hop_32:ergt43_pair_173330051,1,375d2bb025240a7394d648b46157f4739416c1b3163711ff13c9ca2b6012c9ec,boundary_deficit,,655,False
hop_32,True,0,16301,test_hop_32:ergt43_pair_173330029_cf0,,32,,1,direct_transformer,12011,test_hop_32:ergt43_pair_173330029,1,9d7cb8e7cfdcc04a2153e337b1ab4166f7742fe87a02f1d8e716b9049e88067a,finite_speed_cone,,655,False
hop_32,False,1,16301,test_hop_32:ergt43_pair_173330029_cf1,,32,,0,direct_transformer,12011,test_hop_32:ergt43_pair_173330029,1,2834f061946a8a3ea08f53fefc28fbcf316e18e7db94c74ac96686486f404d63,finite_speed_cone,,655,False
hop_32,True,0,16301,test_hop_32:ergt43_pair_173330016_cf0,,32,,1,direct_transformer,12011,test_hop_32:ergt43_pair_173330016,1,7b23dae2a94a889b956993f68ad2b925b42b93de0f11f195293819a028fd80fe,boundary_deficit,,655,False
hop_32,False,1,16301,test_hop_32:ergt43_pair_173330016_cf1,,32,,0,direct_transformer,12011,test_hop_32:ergt43_pair_173330016,1,f51e3eb581d3b16ebd8c7b9ee39f61528c287993725ab6a48421bf1620947443,boundary_deficit,,655,False
hop_32,True,0,16301,test_hop_32:ergt43_pair_173330004_cf0,,32,,1,direct_transformer,12011,test_hop_32:ergt43_pair_173330004,1,4eef2147fd976ac4649d4b068c49ec37be3d36ff6e6055b8903eae9826a860a2,terminal_mass,,655,False
hop_32,False,1,16301,test_hop_32:ergt43_pair_173330004_cf1,,32,,0,direct_transformer,12011,test_hop_32:ergt43_pair_173330004,1,4a8cc4b0a6f2fb55f11275fcfe0a5f60bd86bbb33c345767e155cb700017d0e1,terminal_mass,,655,False
hop_32,False,1,16301,test_hop_32:ergt43_pair_173330005_cf1,,32,,0,direct_transformer,12011,test_hop_32:ergt43_pair_173330005,1,dc9289fcde4be9bddf3dc5dbbcc6bf16fca9ce22029d5987acc0dcca07c2f776,memory_source_condition,,655,False
hop_32,True,0,16301,test_hop_32:ergt43_pair_173330005_cf0,,32,,1,direct_transformer,12011,test_hop_32:ergt43_pair_173330005,1,d08d50d7bbcdb88e96a2f1d41fd9841fe589645287c1c24ac95a50f94264275c,memory_source_condition,,655,False
hop_32,False,0,16301,test_hop_32:ergt43_pair_173330032_cf0,,32,,1,direct_transformer,12011,test_hop_32:ergt43_pair_173330032,0,294f4063424c84c774bf96cf21223dfaf3dbe3d03590b3b87ca9d1b3d86bfd9f,terminal_mass,,655,False
hop_32,True,1,16301,test_hop_32:ergt43_pair_173330032_cf1,,32,,0,direct_transformer,12011,test_hop_32:ergt43_pair_173330032,0,2874ae556d9c637f104a2b7f904d80b77dbefec5f3b87f1526a94ccefe759057,terminal_mass,,655,False
hop_32,False,1,16301,test_hop_32:ergt43_pair_173330026_cf1,,32,,0,direct_transformer,12011,test_hop_32:ergt43_pair_173330026,1,091851f6b0f569c5565c2f8191c156c74596db9d4fe604dd8cd8bd3aa34e6c47,memory_source_condition,,655,False
hop_32,True,0,16301,test_hop_32:ergt43_pair_173330026_cf0,,32,,1,direct_transformer,12011,test_hop_32:ergt43_pair_173330026,1,095f7adbaaee40e2eb22fdf036cde9e40763ad8f9a0be483eb339ff9af6b9299,memory_source_condition,,655,False
hop_32,True,0,16301,test_hop_32:ergt43_pair_173330038_cf0,,32,,1,direct_transformer,12011,test_hop_32:ergt43_pair_173330038,1,313f5aea11b7b643dc89f9223409ca18de678433ed1bbd1a4792bd4bd5e9127a,payload_transport,,655,False
hop_32,False,1,16301,test_hop_32:ergt43_pair_173330038_cf1,,32,,0,direct_transformer,12011,test_hop_32:ergt43_pair_173330038,1,aa4003aeafb085430dcf121b6a545db7a534d47163ed856c9b01de7ace6ff345,payload_transport,,655,False
context_128_hop_4,True,1,16301,context_128:ergt43_pair_184290030_cf1,0,4,full,0,native_ergt,12011,context_128:ergt43_pair_184290030,0,d4b0de96a916259482e7718b7a39558a1cb7fa290e40f1151f63a74ab796fbeb,boundary_deficit,4.0,128,False
context_128_hop_4,True,0,16301,context_128:ergt43_pair_184290030_cf0,0,4,full,1,native_ergt,12011,context_128:ergt43_pair_184290030,1,8726c93fed4a7e67ec97ed48cb6ba697092c43db9628842937c58a2dcfb2ac8d,boundary_deficit,4.0,128,False
context_128_hop_4,True,1,16301,context_128:ergt43_pair_184290007_cf1,0,4,full,0,native_ergt,12011,context_128:ergt43_pair_184290007,0,642c2bf68de69dddffeffe8d379d33b0f9f6329dd53f88c04c1e13df9e6d74b1,geodesic_action,4.0,128,False
context_128_hop_4,True,0,16301,context_128:ergt43_pair_184290007_cf0,0,4,full,1,native_ergt,12011,context_128:ergt43_pair_184290007,1,07c504d0e5133e310d6edd41f94a2870e53d09d96c3637819d08c832dc21ac5a,geodesic_action,4.0,128,False
context_128_hop_4,True,1,16301,context_128:ergt43_pair_184290013_cf1,0,4,full,0,native_ergt,12011,context_128:ergt43_pair_184290013,0,6475815921163f73f0bb32684b091c9e28063f2a6127e8893afb285840a67205,combined_long_horizon,4.0,128,False
context_128_hop_4,True,0,16301,context_128:ergt43_pair_184290013_cf0,0,4,full,1,native_ergt,12011,context_128:ergt43_pair_184290013,1,edc7beb11c28e6514ddb2b61862e11b3f1e1396c1f57ca7feb091382602242aa,combined_long_horizon,4.0,128,False
context_128_hop_4,True,0,16301,context_128:ergt43_pair_184290016_cf0,0,4,full,1,native_ergt,12011,context_128:ergt43_pair_184290016,1,85c99a2c3d552d9a1edaa0939a898f072f0a38575c97554e3d08c066c87568d9,boundary_deficit,4.0,128,False
context_128_hop_4,True,1,16301,context_128:ergt43_pair_184290016_cf1,0,4,full,0,native_ergt,12011,context_128:ergt43_pair_184290016,0,b2020990b03a4319d63d2490f9e32581be8ffe64daac86a2c0660b89b4a65b1d,boundary_deficit,4.0,128,False
context_128_hop_4,True,0,16301,context_128:ergt43_pair_184290029_cf0,0,4,full,1,native_ergt,12011,context_128:ergt43_pair_184290029,1,97e9cf529dcec4c11401c591f6eb0213f7db03f644098253ba4c8789973f3bff,finite_speed_cone,4.0,128,False
context_128_hop_4,True,1,16301,context_128:ergt43_pair_184290029_cf1,0,4,full,0,native_ergt,12011,context_128:ergt43_pair_184290029,0,7a3f7b3410a3f86dc2cb87f5e847223eff8eedc4ce7d0206c946fd3285b99a08,finite_speed_cone,4.0,128,False
context_128_hop_4,True,0,16301,context_128:ergt43_pair_184290014_cf0,0,4,full,1,native_ergt,12011,context_128:ergt43_pair_184290014,1,5fcb6a858b6a6480db63740612002e1ab66551e863a05a0ae245f7f5c0c6b5a5,geodesic_action,4.0,128,False
context_128_hop_4,True,1,16301,context_128:ergt43_pair_184290014_cf1,0,4,full,0,native_ergt,12011,context_128:ergt43_pair_184290014,0,0cd9d33165aa229670d22e0846f1eb16037a49638801a44f58de9ead378470d9,geodesic_action,4.0,128,False
context_128_hop_4,True,0,16301,context_128:ergt43_pair_184290037_cf0,0,4,full,1,native_ergt,12011,context_128:ergt43_pair_184290037,1,878905c76abf55f211a0717b62fc7751903cd64a2d65d6ecdcd8b3874c0455c4,boundary_deficit,4.0,128,False
context_128_hop_4,True,1,16301,context_128:ergt43_pair_184290037_cf1,0,4,full,0,native_ergt,12011,context_128:ergt43_pair_184290037,0,06f0d615acb6de96f48aedf6d41afe5fc95519badf8bb2b80bbfc4eaa9cf7e5e,boundary_deficit,4.0,128,False
context_128_hop_4,True,1,16301,context_128:ergt43_pair_184290002_cf1,0,4,full,0,native_ergt,12011,context_128:ergt43_pair_184290002,0,ba172917dd8e5058e72231a209ca928cb7e0349c5d8147b0189fed1cbb346a3e,boundary_deficit,4.0,128,False
context_128_hop_4,True,0,16301,context_128:ergt43_pair_184290002_cf0,0,4,full,1,native_ergt,12011,context_128:ergt43_pair_184290002,1,0a9bcb06aba78f86c1fcf52cfc2c171b9f8a89054ca42fa0b73358cdd1453abb,boundary_deficit,4.0,128,False
context_128_hop_4,True,1,16301,context_128:ergt43_pair_184290006_cf1,0,4,full,0,native_ergt,12011,context_128:ergt43_pair_184290006,0,af05746e977d033b6b1232489e877b4b1fc9e0cb594b6db192f68c11796fd502,combined_long_horizon,4.0,128,False
context_128_hop_4,True,0,16301,context_128:ergt43_pair_184290006_cf0,0,4,full,1,native_ergt,12011,context_128:ergt43_pair_184290006,1,945668fbc6825aa7e7ded74ec9b41c1dc2c58694c95380707272787a09187917,combined_long_horizon,4.0,128,False
context_128_hop_4,True,0,16301,context_128:ergt43_pair_184290036_cf0,0,4,full,1,native_ergt,12011,context_128:ergt43_pair_184290036,1,4deb917c3f1091ba516e9f597d7f385f7d385b9e81a126b9362f0d34137183d3,finite_speed_cone,4.0,128,False
context_128_hop_4,True,1,16301,context_128:ergt43_pair_184290036_cf1,0,4,full,0,native_ergt,12011,context_128:ergt43_pair_184290036,0,2f144430da15595aa2044bd240b45e4d48b894ce1bde83ca0bd04592705ef205,finite_speed_cone,4.0,128,False
context_128_hop_4,True,0,16301,context_128:ergt43_pair_184290021_cf0,0,4,full,1,native_ergt,12011,context_128:ergt43_pair_184290021,1,bd91444a9db925374bdb5d867347bf565d8d3d84fae646edef5b0ea7fb5a23d1,geodesic_action,4.0,128,False
context_128_hop_4,True,1,16301,context_128:ergt43_pair_184290021_cf1,0,4,full,0,native_ergt,12011,context_128:ergt43_pair_184290021,0,8b4fcfa575c0ff21b75da984807a0784ba6f6c123e937bbc836beba34428b012,geodesic_action,4.0,128,False
context_128_hop_4,True,0,16301,context_128:ergt43_pair_184290032_cf0,0,4,full,1,native_ergt,12011,context_128:ergt43_pair_184290032,1,3dbb98c47c701db67c26fb78160cc5f03c5372756bc505c00d3bfc053b2753a9,terminal_mass,4.0,128,False
context_128_hop_4,True,1,16301,context_128:ergt43_pair_184290032_cf1,0,4,full,0,native_ergt,12011,context_128:ergt43_pair_184290032,0,b634d3320f562d07ab4ad683f33b572374ba0c9ccd8f175f00603c7097afa587,terminal_mass,4.0,128,False
context_128_hop_4,True,0,16301,context_128:ergt43_pair_184290018_cf0,0,4,full,1,native_ergt,12011,context_128:ergt43_pair_184290018,1,a774b854a20d29625be85dbb5ef93c952ef4a9bec617b64fee542ddb1f4ddb37,terminal_mass,4.0,128,False
context_128_hop_4,True,1,16301,context_128:ergt43_pair_184290018_cf1,0,4,full,0,native_ergt,12011,context_128:ergt43_pair_184290018,0,42272bca71594882f126b7cb6df84ef399ff3d9299768c7f0af7f62aa35e4986,terminal_mass,4.0,128,False
context_128_hop_4,True,0,16301,context_128:ergt43_pair_184290003_cf0,0,4,full,1,native_ergt,12011,context_128:ergt43_pair_184290003,1,4500afd596eff64aa8f8594c374e7986b5018a1b8c7b0b36d3677b5b6ac0fa32,payload_transport,4.0,128,False
context_128_hop_4,True,1,16301,context_128:ergt43_pair_184290003_cf1,0,4,full,0,native_ergt,12011,context_128:ergt43_pair_184290003,0,56b5065474ab141dbec9b8b6ab2a22e1bdcb3a6438e2d8750cd21df190618d48,payload_transport,4.0,128,False
context_128_hop_4,True,0,16301,context_128:ergt43_pair_184290024_cf0,0,4,full,1,native_ergt,12011,context_128:ergt43_pair_184290024,1,b57be87eb8171cbf6633b734b24e605a321949d017e139b0472b3e3ed1d8d41e,payload_transport,4.0,128,False
context_128_hop_4,True,1,16301,context_128:ergt43_pair_184290024_cf1,0,4,full,0,native_ergt,12011,context_128:ergt43_pair_184290024,0,6dcb81401d65d848d245fb820dd3e350fa28bb87c1f75e52b74fb27dfd5758c1,payload_transport,4.0,128,False
context_128_hop_4,True,1,16301,context_128:ergt43_pair_184290027_cf1,0,4,full,0,native_ergt,12011,context_128:ergt43_pair_184290027,0,064504cb040d3a6ea0b4c6998b3b1ebf60c0000bc32cca98e928f101fee32fb2,combined_long_horizon,4.0,128,False
context_128_hop_4,True,0,16301,context_128:ergt43_pair_184290027_cf0,0,4,full,1,native_ergt,12011,context_128:ergt43_pair_184290027,1,c05de26d41d722fc7ef7aa9279a3e69d71a00af1c51c0daa5791d6352d6de3ba,combined_long_horizon,4.0,128,False
context_128_hop_4,True,0,16301,context_128:ergt43_pair_184290025_cf0,0,4,full,1,native_ergt,12011,context_128:ergt43_pair_184290025,1,517bee5e02d5e64d0cc5ab7f8b57fc7704f3b03c245bd59455b342f106e2b9c6,terminal_mass,4.0,128,False
context_128_hop_4,True,1,16301,context_128:ergt43_pair_184290025_cf1,0,4,full,0,native_ergt,12011,context_128:ergt43_pair_184290025,0,a3b4a9fa6dd087e156ebcd4c82389a8b31f988d81c3080e68c3c3fcfe7b9cb85,terminal_mass,4.0,128,False
context_128_hop_4,True,0,16301,context_128:ergt43_pair_184290009_cf0,0,4,full,1,native_ergt,12011,context_128:ergt43_pair_184290009,1,af156716dac44f1198b73766b6684e805a6664bf9f8e381530c61a3066302657,boundary_deficit,4.0,128,False
context_128_hop_4,True,1,16301,context_128:ergt43_pair_184290009_cf1,0,4,full,0,native_ergt,12011,context_128:ergt43_pair_184290009,0,7133a7fc157f609f67dfef702ac5e45cc56f229922f2561b3f3728c46d77c8ad,boundary_deficit,4.0,128,False
context_128_hop_4,True,1,16301,context_128:ergt43_pair_184290019_cf1,0,4,full,0,native_ergt,12011,context_128:ergt43_pair_184290019,0,a4cd72098817be6b117349a4fa2361d0652c515be85acfef70e42832ab225469,memory_source_condition,4.0,128,False
context_128_hop_4,True,0,16301,context_128:ergt43_pair_184290019_cf0,0,4,full,1,native_ergt,12011,context_128:ergt43_pair_184290019,1,f55a07b72dbff168889ebfea1cba1b1ed08874c8544f3edd4cb823b0d2455aa6,memory_source_condition,4.0,128,False
context_128_hop_4,True,1,16301,context_128:ergt43_pair_184290020_cf1,0,4,full,0,native_ergt,12011,context_128:ergt43_pair_184290020,0,d072fb3840d43dff86e7a24ccd9f7dbbad06e77b72b6ce86f962e022c9f1853c,combined_long_horizon,4.0,128,False
context_128_hop_4,True,0,16301,context_128:ergt43_pair_184290020_cf0,0,4,full,1,native_ergt,12011,context_128:ergt43_pair_184290020,1,8583aac643efc014f9f51c0ab4d00d61ef6c4cfe4c7b27011583d959d4d65933,combined_long_horizon,4.0,128,False
context_128_hop_4,True,1,16301,context_128:ergt43_pair_184290030_cf1,,4,,0,direct_transformer,12011,context_128:ergt43_pair_184290030,0,d4b0de96a916259482e7718b7a39558a1cb7fa290e40f1151f63a74ab796fbeb,boundary_deficit,,128,False
context_128_hop_4,False,0,16301,context_128:ergt43_pair_184290030_cf0,,4,,1,direct_transformer,12011,context_128:ergt43_pair_184290030,0,8726c93fed4a7e67ec97ed48cb6ba697092c43db9628842937c58a2dcfb2ac8d,boundary_deficit,,128,False
context_128_hop_4,True,1,16301,context_128:ergt43_pair_184290007_cf1,,4,,0,direct_transformer,12011,context_128:ergt43_pair_184290007,0,642c2bf68de69dddffeffe8d379d33b0f9f6329dd53f88c04c1e13df9e6d74b1,geodesic_action,,128,False
context_128_hop_4,False,0,16301,context_128:ergt43_pair_184290007_cf0,,4,,1,direct_transformer,12011,context_128:ergt43_pair_184290007,0,07c504d0e5133e310d6edd41f94a2870e53d09d96c3637819d08c832dc21ac5a,geodesic_action,,128,False
context_128_hop_4,False,1,16301,context_128:ergt43_pair_184290013_cf1,,4,,0,direct_transformer,12011,context_128:ergt43_pair_184290013,1,6475815921163f73f0bb32684b091c9e28063f2a6127e8893afb285840a67205,combined_long_horizon,,128,False
context_128_hop_4,False,0,16301,context_128:ergt43_pair_184290013_cf0,,4,,1,direct_transformer,12011,context_128:ergt43_pair_184290013,0,edc7beb11c28e6514ddb2b61862e11b3f1e1396c1f57ca7feb091382602242aa,combined_long_horizon,,128,False
context_128_hop_4,False,0,16301,context_128:ergt43_pair_184290016_cf0,,4,,1,direct_transformer,12011,context_128:ergt43_pair_184290016,0,85c99a2c3d552d9a1edaa0939a898f072f0a38575c97554e3d08c066c87568d9,boundary_deficit,,128,False
context_128_hop_4,True,1,16301,context_128:ergt43_pair_184290016_cf1,,4,,0,direct_transformer,12011,context_128:ergt43_pair_184290016,0,b2020990b03a4319d63d2490f9e32581be8ffe64daac86a2c0660b89b4a65b1d,boundary_deficit,,128,False
context_128_hop_4,False,0,16301,context_128:ergt43_pair_184290029_cf0,,4,,1,direct_transformer,12011,context_128:ergt43_pair_184290029,0,97e9cf529dcec4c11401c591f6eb0213f7db03f644098253ba4c8789973f3bff,finite_speed_cone,,128,False
context_128_hop_4,True,1,16301,context_128:ergt43_pair_184290029_cf1,,4,,0,direct_transformer,12011,context_128:ergt43_pair_184290029,0,7a3f7b3410a3f86dc2cb87f5e847223eff8eedc4ce7d0206c946fd3285b99a08,finite_speed_cone,,128,False
context_128_hop_4,False,0,16301,context_128:ergt43_pair_184290014_cf0,,4,,1,direct_transformer,12011,context_128:ergt43_pair_184290014,0,5fcb6a858b6a6480db63740612002e1ab66551e863a05a0ae245f7f5c0c6b5a5,geodesic_action,,128,False
context_128_hop_4,True,1,16301,context_128:ergt43_pair_184290014_cf1,,4,,0,direct_transformer,12011,context_128:ergt43_pair_184290014,0,0cd9d33165aa229670d22e0846f1eb16037a49638801a44f58de9ead378470d9,geodesic_action,,128,False
context_128_hop_4,True,0,16301,context_128:ergt43_pair_184290037_cf0,,4,,1,direct_transformer,12011,context_128:ergt43_pair_184290037,1,878905c76abf55f211a0717b62fc7751903cd64a2d65d6ecdcd8b3874c0455c4,boundary_deficit,,128,False
context_128_hop_4,False,1,16301,context_128:ergt43_pair_184290037_cf1,,4,,0,direct_transformer,12011,context_128:ergt43_pair_184290037,1,06f0d615acb6de96f48aedf6d41afe5fc95519badf8bb2b80bbfc4eaa9cf7e5e,boundary_deficit,,128,False
context_128_hop_4,False,1,16301,context_128:ergt43_pair_184290002_cf1,,4,,0,direct_transformer,12011,context_128:ergt43_pair_184290002,1,ba172917dd8e5058e72231a209ca928cb7e0349c5d8147b0189fed1cbb346a3e,boundary_deficit,,128,False
context_128_hop_4,True,0,16301,context_128:ergt43_pair_184290002_cf0,,4,,1,direct_transformer,12011,context_128:ergt43_pair_184290002,1,0a9bcb06aba78f86c1fcf52cfc2c171b9f8a89054ca42fa0b73358cdd1453abb,boundary_deficit,,128,False
context_128_hop_4,False,1,16301,context_128:ergt43_pair_184290006_cf1,,4,,0,direct_transformer,12011,context_128:ergt43_pair_184290006,2,af05746e977d033b6b1232489e877b4b1fc9e0cb594b6db192f68c11796fd502,combined_long_horizon,,128,False
context_128_hop_4,False,0,16301,context_128:ergt43_pair_184290006_cf0,,4,,1,direct_transformer,12011,context_128:ergt43_pair_184290006,2,945668fbc6825aa7e7ded74ec9b41c1dc2c58694c95380707272787a09187917,combined_long_horizon,,128,False
context_128_hop_4,True,0,16301,context_128:ergt43_pair_184290036_cf0,,4,,1,direct_transformer,12011,context_128:ergt43_pair_184290036,1,4deb917c3f1091ba516e9f597d7f385f7d385b9e81a126b9362f0d34137183d3,finite_speed_cone,,128,False
context_128_hop_4,False,1,16301,context_128:ergt43_pair_184290036_cf1,,4,,0,direct_transformer,12011,context_128:ergt43_pair_184290036,1,2f144430da15595aa2044bd240b45e4d48b894ce1bde83ca0bd04592705ef205,finite_speed_cone,,128,False
context_128_hop_4,False,0,16301,context_128:ergt43_pair_184290021_cf0,,4,,1,direct_transformer,12011,context_128:ergt43_pair_184290021,2,bd91444a9db925374bdb5d867347bf565d8d3d84fae646edef5b0ea7fb5a23d1,geodesic_action,,128,False
context_128_hop_4,True,1,16301,context_128:ergt43_pair_184290021_cf1,,4,,0,direct_transformer,12011,context_128:ergt43_pair_184290021,0,8b4fcfa575c0ff21b75da984807a0784ba6f6c123e937bbc836beba34428b012,geodesic_action,,128,False
context_128_hop_4,False,0,16301,context_128:ergt43_pair_184290032_cf0,,4,,1,direct_transformer,12011,context_128:ergt43_pair_184290032,0,3dbb98c47c701db67c26fb78160cc5f03c5372756bc505c00d3bfc053b2753a9,terminal_mass,,128,False
context_128_hop_4,True,1,16301,context_128:ergt43_pair_184290032_cf1,,4,,0,direct_transformer,12011,context_128:ergt43_pair_184290032,0,b634d3320f562d07ab4ad683f33b572374ba0c9ccd8f175f00603c7097afa587,terminal_mass,,128,False
context_128_hop_4,True,0,16301,context_128:ergt43_pair_184290018_cf0,,4,,1,direct_transformer,12011,context_128:ergt43_pair_184290018,1,a774b854a20d29625be85dbb5ef93c952ef4a9bec617b64fee542ddb1f4ddb37,terminal_mass,,128,False
context_128_hop_4,True,1,16301,context_128:ergt43_pair_184290018_cf1,,4,,0,direct_transformer,12011,context_128:ergt43_pair_184290018,0,42272bca71594882f126b7cb6df84ef399ff3d9299768c7f0af7f62aa35e4986,terminal_mass,,128,False
context_128_hop_4,False,0,16301,context_128:ergt43_pair_184290003_cf0,,4,,1,direct_transformer,12011,context_128:ergt43_pair_184290003,0,4500afd596eff64aa8f8594c374e7986b5018a1b8c7b0b36d3677b5b6ac0fa32,payload_transport,,128,False
context_128_hop_4,False,1,16301,context_128:ergt43_pair_184290003_cf1,,4,,0,direct_transformer,12011,context_128:ergt43_pair_184290003,1,56b5065474ab141dbec9b8b6ab2a22e1bdcb3a6438e2d8750cd21df190618d48,payload_transport,,128,False
context_128_hop_4,False,0,16301,context_128:ergt43_pair_184290024_cf0,,4,,1,direct_transformer,12011,context_128:ergt43_pair_184290024,0,b57be87eb8171cbf6633b734b24e605a321949d017e139b0472b3e3ed1d8d41e,payload_transport,,128,False
context_128_hop_4,True,1,16301,context_128:ergt43_pair_184290024_cf1,,4,,0,direct_transformer,12011,context_128:ergt43_pair_184290024,0,6dcb81401d65d848d245fb820dd3e350fa28bb87c1f75e52b74fb27dfd5758c1,payload_transport,,128,False
context_128_hop_4,True,1,16301,context_128:ergt43_pair_184290027_cf1,,4,,0,direct_transformer,12011,context_128:ergt43_pair_184290027,0,064504cb040d3a6ea0b4c6998b3b1ebf60c0000bc32cca98e928f101fee32fb2,combined_long_horizon,,128,False
context_128_hop_4,True,0,16301,context_128:ergt43_pair_184290027_cf0,,4,,1,direct_transformer,12011,context_128:ergt43_pair_184290027,1,c05de26d41d722fc7ef7aa9279a3e69d71a00af1c51c0daa5791d6352d6de3ba,combined_long_horizon,,128,False
context_128_hop_4,False,0,16301,context_128:ergt43_pair_184290025_cf0,,4,,1,direct_transformer,12011,context_128:ergt43_pair_184290025,0,517bee5e02d5e64d0cc5ab7f8b57fc7704f3b03c245bd59455b342f106e2b9c6,terminal_mass,,128,False
context_128_hop_4,False,1,16301,context_128:ergt43_pair_184290025_cf1,,4,,0,direct_transformer,12011,context_128:ergt43_pair_184290025,1,a3b4a9fa6dd087e156ebcd4c82389a8b31f988d81c3080e68c3c3fcfe7b9cb85,terminal_mass,,128,False
context_128_hop_4,True,0,16301,context_128:ergt43_pair_184290009_cf0,,4,,1,direct_transformer,12011,context_128:ergt43_pair_184290009,1,af156716dac44f1198b73766b6684e805a6664bf9f8e381530c61a3066302657,boundary_deficit,,128,False
context_128_hop_4,False,1,16301,context_128:ergt43_pair_184290009_cf1,,4,,0,direct_transformer,12011,context_128:ergt43_pair_184290009,1,7133a7fc157f609f67dfef702ac5e45cc56f229922f2561b3f3728c46d77c8ad,boundary_deficit,,128,False
context_128_hop_4,False,1,16301,context_128:ergt43_pair_184290019_cf1,,4,,0,direct_transformer,12011,context_128:ergt43_pair_184290019,1,a4cd72098817be6b117349a4fa2361d0652c515be85acfef70e42832ab225469,memory_source_condition,,128,False
context_128_hop_4,False,0,16301,context_128:ergt43_pair_184290019_cf0,,4,,1,direct_transformer,12011,context_128:ergt43_pair_184290019,0,f55a07b72dbff168889ebfea1cba1b1ed08874c8544f3edd4cb823b0d2455aa6,memory_source_condition,,128,False
context_128_hop_4,False,1,16301,context_128:ergt43_pair_184290020_cf1,,4,,0,direct_transformer,12011,context_128:ergt43_pair_184290020,1,d072fb3840d43dff86e7a24ccd9f7dbbad06e77b72b6ce86f962e022c9f1853c,combined_long_horizon,,128,False
context_128_hop_4,False,0,16301,context_128:ergt43_pair_184290020_cf0,,4,,1,direct_transformer,12011,context_128:ergt43_pair_184290020,0,8583aac643efc014f9f51c0ab4d00d61ef6c4cfe4c7b27011583d959d4d65933,combined_long_horizon,,128,False
context_256_hop_4,True,0,16301,context_256:ergt43_pair_185570039_cf0,0,4,full,1,native_ergt,12011,context_256:ergt43_pair_185570039,1,1a0d378875eca7a35b2f52e3159eb08da545a4c5fdf9a65a0870c3e958cbf289,terminal_mass,4.0,256,False
context_256_hop_4,True,1,16301,context_256:ergt43_pair_185570039_cf1,0,4,full,0,native_ergt,12011,context_256:ergt43_pair_185570039,0,5072a610dce2fc101f37049f6a0963bba8d7d57e0d3acbe0cf34730617a37d73,terminal_mass,4.0,256,False
context_256_hop_4,True,1,16301,context_256:ergt43_pair_185570006_cf1,0,4,full,0,native_ergt,12011,context_256:ergt43_pair_185570006,0,c083efe4cb907a08adb96850ffa2a657d97b6fe79be7d62882f67ecfc0d20070,combined_long_horizon,4.0,256,False
context_256_hop_4,True,0,16301,context_256:ergt43_pair_185570006_cf0,0,4,full,1,native_ergt,12011,context_256:ergt43_pair_185570006,1,1da5c713f195417f39637ee96c34492882e1511caafb07ae450f958fc45d91b4,combined_long_horizon,4.0,256,False
context_256_hop_4,True,0,16301,context_256:ergt43_pair_185570018_cf0,0,4,full,1,native_ergt,12011,context_256:ergt43_pair_185570018,1,8f85111ebbc156906089b97957383468ca51250a5ac2e78a313043dd1ec1507d,terminal_mass,4.0,256,False
context_256_hop_4,True,1,16301,context_256:ergt43_pair_185570018_cf1,0,4,full,0,native_ergt,12011,context_256:ergt43_pair_185570018,0,ebd1909ccdc519a5c529f572d19d82f3bd74caf3bbc25966bb669ac2a751cb23,terminal_mass,4.0,256,False
context_256_hop_4,True,0,16301,context_256:ergt43_pair_185570022_cf0,0,4,full,1,native_ergt,12011,context_256:ergt43_pair_185570022,1,07a2f4120ac47730a430f8108a140d75ffa25afc499bad63e480f99ebe05e0a7,finite_speed_cone,4.0,256,False
context_256_hop_4,True,1,16301,context_256:ergt43_pair_185570022_cf1,0,4,full,0,native_ergt,12011,context_256:ergt43_pair_185570022,0,9a65928ffee4db9fa5cfcda4ef3e8005dd722e2c223c2e3dbe20cc313713380d,finite_speed_cone,4.0,256,False
context_256_hop_4,True,1,16301,context_256:ergt43_pair_185570024_cf1,0,4,full,0,native_ergt,12011,context_256:ergt43_pair_185570024,0,ade89d5a31f48ca095d6602809885d6ce002ae46ab4523e296474dd517fc2bd7,payload_transport,4.0,256,False
context_256_hop_4,True,0,16301,context_256:ergt43_pair_185570024_cf0,0,4,full,1,native_ergt,12011,context_256:ergt43_pair_185570024,1,5f1b72e5b68f4196b5a76e3522f188b0eb8314baa7208f61918358de63646c86,payload_transport,4.0,256,False
context_256_hop_4,True,0,16301,context_256:ergt43_pair_185570000_cf0,0,4,full,1,native_ergt,12011,context_256:ergt43_pair_185570000,1,a38387cedb39e442af9658a5c713b1e4c03d77483a268fbfdbfcc2e9ee730f70,geodesic_action,4.0,256,False
context_256_hop_4,True,1,16301,context_256:ergt43_pair_185570000_cf1,0,4,full,0,native_ergt,12011,context_256:ergt43_pair_185570000,0,6579479739142dc6270db4c7af6f8edfabe63c6a20c144a15d1a907902d0a3fe,geodesic_action,4.0,256,False
context_256_hop_4,True,1,16301,context_256:ergt43_pair_185570021_cf1,0,4,full,0,native_ergt,12011,context_256:ergt43_pair_185570021,0,af1566e7ec875f02f07c78e7db7fef7019ab25496596049c8c3a7498d190adf1,geodesic_action,4.0,256,False
context_256_hop_4,True,0,16301,context_256:ergt43_pair_185570021_cf0,0,4,full,1,native_ergt,12011,context_256:ergt43_pair_185570021,1,a2f6fe29d09801a88285a18a07146af7dba0a5cbac4a4664c9014888658b19b4,geodesic_action,4.0,256,False
context_256_hop_4,True,1,16301,context_256:ergt43_pair_185570002_cf1,0,4,full,0,native_ergt,12011,context_256:ergt43_pair_185570002,0,f350f837d05d66561b6037718de09fb3d40750bbdc5d2263db205e16db57b8da,boundary_deficit,4.0,256,False
context_256_hop_4,True,0,16301,context_256:ergt43_pair_185570002_cf0,0,4,full,1,native_ergt,12011,context_256:ergt43_pair_185570002,1,c280468c3913cca9a9fea0b3ed997dfd43ea6e25d7de37aa81ca1b6107d3a98a,boundary_deficit,4.0,256,False
context_256_hop_4,True,0,16301,context_256:ergt43_pair_185570003_cf0,0,4,full,1,native_ergt,12011,context_256:ergt43_pair_185570003,1,40802a00ffa33bec6b6d1841cc2bc3378c0d73b3cbfe1562572641e84c7adaf2,payload_transport,4.0,256,False
context_256_hop_4,True,1,16301,context_256:ergt43_pair_185570003_cf1,0,4,full,0,native_ergt,12011,context_256:ergt43_pair_185570003,0,2eab71d8a38413de970f7c068c37436e0173ec460095b302cf20ff325f4be65f,payload_transport,4.0,256,False
context_256_hop_4,True,0,16301,context_256:ergt43_pair_185570010_cf0,0,4,full,1,native_ergt,12011,context_256:ergt43_pair_185570010,1,d2632d36e03dfce0a41bc99c2374a69437a37de812ca57dc42ba3e8e7ee321eb,payload_transport,4.0,256,False
context_256_hop_4,True,1,16301,context_256:ergt43_pair_185570010_cf1,0,4,full,0,native_ergt,12011,context_256:ergt43_pair_185570010,0,bc672a1df5fdcba161838ea4ff5031ac373d0e736f612523d9db649bb6ecf755,payload_transport,4.0,256,False
context_256_hop_4,True,1,16301,context_256:ergt43_pair_185570015_cf1,0,4,full,0,native_ergt,12011,context_256:ergt43_pair_185570015,0,90601ef1a66c5b868307273befc53d9b1da2d385c8ff0a766c857bd6ff22bac9,finite_speed_cone,4.0,256,False
context_256_hop_4,True,0,16301,context_256:ergt43_pair_185570015_cf0,0,4,full,1,native_ergt,12011,context_256:ergt43_pair_185570015,1,736162c64564df3fcaf21978d73096d24318ab49e8efee89baea7fc82c6c6747,finite_speed_cone,4.0,256,False
context_256_hop_4,True,1,16301,context_256:ergt43_pair_185570017_cf1,0,4,full,0,native_ergt,12011,context_256:ergt43_pair_185570017,0,29f8d1889c22e064d2937293b397d4d601389fa91fe6ceb2bb643087a570014d,payload_transport,4.0,256,False
context_256_hop_4,True,0,16301,context_256:ergt43_pair_185570017_cf0,0,4,full,1,native_ergt,12011,context_256:ergt43_pair_185570017,1,7e106eff936d05859a2348df476699dd58c810df6ede999e241ec492f8420e4b,payload_transport,4.0,256,False
context_256_hop_4,True,1,16301,context_256:ergt43_pair_185570034_cf1,0,4,full,0,native_ergt,12011,context_256:ergt43_pair_185570034,0,675e18dfa9a5cfe7782821a167e2957b0d422fb529f4c28056bc89ca6a066174,combined_long_horizon,4.0,256,False
context_256_hop_4,True,0,16301,context_256:ergt43_pair_185570034_cf0,0,4,full,1,native_ergt,12011,context_256:ergt43_pair_185570034,1,5afe1c22cc5bd98943aa412e235caf14c25801a8c662f99f897b39dbb0c7f520,combined_long_horizon,4.0,256,False
context_256_hop_4,True,1,16301,context_256:ergt43_pair_185570007_cf1,0,4,full,0,native_ergt,12011,context_256:ergt43_pair_185570007,0,9a03ed44aafe91c759ce8148264582b3110d2ada89d4998805d31697a75159e6,geodesic_action,4.0,256,False
context_256_hop_4,True,0,16301,context_256:ergt43_pair_185570007_cf0,0,4,full,1,native_ergt,12011,context_256:ergt43_pair_185570007,1,9ce1bcdf826394a8c78f4d4130caf20fe27c9423384921b0a1c9862076c480de,geodesic_action,4.0,256,False
context_256_hop_4,True,1,16301,context_256:ergt43_pair_185570035_cf1,0,4,full,0,native_ergt,12011,context_256:ergt43_pair_185570035,0,c8ae4b9dbcee29d30cba8d370589ba6b60ce6322b13dee195019a8b35286693c,geodesic_action,4.0,256,False
context_256_hop_4,True,0,16301,context_256:ergt43_pair_185570035_cf0,0,4,full,1,native_ergt,12011,context_256:ergt43_pair_185570035,1,ba131740dcfa23768478913d7568b9a164eb923b01560fffb5cc6f515205418f,geodesic_action,4.0,256,False
context_256_hop_4,True,0,16301,context_256:ergt43_pair_185570038_cf0,0,4,full,1,native_ergt,12011,context_256:ergt43_pair_185570038,1,71fc68c332285943f63e8820dde01260f8afe48a6262396a0d9fb6acc5fe6be3,payload_transport,4.0,256,False
context_256_hop_4,True,1,16301,context_256:ergt43_pair_185570038_cf1,0,4,full,0,native_ergt,12011,context_256:ergt43_pair_185570038,0,2404a8b44d2ec5934dc76d5c9531b5c7ed397bf1946fb6c86ff0a5734950f52b,payload_transport,4.0,256,False
context_256_hop_4,True,0,16301,context_256:ergt43_pair_185570029_cf0,0,4,full,1,native_ergt,12011,context_256:ergt43_pair_185570029,1,7187079a75886b214afeda5974cd1aa8be2ce0200002aade3bc7312e6f6ba4c3,finite_speed_cone,4.0,256,False
context_256_hop_4,True,1,16301,context_256:ergt43_pair_185570029_cf1,0,4,full,0,native_ergt,12011,context_256:ergt43_pair_185570029,0,61cb2300a88f7d34366cc205e0fdaeb253ea71893de0d9f98d038e619090ede4,finite_speed_cone,4.0,256,False
context_256_hop_4,True,1,16301,context_256:ergt43_pair_185570033_cf1,0,4,full,0,native_ergt,12011,context_256:ergt43_pair_185570033,0,8458267e47792b9085db7af581d090a5240fd6e82792f9ee22bebec17740afef,memory_source_condition,4.0,256,False
context_256_hop_4,True,0,16301,context_256:ergt43_pair_185570033_cf0,0,4,full,1,native_ergt,12011,context_256:ergt43_pair_185570033,1,6a5b25d116b2b2265266908a72e5da0986014d33e48ac42c787c465fa057d929,memory_source_condition,4.0,256,False
context_256_hop_4,True,1,16301,context_256:ergt43_pair_185570008_cf1,0,4,full,0,native_ergt,12011,context_256:ergt43_pair_185570008,0,01a61ce5027479cd1666ba43832eedca9ec2bee434280cd0b7305a5d48acf46c,finite_speed_cone,4.0,256,False
context_256_hop_4,True,0,16301,context_256:ergt43_pair_185570008_cf0,0,4,full,1,native_ergt,12011,context_256:ergt43_pair_185570008,1,bf93afdac980a25854359d35aef8cd15219ed06a8fdcb95d094b0736186b9dc9,finite_speed_cone,4.0,256,False
context_256_hop_4,True,1,16301,context_256:ergt43_pair_185570032_cf1,0,4,full,0,native_ergt,12011,context_256:ergt43_pair_185570032,0,b0cceba383a727a4fbd87104367961038164f803e3cc0773cbef51946d49c34d,terminal_mass,4.0,256,False
context_256_hop_4,True,0,16301,context_256:ergt43_pair_185570032_cf0,0,4,full,1,native_ergt,12011,context_256:ergt43_pair_185570032,1,29e57da3f4bb183d58798743d9bbc5b9f9b4fb15f5cd4b2a9615d723b2417059,terminal_mass,4.0,256,False
context_256_hop_4,True,0,16301,context_256:ergt43_pair_185570039_cf0,,4,,1,direct_transformer,12011,context_256:ergt43_pair_185570039,1,1a0d378875eca7a35b2f52e3159eb08da545a4c5fdf9a65a0870c3e958cbf289,terminal_mass,,256,False
context_256_hop_4,True,1,16301,context_256:ergt43_pair_185570039_cf1,,4,,0,direct_transformer,12011,context_256:ergt43_pair_185570039,0,5072a610dce2fc101f37049f6a0963bba8d7d57e0d3acbe0cf34730617a37d73,terminal_mass,,256,False
context_256_hop_4,False,1,16301,context_256:ergt43_pair_185570006_cf1,,4,,0,direct_transformer,12011,context_256:ergt43_pair_185570006,1,c083efe4cb907a08adb96850ffa2a657d97b6fe79be7d62882f67ecfc0d20070,combined_long_horizon,,256,False
context_256_hop_4,True,0,16301,context_256:ergt43_pair_185570006_cf0,,4,,1,direct_transformer,12011,context_256:ergt43_pair_185570006,1,1da5c713f195417f39637ee96c34492882e1511caafb07ae450f958fc45d91b4,combined_long_horizon,,256,False
context_256_hop_4,True,0,16301,context_256:ergt43_pair_185570018_cf0,,4,,1,direct_transformer,12011,context_256:ergt43_pair_185570018,1,8f85111ebbc156906089b97957383468ca51250a5ac2e78a313043dd1ec1507d,terminal_mass,,256,False
context_256_hop_4,True,1,16301,context_256:ergt43_pair_185570018_cf1,,4,,0,direct_transformer,12011,context_256:ergt43_pair_185570018,0,ebd1909ccdc519a5c529f572d19d82f3bd74caf3bbc25966bb669ac2a751cb23,terminal_mass,,256,False
context_256_hop_4,False,0,16301,context_256:ergt43_pair_185570022_cf0,,4,,1,direct_transformer,12011,context_256:ergt43_pair_185570022,0,07a2f4120ac47730a430f8108a140d75ffa25afc499bad63e480f99ebe05e0a7,finite_speed_cone,,256,False
context_256_hop_4,True,1,16301,context_256:ergt43_pair_185570022_cf1,,4,,0,direct_transformer,12011,context_256:ergt43_pair_185570022,0,9a65928ffee4db9fa5cfcda4ef3e8005dd722e2c223c2e3dbe20cc313713380d,finite_speed_cone,,256,False
context_256_hop_4,True,1,16301,context_256:ergt43_pair_185570024_cf1,,4,,0,direct_transformer,12011,context_256:ergt43_pair_185570024,0,ade89d5a31f48ca095d6602809885d6ce002ae46ab4523e296474dd517fc2bd7,payload_transport,,256,False
context_256_hop_4,False,0,16301,context_256:ergt43_pair_185570024_cf0,,4,,1,direct_transformer,12011,context_256:ergt43_pair_185570024,0,5f1b72e5b68f4196b5a76e3522f188b0eb8314baa7208f61918358de63646c86,payload_transport,,256,False
context_256_hop_4,False,0,16301,context_256:ergt43_pair_185570000_cf0,,4,,1,direct_transformer,12011,context_256:ergt43_pair_185570000,0,a38387cedb39e442af9658a5c713b1e4c03d77483a268fbfdbfcc2e9ee730f70,geodesic_action,,256,False
context_256_hop_4,True,1,16301,context_256:ergt43_pair_185570000_cf1,,4,,0,direct_transformer,12011,context_256:ergt43_pair_185570000,0,6579479739142dc6270db4c7af6f8edfabe63c6a20c144a15d1a907902d0a3fe,geodesic_action,,256,False
context_256_hop_4,True,1,16301,context_256:ergt43_pair_185570021_cf1,,4,,0,direct_transformer,12011,context_256:ergt43_pair_185570021,0,af1566e7ec875f02f07c78e7db7fef7019ab25496596049c8c3a7498d190adf1,geodesic_action,,256,False
context_256_hop_4,False,0,16301,context_256:ergt43_pair_185570021_cf0,,4,,1,direct_transformer,12011,context_256:ergt43_pair_185570021,0,a2f6fe29d09801a88285a18a07146af7dba0a5cbac4a4664c9014888658b19b4,geodesic_action,,256,False
context_256_hop_4,True,1,16301,context_256:ergt43_pair_185570002_cf1,,4,,0,direct_transformer,12011,context_256:ergt43_pair_185570002,0,f350f837d05d66561b6037718de09fb3d40750bbdc5d2263db205e16db57b8da,boundary_deficit,,256,False
context_256_hop_4,False,0,16301,context_256:ergt43_pair_185570002_cf0,,4,,1,direct_transformer,12011,context_256:ergt43_pair_185570002,0,c280468c3913cca9a9fea0b3ed997dfd43ea6e25d7de37aa81ca1b6107d3a98a,boundary_deficit,,256,False
context_256_hop_4,True,0,16301,context_256:ergt43_pair_185570003_cf0,,4,,1,direct_transformer,12011,context_256:ergt43_pair_185570003,1,40802a00ffa33bec6b6d1841cc2bc3378c0d73b3cbfe1562572641e84c7adaf2,payload_transport,,256,False
context_256_hop_4,False,1,16301,context_256:ergt43_pair_185570003_cf1,,4,,0,direct_transformer,12011,context_256:ergt43_pair_185570003,1,2eab71d8a38413de970f7c068c37436e0173ec460095b302cf20ff325f4be65f,payload_transport,,256,False
context_256_hop_4,True,0,16301,context_256:ergt43_pair_185570010_cf0,,4,,1,direct_transformer,12011,context_256:ergt43_pair_185570010,1,d2632d36e03dfce0a41bc99c2374a69437a37de812ca57dc42ba3e8e7ee321eb,payload_transport,,256,False
context_256_hop_4,True,1,16301,context_256:ergt43_pair_185570010_cf1,,4,,0,direct_transformer,12011,context_256:ergt43_pair_185570010,0,bc672a1df5fdcba161838ea4ff5031ac373d0e736f612523d9db649bb6ecf755,payload_transport,,256,False
context_256_hop_4,True,1,16301,context_256:ergt43_pair_185570015_cf1,,4,,0,direct_transformer,12011,context_256:ergt43_pair_185570015,0,90601ef1a66c5b868307273befc53d9b1da2d385c8ff0a766c857bd6ff22bac9,finite_speed_cone,,256,False
context_256_hop_4,True,0,16301,context_256:ergt43_pair_185570015_cf0,,4,,1,direct_transformer,12011,context_256:ergt43_pair_185570015,1,736162c64564df3fcaf21978d73096d24318ab49e8efee89baea7fc82c6c6747,finite_speed_cone,,256,False
context_256_hop_4,False,1,16301,context_256:ergt43_pair_185570017_cf1,,4,,0,direct_transformer,12011,context_256:ergt43_pair_185570017,1,29f8d1889c22e064d2937293b397d4d601389fa91fe6ceb2bb643087a570014d,payload_transport,,256,False
context_256_hop_4,True,0,16301,context_256:ergt43_pair_185570017_cf0,,4,,1,direct_transformer,12011,context_256:ergt43_pair_185570017,1,7e106eff936d05859a2348df476699dd58c810df6ede999e241ec492f8420e4b,payload_transport,,256,False
context_256_hop_4,False,1,16301,context_256:ergt43_pair_185570034_cf1,,4,,0,direct_transformer,12011,context_256:ergt43_pair_185570034,1,675e18dfa9a5cfe7782821a167e2957b0d422fb529f4c28056bc89ca6a066174,combined_long_horizon,,256,False
context_256_hop_4,False,0,16301,context_256:ergt43_pair_185570034_cf0,,4,,1,direct_transformer,12011,context_256:ergt43_pair_185570034,0,5afe1c22cc5bd98943aa412e235caf14c25801a8c662f99f897b39dbb0c7f520,combined_long_horizon,,256,False
context_256_hop_4,False,1,16301,context_256:ergt43_pair_185570007_cf1,,4,,0,direct_transformer,12011,context_256:ergt43_pair_185570007,1,9a03ed44aafe91c759ce8148264582b3110d2ada89d4998805d31697a75159e6,geodesic_action,,256,False
context_256_hop_4,True,0,16301,context_256:ergt43_pair_185570007_cf0,,4,,1,direct_transformer,12011,context_256:ergt43_pair_185570007,1,9ce1bcdf826394a8c78f4d4130caf20fe27c9423384921b0a1c9862076c480de,geodesic_action,,256,False
context_256_hop_4,True,1,16301,context_256:ergt43_pair_185570035_cf1,,4,,0,direct_transformer,12011,context_256:ergt43_pair_185570035,0,c8ae4b9dbcee29d30cba8d370589ba6b60ce6322b13dee195019a8b35286693c,geodesic_action,,256,False
context_256_hop_4,True,0,16301,context_256:ergt43_pair_185570035_cf0,,4,,1,direct_transformer,12011,context_256:ergt43_pair_185570035,1,ba131740dcfa23768478913d7568b9a164eb923b01560fffb5cc6f515205418f,geodesic_action,,256,False
context_256_hop_4,False,0,16301,context_256:ergt43_pair_185570038_cf0,,4,,1,direct_transformer,12011,context_256:ergt43_pair_185570038,0,71fc68c332285943f63e8820dde01260f8afe48a6262396a0d9fb6acc5fe6be3,payload_transport,,256,False
context_256_hop_4,False,1,16301,context_256:ergt43_pair_185570038_cf1,,4,,0,direct_transformer,12011,context_256:ergt43_pair_185570038,1,2404a8b44d2ec5934dc76d5c9531b5c7ed397bf1946fb6c86ff0a5734950f52b,payload_transport,,256,False
context_256_hop_4,False,0,16301,context_256:ergt43_pair_185570029_cf0,,4,,1,direct_transformer,12011,context_256:ergt43_pair_185570029,0,7187079a75886b214afeda5974cd1aa8be2ce0200002aade3bc7312e6f6ba4c3,finite_speed_cone,,256,False
context_256_hop_4,True,1,16301,context_256:ergt43_pair_185570029_cf1,,4,,0,direct_transformer,12011,context_256:ergt43_pair_185570029,0,61cb2300a88f7d34366cc205e0fdaeb253ea71893de0d9f98d038e619090ede4,finite_speed_cone,,256,False
context_256_hop_4,False,1,16301,context_256:ergt43_pair_185570033_cf1,,4,,0,direct_transformer,12011,context_256:ergt43_pair_185570033,1,8458267e47792b9085db7af581d090a5240fd6e82792f9ee22bebec17740afef,memory_source_condition,,256,False
context_256_hop_4,True,0,16301,context_256:ergt43_pair_185570033_cf0,,4,,1,direct_transformer,12011,context_256:ergt43_pair_185570033,1,6a5b25d116b2b2265266908a72e5da0986014d33e48ac42c787c465fa057d929,memory_source_condition,,256,False
context_256_hop_4,True,1,16301,context_256:ergt43_pair_185570008_cf1,,4,,0,direct_transformer,12011,context_256:ergt43_pair_185570008,0,01a61ce5027479cd1666ba43832eedca9ec2bee434280cd0b7305a5d48acf46c,finite_speed_cone,,256,False
context_256_hop_4,False,0,16301,context_256:ergt43_pair_185570008_cf0,,4,,1,direct_transformer,12011,context_256:ergt43_pair_185570008,0,bf93afdac980a25854359d35aef8cd15219ed06a8fdcb95d094b0736186b9dc9,finite_speed_cone,,256,False
context_256_hop_4,True,1,16301,context_256:ergt43_pair_185570032_cf1,,4,,0,direct_transformer,12011,context_256:ergt43_pair_185570032,0,b0cceba383a727a4fbd87104367961038164f803e3cc0773cbef51946d49c34d,terminal_mass,,256,False
context_256_hop_4,False,0,16301,context_256:ergt43_pair_185570032_cf0,,4,,1,direct_transformer,12011,context_256:ergt43_pair_185570032,0,29e57da3f4bb183d58798743d9bbc5b9f9b4fb15f5cd4b2a9615d723b2417059,terminal_mass,,256,False
context_512_hop_4,False,1,16301,context_512:ergt43_pair_188130013_cf1,1,4,full,0,native_ergt,12011,context_512:ergt43_pair_188130013,2,798b3c60c09880bee722b57efdfbaa8d52cb26031a5b0d8b86806baeb9abd8df,combined_long_horizon,1000000.0,512,False
context_512_hop_4,False,0,16301,context_512:ergt43_pair_188130013_cf0,1,4,full,1,native_ergt,12011,context_512:ergt43_pair_188130013,2,0ccfbc0f770c74c6ba0c560cbf5de548f26a0b11aa0657dfdc74b79e775f2618,combined_long_horizon,1000000.0,512,False
context_512_hop_4,False,0,16301,context_512:ergt43_pair_188130019_cf0,1,4,full,1,native_ergt,12011,context_512:ergt43_pair_188130019,2,a23bf4eb34dd6497768160f5f10773bff0d84923bbc004a2541f2c7bbf637c77,memory_source_condition,1000000.0,512,False
context_512_hop_4,False,1,16301,context_512:ergt43_pair_188130019_cf1,1,4,full,0,native_ergt,12011,context_512:ergt43_pair_188130019,2,48dbf6ca5454f08245abe8df975c7f433b0538baeff7a5c1c9e57f494045c550,memory_source_condition,1000000.0,512,False
context_512_hop_4,True,0,16301,context_512:ergt43_pair_188130028_cf0,0,4,full,1,native_ergt,12011,context_512:ergt43_pair_188130028,1,8d14ffb26ab0dce9f3f6ee3895d6f8e444869d30ace27527721c502603c83281,geodesic_action,4.0,512,False
context_512_hop_4,True,1,16301,context_512:ergt43_pair_188130028_cf1,0,4,full,0,native_ergt,12011,context_512:ergt43_pair_188130028,0,34a6e0aa6c57a95c57d7da889814d4d02c3844d3c9e37aedb6062b6782e9347f,geodesic_action,4.0,512,False
context_512_hop_4,False,1,16301,context_512:ergt43_pair_188130018_cf1,1,4,full,0,native_ergt,12011,context_512:ergt43_pair_188130018,2,f575b3031f3a7a39843548bcfdd39182d2362f7cdd1682109166525facc76f95,terminal_mass,1000000.0,512,False
context_512_hop_4,False,0,16301,context_512:ergt43_pair_188130018_cf0,1,4,full,1,native_ergt,12011,context_512:ergt43_pair_188130018,2,6a2a1f374824c64e2f15ba7398b5accd1e5d568924a2deac10d188889fcca705,terminal_mass,1000000.0,512,False
context_512_hop_4,True,0,16301,context_512:ergt43_pair_188130022_cf0,0,4,full,1,native_ergt,12011,context_512:ergt43_pair_188130022,1,8b99c81c2578173f90b536786d07b05eaeb1868366d98b7b944e84c764fd664a,finite_speed_cone,4.0,512,False
context_512_hop_4,True,1,16301,context_512:ergt43_pair_188130022_cf1,0,4,full,0,native_ergt,12011,context_512:ergt43_pair_188130022,0,967d5b2369a16d45ed6db340a379258ead8b16a43052e85c5defdfbbcbbf4d9d,finite_speed_cone,4.0,512,False
context_512_hop_4,False,0,16301,context_512:ergt43_pair_188130021_cf0,1,4,full,1,native_ergt,12011,context_512:ergt43_pair_188130021,2,fef94ed5b05a4b1e92969ed9d89f29c871d19af62ca5ef020c3dd13230d0f949,geodesic_action,1000000.0,512,False
context_512_hop_4,False,1,16301,context_512:ergt43_pair_188130021_cf1,0,4,full,0,native_ergt,12011,context_512:ergt43_pair_188130021,1,0cc7cf74c15436b420331d3cabff7fcab7eccd9db80c0a2328046b5ffcae1e32,geodesic_action,12.0,512,False
context_512_hop_4,True,0,16301,context_512:ergt43_pair_188130035_cf0,0,4,full,1,native_ergt,12011,context_512:ergt43_pair_188130035,1,149a1768aa5335704bd5f72520abeeb9f5c5d2f4e1c756b6dab366941d139bcd,geodesic_action,4.0,512,False
context_512_hop_4,True,1,16301,context_512:ergt43_pair_188130035_cf1,0,4,full,0,native_ergt,12011,context_512:ergt43_pair_188130035,0,e9a2a1c20e3c0dc02214918d3bc9889f8e99f39923e58c233cfb64ae207cf259,geodesic_action,4.0,512,False
context_512_hop_4,True,1,16301,context_512:ergt43_pair_188130033_cf1,0,4,full,0,native_ergt,12011,context_512:ergt43_pair_188130033,0,c8eee0495b492562592c0091d08138bc939dd72c369ced60c4e182ea48fbdf9b,memory_source_condition,4.0,512,False
context_512_hop_4,True,0,16301,context_512:ergt43_pair_188130033_cf0,0,4,full,1,native_ergt,12011,context_512:ergt43_pair_188130033,1,0da8de76e915315501a3017b2013f9b0f556fe986a089cc427c16c92b96a571c,memory_source_condition,4.0,512,False
context_512_hop_4,True,0,16301,context_512:ergt43_pair_188130007_cf0,0,4,full,1,native_ergt,12011,context_512:ergt43_pair_188130007,1,dd9d96c8f15ee30071c9c3b0798efcba78f257516d46bb1b58aa586359096d14,geodesic_action,4.0,512,False
context_512_hop_4,True,1,16301,context_512:ergt43_pair_188130007_cf1,0,4,full,0,native_ergt,12011,context_512:ergt43_pair_188130007,0,0793ab999eeb33081e77d51d0c2271f77957bb5348b3db4adaacbf7c9b80b228,geodesic_action,4.0,512,False
context_512_hop_4,False,1,16301,context_512:ergt43_pair_188130014_cf1,1,4,full,0,native_ergt,12011,context_512:ergt43_pair_188130014,2,591f13acfe4424a36c57d5d2853d021449f03280744bea29cb8cffa6d296198e,geodesic_action,1000000.0,512,False
context_512_hop_4,False,0,16301,context_512:ergt43_pair_188130014_cf0,1,4,full,1,native_ergt,12011,context_512:ergt43_pair_188130014,2,ac0cd33f17ff9d7796ad21bb7eef82fbe574d821a4c6bd5c8badf5aae54e5721,geodesic_action,1000000.0,512,False
context_512_hop_4,True,0,16301,context_512:ergt43_pair_188130038_cf0,0,4,full,1,native_ergt,12011,context_512:ergt43_pair_188130038,1,971a23d933e9dc4f4f9d5df567d355eeb5c6c8236282f5084e9d2354e722500d,payload_transport,4.0,512,False
context_512_hop_4,False,1,16301,context_512:ergt43_pair_188130038_cf1,1,4,full,0,native_ergt,12011,context_512:ergt43_pair_188130038,2,1b2173bb20328f397d24e4a38fcebde105d513ca2ed5a79d39b623c51b46c0e8,payload_transport,1000000.0,512,False
context_512_hop_4,True,0,16301,context_512:ergt43_pair_188130016_cf0,0,4,full,1,native_ergt,12011,context_512:ergt43_pair_188130016,1,7dd98301741dc7ed9ac4f8ba6d2599422488bbcd684bdccd7e668cccb551d551,boundary_deficit,4.0,512,False
context_512_hop_4,True,1,16301,context_512:ergt43_pair_188130016_cf1,0,4,full,0,native_ergt,12011,context_512:ergt43_pair_188130016,0,7e61538c0e03ddd8476e5816d60336850d3eeae927b98e3bb30177d8e61e71c6,boundary_deficit,4.0,512,False
context_512_hop_4,False,1,16301,context_512:ergt43_pair_188130006_cf1,1,4,full,0,native_ergt,12011,context_512:ergt43_pair_188130006,2,6968fb0829b1608d4b6e0ce28749988b101b96d41f176cfa04b73335ccd4d46d,combined_long_horizon,1000000.0,512,False
context_512_hop_4,False,0,16301,context_512:ergt43_pair_188130006_cf0,1,4,full,1,native_ergt,12011,context_512:ergt43_pair_188130006,2,d9006475a5aae6dc7d4da95864cc640fc1c831b0b29bfc2598aa14dac1f1d626,combined_long_horizon,1000000.0,512,False
context_512_hop_4,False,0,16301,context_512:ergt43_pair_188130032_cf0,1,4,full,1,native_ergt,12011,context_512:ergt43_pair_188130032,2,48114e2c91e9e9185a01d4b83ba6692e7ede5d6002be7f6b7ba687349c0f6835,terminal_mass,1000000.0,512,False
context_512_hop_4,False,1,16301,context_512:ergt43_pair_188130032_cf1,1,4,full,0,native_ergt,12011,context_512:ergt43_pair_188130032,2,92ea5b31fd89798e8c34d3f39b391b4e7409e0934dcffd2ba3c1f96e171fd048,terminal_mass,1000000.0,512,False
context_512_hop_4,True,1,16301,context_512:ergt43_pair_188130037_cf1,0,4,full,0,native_ergt,12011,context_512:ergt43_pair_188130037,0,b643de75bfc94cbb5d0b102cf58de22e6b81fad5fff4b768aad7664caef5a8f7,boundary_deficit,4.0,512,False
context_512_hop_4,True,0,16301,context_512:ergt43_pair_188130037_cf0,0,4,full,1,native_ergt,12011,context_512:ergt43_pair_188130037,1,4a4f50441bba454dd66f33d0198946a4791bb031a88216802f694d5b807dd8e9,boundary_deficit,4.0,512,False
context_512_hop_4,False,1,16301,context_512:ergt43_pair_188130034_cf1,1,4,full,0,native_ergt,12011,context_512:ergt43_pair_188130034,2,21b17ec1c9a5a4f432d4bc6712b7d4ee42240a2648de319d4509a1a8a7a4f77c,combined_long_horizon,1000000.0,512,False
context_512_hop_4,False,0,16301,context_512:ergt43_pair_188130034_cf0,1,4,full,1,native_ergt,12011,context_512:ergt43_pair_188130034,2,e72387ea644b146b8a2f2849481d6f0bdb683b37db80239abd1ebd55922aad51,combined_long_horizon,1000000.0,512,False
context_512_hop_4,False,0,16301,context_512:ergt43_pair_188130025_cf0,1,4,full,1,native_ergt,12011,context_512:ergt43_pair_188130025,2,1af4185c30367fea427d474880a70a65d76c75243e5f1dad0f3729c4cadbdd61,terminal_mass,1000000.0,512,False
context_512_hop_4,False,1,16301,context_512:ergt43_pair_188130025_cf1,1,4,full,0,native_ergt,12011,context_512:ergt43_pair_188130025,2,3fd1feaf9eb362793c335494a7d329edcc2fbc13126865b3982d53b9f4dfa883,terminal_mass,1000000.0,512,False
context_512_hop_4,False,0,16301,context_512:ergt43_pair_188130008_cf0,1,4,full,1,native_ergt,12011,context_512:ergt43_pair_188130008,2,489bc34b7df37b281541f4ffd61ead42c58b58fd30b73095f41fc4d4dc5cbe1c,finite_speed_cone,1000000.0,512,False
context_512_hop_4,False,1,16301,context_512:ergt43_pair_188130008_cf1,1,4,full,0,native_ergt,12011,context_512:ergt43_pair_188130008,2,fa484cd7b674a1f33ff6b4f43fcb48c20f3b32da1b691f78bd76cd3b9c0936b5,finite_speed_cone,1000000.0,512,False
context_512_hop_4,True,1,16301,context_512:ergt43_pair_188130011_cf1,0,4,full,0,native_ergt,12011,context_512:ergt43_pair_188130011,0,3a6e634df9c60049d0b786097a4a1e1bd7d9316caa603d424dcdc364a347ed4f,terminal_mass,4.0,512,False
context_512_hop_4,False,0,16301,context_512:ergt43_pair_188130011_cf0,1,4,full,1,native_ergt,12011,context_512:ergt43_pair_188130011,2,b520fad46585297a6faf12f977607b16998aa402e5fad7b29d5857555f39c2be,terminal_mass,1000000.0,512,False
context_512_hop_4,True,0,16301,context_512:ergt43_pair_188130005_cf0,0,4,full,1,native_ergt,12011,context_512:ergt43_pair_188130005,1,251323a9eb8e6186c63c144bb41b723c4592bbdd98df0ba3983fa93271dae518,memory_source_condition,4.0,512,False
context_512_hop_4,True,1,16301,context_512:ergt43_pair_188130005_cf1,0,4,full,0,native_ergt,12011,context_512:ergt43_pair_188130005,0,e5906fe6181abdac28c1c007b2171c7b87a17da45631ff7cedc6c971ac24733d,memory_source_condition,4.0,512,False
context_512_hop_4,True,1,16301,context_512:ergt43_pair_188130013_cf1,,4,,0,direct_transformer,12011,context_512:ergt43_pair_188130013,0,798b3c60c09880bee722b57efdfbaa8d52cb26031a5b0d8b86806baeb9abd8df,combined_long_horizon,,512,False
context_512_hop_4,False,0,16301,context_512:ergt43_pair_188130013_cf0,,4,,1,direct_transformer,12011,context_512:ergt43_pair_188130013,0,0ccfbc0f770c74c6ba0c560cbf5de548f26a0b11aa0657dfdc74b79e775f2618,combined_long_horizon,,512,False
context_512_hop_4,True,0,16301,context_512:ergt43_pair_188130019_cf0,,4,,1,direct_transformer,12011,context_512:ergt43_pair_188130019,1,a23bf4eb34dd6497768160f5f10773bff0d84923bbc004a2541f2c7bbf637c77,memory_source_condition,,512,False
context_512_hop_4,False,1,16301,context_512:ergt43_pair_188130019_cf1,,4,,0,direct_transformer,12011,context_512:ergt43_pair_188130019,1,48dbf6ca5454f08245abe8df975c7f433b0538baeff7a5c1c9e57f494045c550,memory_source_condition,,512,False
context_512_hop_4,False,0,16301,context_512:ergt43_pair_188130028_cf0,,4,,1,direct_transformer,12011,context_512:ergt43_pair_188130028,0,8d14ffb26ab0dce9f3f6ee3895d6f8e444869d30ace27527721c502603c83281,geodesic_action,,512,False
context_512_hop_4,True,1,16301,context_512:ergt43_pair_188130028_cf1,,4,,0,direct_transformer,12011,context_512:ergt43_pair_188130028,0,34a6e0aa6c57a95c57d7da889814d4d02c3844d3c9e37aedb6062b6782e9347f,geodesic_action,,512,False
context_512_hop_4,True,1,16301,context_512:ergt43_pair_188130018_cf1,,4,,0,direct_transformer,12011,context_512:ergt43_pair_188130018,0,f575b3031f3a7a39843548bcfdd39182d2362f7cdd1682109166525facc76f95,terminal_mass,,512,False
context_512_hop_4,False,0,16301,context_512:ergt43_pair_188130018_cf0,,4,,1,direct_transformer,12011,context_512:ergt43_pair_188130018,0,6a2a1f374824c64e2f15ba7398b5accd1e5d568924a2deac10d188889fcca705,terminal_mass,,512,False
context_512_hop_4,True,0,16301,context_512:ergt43_pair_188130022_cf0,,4,,1,direct_transformer,12011,context_512:ergt43_pair_188130022,1,8b99c81c2578173f90b536786d07b05eaeb1868366d98b7b944e84c764fd664a,finite_speed_cone,,512,False
context_512_hop_4,False,1,16301,context_512:ergt43_pair_188130022_cf1,,4,,0,direct_transformer,12011,context_512:ergt43_pair_188130022,1,967d5b2369a16d45ed6db340a379258ead8b16a43052e85c5defdfbbcbbf4d9d,finite_speed_cone,,512,False
context_512_hop_4,False,0,16301,context_512:ergt43_pair_188130021_cf0,,4,,1,direct_transformer,12011,context_512:ergt43_pair_188130021,0,fef94ed5b05a4b1e92969ed9d89f29c871d19af62ca5ef020c3dd13230d0f949,geodesic_action,,512,False
context_512_hop_4,True,1,16301,context_512:ergt43_pair_188130021_cf1,,4,,0,direct_transformer,12011,context_512:ergt43_pair_188130021,0,0cc7cf74c15436b420331d3cabff7fcab7eccd9db80c0a2328046b5ffcae1e32,geodesic_action,,512,False
context_512_hop_4,True,0,16301,context_512:ergt43_pair_188130035_cf0,,4,,1,direct_transformer,12011,context_512:ergt43_pair_188130035,1,149a1768aa5335704bd5f72520abeeb9f5c5d2f4e1c756b6dab366941d139bcd,geodesic_action,,512,False
context_512_hop_4,False,1,16301,context_512:ergt43_pair_188130035_cf1,,4,,0,direct_transformer,12011,context_512:ergt43_pair_188130035,1,e9a2a1c20e3c0dc02214918d3bc9889f8e99f39923e58c233cfb64ae207cf259,geodesic_action,,512,False
context_512_hop_4,True,1,16301,context_512:ergt43_pair_188130033_cf1,,4,,0,direct_transformer,12011,context_512:ergt43_pair_188130033,0,c8eee0495b492562592c0091d08138bc939dd72c369ced60c4e182ea48fbdf9b,memory_source_condition,,512,False
context_512_hop_4,False,0,16301,context_512:ergt43_pair_188130033_cf0,,4,,1,direct_transformer,12011,context_512:ergt43_pair_188130033,0,0da8de76e915315501a3017b2013f9b0f556fe986a089cc427c16c92b96a571c,memory_source_condition,,512,False
context_512_hop_4,True,0,16301,context_512:ergt43_pair_188130007_cf0,,4,,1,direct_transformer,12011,context_512:ergt43_pair_188130007,1,dd9d96c8f15ee30071c9c3b0798efcba78f257516d46bb1b58aa586359096d14,geodesic_action,,512,False
context_512_hop_4,False,1,16301,context_512:ergt43_pair_188130007_cf1,,4,,0,direct_transformer,12011,context_512:ergt43_pair_188130007,1,0793ab999eeb33081e77d51d0c2271f77957bb5348b3db4adaacbf7c9b80b228,geodesic_action,,512,False
context_512_hop_4,True,1,16301,context_512:ergt43_pair_188130014_cf1,,4,,0,direct_transformer,12011,context_512:ergt43_pair_188130014,0,591f13acfe4424a36c57d5d2853d021449f03280744bea29cb8cffa6d296198e,geodesic_action,,512,False
context_512_hop_4,False,0,16301,context_512:ergt43_pair_188130014_cf0,,4,,1,direct_transformer,12011,context_512:ergt43_pair_188130014,0,ac0cd33f17ff9d7796ad21bb7eef82fbe574d821a4c6bd5c8badf5aae54e5721,geodesic_action,,512,False
context_512_hop_4,False,0,16301,context_512:ergt43_pair_188130038_cf0,,4,,1,direct_transformer,12011,context_512:ergt43_pair_188130038,0,971a23d933e9dc4f4f9d5df567d355eeb5c6c8236282f5084e9d2354e722500d,payload_transport,,512,False
context_512_hop_4,True,1,16301,context_512:ergt43_pair_188130038_cf1,,4,,0,direct_transformer,12011,context_512:ergt43_pair_188130038,0,1b2173bb20328f397d24e4a38fcebde105d513ca2ed5a79d39b623c51b46c0e8,payload_transport,,512,False
context_512_hop_4,True,0,16301,context_512:ergt43_pair_188130016_cf0,,4,,1,direct_transformer,12011,context_512:ergt43_pair_188130016,1,7dd98301741dc7ed9ac4f8ba6d2599422488bbcd684bdccd7e668cccb551d551,boundary_deficit,,512,False
context_512_hop_4,False,1,16301,context_512:ergt43_pair_188130016_cf1,,4,,0,direct_transformer,12011,context_512:ergt43_pair_188130016,1,7e61538c0e03ddd8476e5816d60336850d3eeae927b98e3bb30177d8e61e71c6,boundary_deficit,,512,False
context_512_hop_4,False,1,16301,context_512:ergt43_pair_188130006_cf1,,4,,0,direct_transformer,12011,context_512:ergt43_pair_188130006,1,6968fb0829b1608d4b6e0ce28749988b101b96d41f176cfa04b73335ccd4d46d,combined_long_horizon,,512,False
context_512_hop_4,True,0,16301,context_512:ergt43_pair_188130006_cf0,,4,,1,direct_transformer,12011,context_512:ergt43_pair_188130006,1,d9006475a5aae6dc7d4da95864cc640fc1c831b0b29bfc2598aa14dac1f1d626,combined_long_horizon,,512,False
context_512_hop_4,False,0,16301,context_512:ergt43_pair_188130032_cf0,,4,,1,direct_transformer,12011,context_512:ergt43_pair_188130032,0,48114e2c91e9e9185a01d4b83ba6692e7ede5d6002be7f6b7ba687349c0f6835,terminal_mass,,512,False
context_512_hop_4,True,1,16301,context_512:ergt43_pair_188130032_cf1,,4,,0,direct_transformer,12011,context_512:ergt43_pair_188130032,0,92ea5b31fd89798e8c34d3f39b391b4e7409e0934dcffd2ba3c1f96e171fd048,terminal_mass,,512,False
context_512_hop_4,True,1,16301,context_512:ergt43_pair_188130037_cf1,,4,,0,direct_transformer,12011,context_512:ergt43_pair_188130037,0,b643de75bfc94cbb5d0b102cf58de22e6b81fad5fff4b768aad7664caef5a8f7,boundary_deficit,,512,False
context_512_hop_4,True,0,16301,context_512:ergt43_pair_188130037_cf0,,4,,1,direct_transformer,12011,context_512:ergt43_pair_188130037,1,4a4f50441bba454dd66f33d0198946a4791bb031a88216802f694d5b807dd8e9,boundary_deficit,,512,False
context_512_hop_4,True,1,16301,context_512:ergt43_pair_188130034_cf1,,4,,0,direct_transformer,12011,context_512:ergt43_pair_188130034,0,21b17ec1c9a5a4f432d4bc6712b7d4ee42240a2648de319d4509a1a8a7a4f77c,combined_long_horizon,,512,False
context_512_hop_4,False,0,16301,context_512:ergt43_pair_188130034_cf0,,4,,1,direct_transformer,12011,context_512:ergt43_pair_188130034,0,e72387ea644b146b8a2f2849481d6f0bdb683b37db80239abd1ebd55922aad51,combined_long_horizon,,512,False
context_512_hop_4,False,0,16301,context_512:ergt43_pair_188130025_cf0,,4,,1,direct_transformer,12011,context_512:ergt43_pair_188130025,0,1af4185c30367fea427d474880a70a65d76c75243e5f1dad0f3729c4cadbdd61,terminal_mass,,512,False
context_512_hop_4,True,1,16301,context_512:ergt43_pair_188130025_cf1,,4,,0,direct_transformer,12011,context_512:ergt43_pair_188130025,0,3fd1feaf9eb362793c335494a7d329edcc2fbc13126865b3982d53b9f4dfa883,terminal_mass,,512,False
context_512_hop_4,True,0,16301,context_512:ergt43_pair_188130008_cf0,,4,,1,direct_transformer,12011,context_512:ergt43_pair_188130008,1,489bc34b7df37b281541f4ffd61ead42c58b58fd30b73095f41fc4d4dc5cbe1c,finite_speed_cone,,512,False
context_512_hop_4,False,1,16301,context_512:ergt43_pair_188130008_cf1,,4,,0,direct_transformer,12011,context_512:ergt43_pair_188130008,1,fa484cd7b674a1f33ff6b4f43fcb48c20f3b32da1b691f78bd76cd3b9c0936b5,finite_speed_cone,,512,False
context_512_hop_4,True,1,16301,context_512:ergt43_pair_188130011_cf1,,4,,0,direct_transformer,12011,context_512:ergt43_pair_188130011,0,3a6e634df9c60049d0b786097a4a1e1bd7d9316caa603d424dcdc364a347ed4f,terminal_mass,,512,False
context_512_hop_4,False,0,16301,context_512:ergt43_pair_188130011_cf0,,4,,1,direct_transformer,12011,context_512:ergt43_pair_188130011,0,b520fad46585297a6faf12f977607b16998aa402e5fad7b29d5857555f39c2be,terminal_mass,,512,False
context_512_hop_4,True,0,16301,context_512:ergt43_pair_188130005_cf0,,4,,1,direct_transformer,12011,context_512:ergt43_pair_188130005,1,251323a9eb8e6186c63c144bb41b723c4592bbdd98df0ba3983fa93271dae518,memory_source_condition,,512,False
context_512_hop_4,False,1,16301,context_512:ergt43_pair_188130005_cf1,,4,,0,direct_transformer,12011,context_512:ergt43_pair_188130005,1,e5906fe6181abdac28c1c007b2171c7b87a17da45631ff7cedc6c971ac24733d,memory_source_condition,,512,False
context_768_hop_4,False,1,16301,context_768:ergt43_pair_190690026_cf1,1,4,full,0,native_ergt,12011,context_768:ergt43_pair_190690026,2,fd512f0a2dbf9017177998d52b8844633116bf5a3fcea5ac195c723dc723a933,memory_source_condition,1000000.0,768,False
context_768_hop_4,True,0,16301,context_768:ergt43_pair_190690026_cf0,0,4,full,1,native_ergt,12011,context_768:ergt43_pair_190690026,1,acb55cbc4a31142e091b18ce06537384675b6627d0c17f3c7491c90af29db14e,memory_source_condition,4.0,768,False
context_768_hop_4,True,1,16301,context_768:ergt43_pair_190690017_cf1,0,4,full,0,native_ergt,12011,context_768:ergt43_pair_190690017,0,e7aabe7f6bb1913e3b487f4d99f9cfb6d54d6ad375b3dd2a01565deb7802ebe1,payload_transport,4.0,768,False
context_768_hop_4,True,0,16301,context_768:ergt43_pair_190690017_cf0,0,4,full,1,native_ergt,12011,context_768:ergt43_pair_190690017,1,480ba1ff2c749e156528100bd6022d7472ce614755d231a25b5ce972dafb4051,payload_transport,4.0,768,False
context_768_hop_4,True,0,16301,context_768:ergt43_pair_190690019_cf0,0,4,full,1,native_ergt,12011,context_768:ergt43_pair_190690019,1,70f2db188c6feb1af19e8aa909e6aa793ba58a25406feb04d564b4776d7b3f85,memory_source_condition,4.0,768,False
context_768_hop_4,True,1,16301,context_768:ergt43_pair_190690019_cf1,0,4,full,0,native_ergt,12011,context_768:ergt43_pair_190690019,0,54e2c3dc3f7b09c96de9f6ba145e9a824121ae9dfdcb4d8cd3b9bcc99c8846a6,memory_source_condition,4.0,768,False
context_768_hop_4,True,1,16301,context_768:ergt43_pair_190690013_cf1,0,4,full,0,native_ergt,12011,context_768:ergt43_pair_190690013,0,03298ca630b4dd1f9ec95ecd9d90341d9dc36712aff94b10feded459f1fa02f9,combined_long_horizon,4.0,768,False
context_768_hop_4,False,0,16301,context_768:ergt43_pair_190690013_cf0,1,4,full,1,native_ergt,12011,context_768:ergt43_pair_190690013,2,98318a0e288bfba60b100dfa94c5587b8098b52f8ec2b4a9244b50a6859c2cda,combined_long_horizon,1000000.0,768,False
context_768_hop_4,True,1,16301,context_768:ergt43_pair_190690027_cf1,0,4,full,0,native_ergt,12011,context_768:ergt43_pair_190690027,0,bd44e548cda121e659c7f988c19c3ca41ca09b4d0eb2e17a9188823c7ed7ef7b,combined_long_horizon,4.0,768,False
context_768_hop_4,True,0,16301,context_768:ergt43_pair_190690027_cf0,0,4,full,1,native_ergt,12011,context_768:ergt43_pair_190690027,1,566a0d9cbe1ad5381c17050fe1f520a738d02db71746d99eaf4b4943b24d1ee9,combined_long_horizon,4.0,768,False
context_768_hop_4,False,0,16301,context_768:ergt43_pair_190690001_cf0,1,4,full,1,native_ergt,12011,context_768:ergt43_pair_190690001,2,14ebba1ffd4ba4edd00e1d11c74cfdde70fd93d4a904c21200cd8d08795a45f3,finite_speed_cone,1000000.0,768,False
context_768_hop_4,True,1,16301,context_768:ergt43_pair_190690001_cf1,0,4,full,0,native_ergt,12011,context_768:ergt43_pair_190690001,0,98569a68856efbeb85df8a1a4e61a62cf0e16a4a594d4d8d00bad7037db6e1e5,finite_speed_cone,4.0,768,False
context_768_hop_4,True,1,16301,context_768:ergt43_pair_190690008_cf1,0,4,full,0,native_ergt,12011,context_768:ergt43_pair_190690008,0,9f25a65a47bf2a40e14b332291e93f40df9fbb3a9bb8d381be3c97d2819e4049,finite_speed_cone,4.0,768,False
context_768_hop_4,True,0,16301,context_768:ergt43_pair_190690008_cf0,0,4,full,1,native_ergt,12011,context_768:ergt43_pair_190690008,1,087d30298c176cb50460f01c5f4ae1cd74663f334b0f91247b8eaf029f58dcda,finite_speed_cone,4.0,768,False
context_768_hop_4,True,0,16301,context_768:ergt43_pair_190690002_cf0,0,4,full,1,native_ergt,12011,context_768:ergt43_pair_190690002,1,e3eb914c77f1b62ad70c73706b14eac92ab143a870d97db3c5bcd69c989f0830,boundary_deficit,4.0,768,False
context_768_hop_4,True,1,16301,context_768:ergt43_pair_190690002_cf1,0,4,full,0,native_ergt,12011,context_768:ergt43_pair_190690002,0,71bfe0b963779728f05913e1eb8d5021ce67b36e5d5b7258cfb9ca10604b8290,boundary_deficit,4.0,768,False
context_768_hop_4,False,0,16301,context_768:ergt43_pair_190690007_cf0,1,4,full,1,native_ergt,12011,context_768:ergt43_pair_190690007,2,c5f6705a138e457649770e056b300b86de897e0d2c97e0ee36260931fbed52ec,geodesic_action,1000000.0,768,False
context_768_hop_4,False,1,16301,context_768:ergt43_pair_190690007_cf1,0,4,full,0,native_ergt,12011,context_768:ergt43_pair_190690007,1,f13683adf506a076402353790b03e90a5036a12b92d340d0fe2afc2fa0193513,geodesic_action,12.0,768,False
context_768_hop_4,True,0,16301,context_768:ergt43_pair_190690035_cf0,0,4,full,1,native_ergt,12011,context_768:ergt43_pair_190690035,1,35dd2c910d64eb53c16a98b231e08c589e792b733c023ecc6e66e80652713b82,geodesic_action,4.0,768,False
context_768_hop_4,True,1,16301,context_768:ergt43_pair_190690035_cf1,0,4,full,0,native_ergt,12011,context_768:ergt43_pair_190690035,0,d191ea0fc1094d9ed7c9b98a89021895e177a7b8665d90e036fc04b37447018b,geodesic_action,4.0,768,False
context_768_hop_4,True,0,16301,context_768:ergt43_pair_190690012_cf0,0,4,full,1,native_ergt,12011,context_768:ergt43_pair_190690012,1,725ee58ffe8b245c41141fc4f17f06f46cce5f6e9a24459e152123d2a7b4e1e5,memory_source_condition,4.0,768,False
context_768_hop_4,True,1,16301,context_768:ergt43_pair_190690012_cf1,0,4,full,0,native_ergt,12011,context_768:ergt43_pair_190690012,0,115ab4b4b5b7813eec6349e04ae6f0c4cb8a92da72d58861bfeb780e08031f55,memory_source_condition,4.0,768,False
context_768_hop_4,True,1,16301,context_768:ergt43_pair_190690018_cf1,0,4,full,0,native_ergt,12011,context_768:ergt43_pair_190690018,0,4e8796ebe31a97e641e0c24e16d5f9686014b7b153c7044ba2e22a5bfe3e4eff,terminal_mass,4.0,768,False
context_768_hop_4,False,0,16301,context_768:ergt43_pair_190690018_cf0,1,4,full,1,native_ergt,12011,context_768:ergt43_pair_190690018,2,863793c7de7b7b46ef070eb3822b4523e452c32a15dfec6bf15a9715da3da7a5,terminal_mass,1000000.0,768,False
context_768_hop_4,False,1,16301,context_768:ergt43_pair_190690034_cf1,1,4,full,0,native_ergt,12011,context_768:ergt43_pair_190690034,2,3a77687bee8b55a92c9e1d720b4df975e2ec28c1049b1ba27198e78728d546c3,combined_long_horizon,1000000.0,768,False
context_768_hop_4,True,0,16301,context_768:ergt43_pair_190690034_cf0,0,4,full,1,native_ergt,12011,context_768:ergt43_pair_190690034,1,453d138b07e1ca7f739058f7ed45b271d5d4533c35d65ca10d6aa82be6b3629c,combined_long_horizon,4.0,768,False
context_768_hop_4,False,0,16301,context_768:ergt43_pair_190690032_cf0,1,4,full,1,native_ergt,12011,context_768:ergt43_pair_190690032,2,c6102a19b7a460fe9c76207b923570962f262ad399755ebcf1fbb4e447266cbb,terminal_mass,1000000.0,768,False
context_768_hop_4,True,1,16301,context_768:ergt43_pair_190690032_cf1,0,4,full,0,native_ergt,12011,context_768:ergt43_pair_190690032,0,c4d20b77dc8df25a9b32283b9db3581f3b140d955d93ee13abf3eb7e8d4f7f14,terminal_mass,4.0,768,False
context_768_hop_4,True,1,16301,context_768:ergt43_pair_190690024_cf1,0,4,full,0,native_ergt,12011,context_768:ergt43_pair_190690024,0,76a27c42893b39a968e21415b2f77eb5893ab8cb158dc9a42d1bf3766be42146,payload_transport,4.0,768,False
context_768_hop_4,True,0,16301,context_768:ergt43_pair_190690024_cf0,0,4,full,1,native_ergt,12011,context_768:ergt43_pair_190690024,1,43453f9cd86c57e44f119bb2b22b5ba13c0ea25fbc7d89ec99d5dc3a3d6f073e,payload_transport,4.0,768,False
context_768_hop_4,True,0,16301,context_768:ergt43_pair_190690023_cf0,0,4,full,1,native_ergt,12011,context_768:ergt43_pair_190690023,1,17ef3a1010674ee17dfaa388fdb15827a10ca1bc809e791da80d81ac49172b15,boundary_deficit,4.0,768,False
context_768_hop_4,True,1,16301,context_768:ergt43_pair_190690023_cf1,0,4,full,0,native_ergt,12011,context_768:ergt43_pair_190690023,0,82dee114b9aa85aec46e4c85eb09dc28a73d37c5cd52c09afd928b30f52cf66c,boundary_deficit,4.0,768,False
context_768_hop_4,False,0,16301,context_768:ergt43_pair_190690004_cf0,1,4,full,1,native_ergt,12011,context_768:ergt43_pair_190690004,2,44a3c5e675588081fcaa70d80f59e9887c5e90ba8ec4bab3cdb0e693ec5e980a,terminal_mass,1000000.0,768,False
context_768_hop_4,False,1,16301,context_768:ergt43_pair_190690004_cf1,1,4,full,0,native_ergt,12011,context_768:ergt43_pair_190690004,2,eb0a48373469fe3d32000304a8f1f0aef30155a9cacd2f1812f98ca41ccbd44a,terminal_mass,1000000.0,768,False
context_768_hop_4,True,0,16301,context_768:ergt43_pair_190690006_cf0,0,4,full,1,native_ergt,12011,context_768:ergt43_pair_190690006,1,5fbe4b8af3a2419539bbbf38150acedc97f5bd90f54e880f7d407b43432aa141,combined_long_horizon,4.0,768,False
context_768_hop_4,False,1,16301,context_768:ergt43_pair_190690006_cf1,1,4,full,0,native_ergt,12011,context_768:ergt43_pair_190690006,2,5cfdf3a8365bcf12fcca8c572c6b5bbe1f799c4b1de57f7cb2b5363e566ee3aa,combined_long_horizon,1000000.0,768,False
context_768_hop_4,True,1,16301,context_768:ergt43_pair_190690033_cf1,0,4,full,0,native_ergt,12011,context_768:ergt43_pair_190690033,0,39283567dcc24872e32b45e9b1d970409139127d76ac9eeeff17e299114a213d,memory_source_condition,4.0,768,False
context_768_hop_4,False,0,16301,context_768:ergt43_pair_190690033_cf0,1,4,full,1,native_ergt,12011,context_768:ergt43_pair_190690033,2,1c2b58f3fced1d0d80f2b480af28fc7cb355f9f828416dadedfd69a7fe61b02a,memory_source_condition,1000000.0,768,False
context_768_hop_4,True,1,16301,context_768:ergt43_pair_190690005_cf1,0,4,full,0,native_ergt,12011,context_768:ergt43_pair_190690005,0,2376464d7fd3c6fe90dc92c3503b196aa762d761c8757a8d33370463e9efdae5,memory_source_condition,4.0,768,False
context_768_hop_4,False,0,16301,context_768:ergt43_pair_190690005_cf0,1,4,full,1,native_ergt,12011,context_768:ergt43_pair_190690005,2,e5547d045d00de575ce96b9a6f4ee5a9a06232966a77a3ecf922291f496dcb0d,memory_source_condition,1000000.0,768,False
context_768_hop_4,False,1,16301,context_768:ergt43_pair_190690026_cf1,,4,,0,direct_transformer,12011,context_768:ergt43_pair_190690026,1,fd512f0a2dbf9017177998d52b8844633116bf5a3fcea5ac195c723dc723a933,memory_source_condition,,768,False
context_768_hop_4,True,0,16301,context_768:ergt43_pair_190690026_cf0,,4,,1,direct_transformer,12011,context_768:ergt43_pair_190690026,1,acb55cbc4a31142e091b18ce06537384675b6627d0c17f3c7491c90af29db14e,memory_source_condition,,768,False
context_768_hop_4,True,1,16301,context_768:ergt43_pair_190690017_cf1,,4,,0,direct_transformer,12011,context_768:ergt43_pair_190690017,0,e7aabe7f6bb1913e3b487f4d99f9cfb6d54d6ad375b3dd2a01565deb7802ebe1,payload_transport,,768,False
context_768_hop_4,False,0,16301,context_768:ergt43_pair_190690017_cf0,,4,,1,direct_transformer,12011,context_768:ergt43_pair_190690017,0,480ba1ff2c749e156528100bd6022d7472ce614755d231a25b5ce972dafb4051,payload_transport,,768,False
context_768_hop_4,True,0,16301,context_768:ergt43_pair_190690019_cf0,,4,,1,direct_transformer,12011,context_768:ergt43_pair_190690019,1,70f2db188c6feb1af19e8aa909e6aa793ba58a25406feb04d564b4776d7b3f85,memory_source_condition,,768,False
context_768_hop_4,True,1,16301,context_768:ergt43_pair_190690019_cf1,,4,,0,direct_transformer,12011,context_768:ergt43_pair_190690019,0,54e2c3dc3f7b09c96de9f6ba145e9a824121ae9dfdcb4d8cd3b9bcc99c8846a6,memory_source_condition,,768,False
context_768_hop_4,False,1,16301,context_768:ergt43_pair_190690013_cf1,,4,,0,direct_transformer,12011,context_768:ergt43_pair_190690013,1,03298ca630b4dd1f9ec95ecd9d90341d9dc36712aff94b10feded459f1fa02f9,combined_long_horizon,,768,False
context_768_hop_4,True,0,16301,context_768:ergt43_pair_190690013_cf0,,4,,1,direct_transformer,12011,context_768:ergt43_pair_190690013,1,98318a0e288bfba60b100dfa94c5587b8098b52f8ec2b4a9244b50a6859c2cda,combined_long_horizon,,768,False
context_768_hop_4,True,1,16301,context_768:ergt43_pair_190690027_cf1,,4,,0,direct_transformer,12011,context_768:ergt43_pair_190690027,0,bd44e548cda121e659c7f988c19c3ca41ca09b4d0eb2e17a9188823c7ed7ef7b,combined_long_horizon,,768,False
context_768_hop_4,False,0,16301,context_768:ergt43_pair_190690027_cf0,,4,,1,direct_transformer,12011,context_768:ergt43_pair_190690027,0,566a0d9cbe1ad5381c17050fe1f520a738d02db71746d99eaf4b4943b24d1ee9,combined_long_horizon,,768,False
context_768_hop_4,False,0,16301,context_768:ergt43_pair_190690001_cf0,,4,,1,direct_transformer,12011,context_768:ergt43_pair_190690001,0,14ebba1ffd4ba4edd00e1d11c74cfdde70fd93d4a904c21200cd8d08795a45f3,finite_speed_cone,,768,False
context_768_hop_4,True,1,16301,context_768:ergt43_pair_190690001_cf1,,4,,0,direct_transformer,12011,context_768:ergt43_pair_190690001,0,98569a68856efbeb85df8a1a4e61a62cf0e16a4a594d4d8d00bad7037db6e1e5,finite_speed_cone,,768,False
context_768_hop_4,True,1,16301,context_768:ergt43_pair_190690008_cf1,,4,,0,direct_transformer,12011,context_768:ergt43_pair_190690008,0,9f25a65a47bf2a40e14b332291e93f40df9fbb3a9bb8d381be3c97d2819e4049,finite_speed_cone,,768,False
context_768_hop_4,False,0,16301,context_768:ergt43_pair_190690008_cf0,,4,,1,direct_transformer,12011,context_768:ergt43_pair_190690008,0,087d30298c176cb50460f01c5f4ae1cd74663f334b0f91247b8eaf029f58dcda,finite_speed_cone,,768,False
context_768_hop_4,False,0,16301,context_768:ergt43_pair_190690002_cf0,,4,,1,direct_transformer,12011,context_768:ergt43_pair_190690002,0,e3eb914c77f1b62ad70c73706b14eac92ab143a870d97db3c5bcd69c989f0830,boundary_deficit,,768,False
context_768_hop_4,True,1,16301,context_768:ergt43_pair_190690002_cf1,,4,,0,direct_transformer,12011,context_768:ergt43_pair_190690002,0,71bfe0b963779728f05913e1eb8d5021ce67b36e5d5b7258cfb9ca10604b8290,boundary_deficit,,768,False
context_768_hop_4,True,0,16301,context_768:ergt43_pair_190690007_cf0,,4,,1,direct_transformer,12011,context_768:ergt43_pair_190690007,1,c5f6705a138e457649770e056b300b86de897e0d2c97e0ee36260931fbed52ec,geodesic_action,,768,False
context_768_hop_4,False,1,16301,context_768:ergt43_pair_190690007_cf1,,4,,0,direct_transformer,12011,context_768:ergt43_pair_190690007,1,f13683adf506a076402353790b03e90a5036a12b92d340d0fe2afc2fa0193513,geodesic_action,,768,False
context_768_hop_4,True,0,16301,context_768:ergt43_pair_190690035_cf0,,4,,1,direct_transformer,12011,context_768:ergt43_pair_190690035,1,35dd2c910d64eb53c16a98b231e08c589e792b733c023ecc6e66e80652713b82,geodesic_action,,768,False
context_768_hop_4,False,1,16301,context_768:ergt43_pair_190690035_cf1,,4,,0,direct_transformer,12011,context_768:ergt43_pair_190690035,1,d191ea0fc1094d9ed7c9b98a89021895e177a7b8665d90e036fc04b37447018b,geodesic_action,,768,False
context_768_hop_4,False,0,16301,context_768:ergt43_pair_190690012_cf0,,4,,1,direct_transformer,12011,context_768:ergt43_pair_190690012,0,725ee58ffe8b245c41141fc4f17f06f46cce5f6e9a24459e152123d2a7b4e1e5,memory_source_condition,,768,False
context_768_hop_4,True,1,16301,context_768:ergt43_pair_190690012_cf1,,4,,0,direct_transformer,12011,context_768:ergt43_pair_190690012,0,115ab4b4b5b7813eec6349e04ae6f0c4cb8a92da72d58861bfeb780e08031f55,memory_source_condition,,768,False
context_768_hop_4,False,1,16301,context_768:ergt43_pair_190690018_cf1,,4,,0,direct_transformer,12011,context_768:ergt43_pair_190690018,1,4e8796ebe31a97e641e0c24e16d5f9686014b7b153c7044ba2e22a5bfe3e4eff,terminal_mass,,768,False
context_768_hop_4,True,0,16301,context_768:ergt43_pair_190690018_cf0,,4,,1,direct_transformer,12011,context_768:ergt43_pair_190690018,1,863793c7de7b7b46ef070eb3822b4523e452c32a15dfec6bf15a9715da3da7a5,terminal_mass,,768,False
context_768_hop_4,False,1,16301,context_768:ergt43_pair_190690034_cf1,,4,,0,direct_transformer,12011,context_768:ergt43_pair_190690034,1,3a77687bee8b55a92c9e1d720b4df975e2ec28c1049b1ba27198e78728d546c3,combined_long_horizon,,768,False
context_768_hop_4,True,0,16301,context_768:ergt43_pair_190690034_cf0,,4,,1,direct_transformer,12011,context_768:ergt43_pair_190690034,1,453d138b07e1ca7f739058f7ed45b271d5d4533c35d65ca10d6aa82be6b3629c,combined_long_horizon,,768,False
context_768_hop_4,True,0,16301,context_768:ergt43_pair_190690032_cf0,,4,,1,direct_transformer,12011,context_768:ergt43_pair_190690032,1,c6102a19b7a460fe9c76207b923570962f262ad399755ebcf1fbb4e447266cbb,terminal_mass,,768,False
context_768_hop_4,False,1,16301,context_768:ergt43_pair_190690032_cf1,,4,,0,direct_transformer,12011,context_768:ergt43_pair_190690032,1,c4d20b77dc8df25a9b32283b9db3581f3b140d955d93ee13abf3eb7e8d4f7f14,terminal_mass,,768,False
context_768_hop_4,True,1,16301,context_768:ergt43_pair_190690024_cf1,,4,,0,direct_transformer,12011,context_768:ergt43_pair_190690024,0,76a27c42893b39a968e21415b2f77eb5893ab8cb158dc9a42d1bf3766be42146,payload_transport,,768,False
context_768_hop_4,False,0,16301,context_768:ergt43_pair_190690024_cf0,,4,,1,direct_transformer,12011,context_768:ergt43_pair_190690024,0,43453f9cd86c57e44f119bb2b22b5ba13c0ea25fbc7d89ec99d5dc3a3d6f073e,payload_transport,,768,False
context_768_hop_4,True,0,16301,context_768:ergt43_pair_190690023_cf0,,4,,1,direct_transformer,12011,context_768:ergt43_pair_190690023,1,17ef3a1010674ee17dfaa388fdb15827a10ca1bc809e791da80d81ac49172b15,boundary_deficit,,768,False
context_768_hop_4,False,1,16301,context_768:ergt43_pair_190690023_cf1,,4,,0,direct_transformer,12011,context_768:ergt43_pair_190690023,1,82dee114b9aa85aec46e4c85eb09dc28a73d37c5cd52c09afd928b30f52cf66c,boundary_deficit,,768,False
context_768_hop_4,False,0,16301,context_768:ergt43_pair_190690004_cf0,,4,,1,direct_transformer,12011,context_768:ergt43_pair_190690004,0,44a3c5e675588081fcaa70d80f59e9887c5e90ba8ec4bab3cdb0e693ec5e980a,terminal_mass,,768,False
context_768_hop_4,True,1,16301,context_768:ergt43_pair_190690004_cf1,,4,,0,direct_transformer,12011,context_768:ergt43_pair_190690004,0,eb0a48373469fe3d32000304a8f1f0aef30155a9cacd2f1812f98ca41ccbd44a,terminal_mass,,768,False
context_768_hop_4,False,0,16301,context_768:ergt43_pair_190690006_cf0,,4,,1,direct_transformer,12011,context_768:ergt43_pair_190690006,0,5fbe4b8af3a2419539bbbf38150acedc97f5bd90f54e880f7d407b43432aa141,combined_long_horizon,,768,False
context_768_hop_4,True,1,16301,context_768:ergt43_pair_190690006_cf1,,4,,0,direct_transformer,12011,context_768:ergt43_pair_190690006,0,5cfdf3a8365bcf12fcca8c572c6b5bbe1f799c4b1de57f7cb2b5363e566ee3aa,combined_long_horizon,,768,False
context_768_hop_4,False,1,16301,context_768:ergt43_pair_190690033_cf1,,4,,0,direct_transformer,12011,context_768:ergt43_pair_190690033,1,39283567dcc24872e32b45e9b1d970409139127d76ac9eeeff17e299114a213d,memory_source_condition,,768,False
context_768_hop_4,True,0,16301,context_768:ergt43_pair_190690033_cf0,,4,,1,direct_transformer,12011,context_768:ergt43_pair_190690033,1,1c2b58f3fced1d0d80f2b480af28fc7cb355f9f828416dadedfd69a7fe61b02a,memory_source_condition,,768,False
context_768_hop_4,False,1,16301,context_768:ergt43_pair_190690005_cf1,,4,,0,direct_transformer,12011,context_768:ergt43_pair_190690005,1,2376464d7fd3c6fe90dc92c3503b196aa762d761c8757a8d33370463e9efdae5,memory_source_condition,,768,False
context_768_hop_4,True,0,16301,context_768:ergt43_pair_190690005_cf0,,4,,1,direct_transformer,12011,context_768:ergt43_pair_190690005,1,e5547d045d00de575ce96b9a6f4ee5a9a06232966a77a3ecf922291f496dcb0d,memory_source_condition,,768,False
context_512_hop_24,True,0,16301,context_512_hop_24:ergt43_pair_198130026_cf0,0,24,full,1,native_ergt,12011,context_512_hop_24:ergt43_pair_198130026,1,e74d1e25547ec01cce20eeb63ad8678414cfb11d0d6d0305f6fb105995b9c38b,memory_source_condition,24.0,512,False
context_512_hop_24,True,1,16301,context_512_hop_24:ergt43_pair_198130026_cf1,0,24,full,0,native_ergt,12011,context_512_hop_24:ergt43_pair_198130026,0,ec0cb2049ee9605f491ee5cd30d21b933b18e53f9716b9f11024ea050cc71f41,memory_source_condition,24.0,512,False
context_512_hop_24,True,0,16301,context_512_hop_24:ergt43_pair_198130031_cf0,0,24,full,1,native_ergt,12011,context_512_hop_24:ergt43_pair_198130031,1,f6dff19134ed68c77d0ed7db71c23b62e92e9ea896dfa181613472dbbef2dfbc,payload_transport,24.0,512,False
context_512_hop_24,False,1,16301,context_512_hop_24:ergt43_pair_198130031_cf1,1,24,full,0,native_ergt,12011,context_512_hop_24:ergt43_pair_198130031,2,cfe99ae5c370f9bf6545ecb618b721f12c5d8d849332dea7450a56b6b82d71c5,payload_transport,1000000.0,512,False
context_512_hop_24,True,1,16301,context_512_hop_24:ergt43_pair_198130032_cf1,0,24,full,0,native_ergt,12011,context_512_hop_24:ergt43_pair_198130032,0,5b02d53917edbad31ecdf7db05e9e21f85656e8af3f507e819f37e1ac2e48a78,terminal_mass,24.0,512,False
context_512_hop_24,True,0,16301,context_512_hop_24:ergt43_pair_198130032_cf0,0,24,full,1,native_ergt,12011,context_512_hop_24:ergt43_pair_198130032,1,bfb799bf132e809e79a42e20e99db754b1926ce68f46f95426ce5482c12e05f8,terminal_mass,24.0,512,False
context_512_hop_24,True,0,16301,context_512_hop_24:ergt43_pair_198130016_cf0,0,24,full,1,native_ergt,12011,context_512_hop_24:ergt43_pair_198130016,1,abf9a9572f1cd2c2951cbbf12ba1510eaf69502d3d06def14550349bd00f84ff,boundary_deficit,24.0,512,False
context_512_hop_24,True,1,16301,context_512_hop_24:ergt43_pair_198130016_cf1,0,24,full,0,native_ergt,12011,context_512_hop_24:ergt43_pair_198130016,0,9b4bf05f5df1df65d34ec58c22e25b56ccf2031806c91d536c742c620e640fe1,boundary_deficit,24.0,512,False
context_512_hop_24,True,1,16301,context_512_hop_24:ergt43_pair_198130029_cf1,0,24,full,0,native_ergt,12011,context_512_hop_24:ergt43_pair_198130029,0,ab5c8f82f3d8dcc7a30683b01a71f319b9a5df18be84e4ad5006ea5c748888c8,finite_speed_cone,24.0,512,False
context_512_hop_24,True,0,16301,context_512_hop_24:ergt43_pair_198130029_cf0,0,24,full,1,native_ergt,12011,context_512_hop_24:ergt43_pair_198130029,1,5bb51937cc4ba77175f137000da1af1ff36d9733bcf11ca5301a9489598a6528,finite_speed_cone,24.0,512,False
context_512_hop_24,True,1,16301,context_512_hop_24:ergt43_pair_198130034_cf1,0,24,full,0,native_ergt,12011,context_512_hop_24:ergt43_pair_198130034,0,da6f6a43d202114ac51198438c4d05fc50515b65bd4b33b848abee71a40a5df1,combined_long_horizon,24.0,512,False
context_512_hop_24,True,0,16301,context_512_hop_24:ergt43_pair_198130034_cf0,0,24,full,1,native_ergt,12011,context_512_hop_24:ergt43_pair_198130034,1,6b209beac9b91520ba225f6f82aa8314811fe5e455fcee8580049029299986ff,combined_long_horizon,24.0,512,False
context_512_hop_24,True,0,16301,context_512_hop_24:ergt43_pair_198130003_cf0,0,24,full,1,native_ergt,12011,context_512_hop_24:ergt43_pair_198130003,1,93ccaa4a9983085f34dd479e77dcf9e3edbae3b5c55ed8d3e7415446db3606ce,payload_transport,24.0,512,False
context_512_hop_24,True,1,16301,context_512_hop_24:ergt43_pair_198130003_cf1,0,24,full,0,native_ergt,12011,context_512_hop_24:ergt43_pair_198130003,0,9cf95a9075173022d080970119beffa302418a01dfafe49c926eb5c200c04c78,payload_transport,24.0,512,False
context_512_hop_24,True,1,16301,context_512_hop_24:ergt43_pair_198130028_cf1,0,24,full,0,native_ergt,12011,context_512_hop_24:ergt43_pair_198130028,0,82004f0dc9f6e87efe3cb2847ddf9f0f6d4ed01354f7cd20bbd54ee142de24b9,geodesic_action,24.0,512,False
context_512_hop_24,True,0,16301,context_512_hop_24:ergt43_pair_198130028_cf0,0,24,full,1,native_ergt,12011,context_512_hop_24:ergt43_pair_198130028,1,4b50eeb9b5e740e37ea07392c6e9beafe5bbd426f3167655cf986c779d274940,geodesic_action,24.0,512,False
context_512_hop_24,True,1,16301,context_512_hop_24:ergt43_pair_198130001_cf1,0,24,full,0,native_ergt,12011,context_512_hop_24:ergt43_pair_198130001,0,d1f3a7dcfd7f2b6ad7d27f83652b838098b8cf20a32ad05ad4e9db6e0ceeb139,finite_speed_cone,24.0,512,False
context_512_hop_24,True,0,16301,context_512_hop_24:ergt43_pair_198130001_cf0,0,24,full,1,native_ergt,12011,context_512_hop_24:ergt43_pair_198130001,1,8f1532f309db5f8db91656149f7fbdd1809a9167cf97a25cc66547512706028e,finite_speed_cone,24.0,512,False
context_512_hop_24,True,0,16301,context_512_hop_24:ergt43_pair_198130027_cf0,0,24,full,1,native_ergt,12011,context_512_hop_24:ergt43_pair_198130027,1,c359c539fa175bff285aee14853005fba8569e73916f369d3df49533386c650e,combined_long_horizon,24.0,512,False
context_512_hop_24,True,1,16301,context_512_hop_24:ergt43_pair_198130027_cf1,0,24,full,0,native_ergt,12011,context_512_hop_24:ergt43_pair_198130027,0,37bb1e40eff938dcdae77c0d1e389042911a9db25ed6a63d29097d7d7021b4f3,combined_long_horizon,24.0,512,False
context_512_hop_24,False,1,16301,context_512_hop_24:ergt43_pair_198130033_cf1,1,24,full,0,native_ergt,12011,context_512_hop_24:ergt43_pair_198130033,2,dc96db0b8cf51bedf6ecf87c5a84d98036d09d58f4a86e2a7b3fe426c19a1848,memory_source_condition,1000000.0,512,False
context_512_hop_24,True,0,16301,context_512_hop_24:ergt43_pair_198130033_cf0,0,24,full,1,native_ergt,12011,context_512_hop_24:ergt43_pair_198130033,1,796454182912d4e74e6176fc12e0deab6df3045cbaaad898a3b0b25568fb11bb,memory_source_condition,24.0,512,False
context_512_hop_24,True,1,16301,context_512_hop_24:ergt43_pair_198130009_cf1,0,24,full,0,native_ergt,12011,context_512_hop_24:ergt43_pair_198130009,0,f68b5497cbe5395186224120c8357343741082e6e97aee276520f54f709473b8,boundary_deficit,24.0,512,False
context_512_hop_24,True,0,16301,context_512_hop_24:ergt43_pair_198130009_cf0,0,24,full,1,native_ergt,12011,context_512_hop_24:ergt43_pair_198130009,1,f16354c0bcb61d4944d6e480f693768cd1ef223155f5e1af443d8cc971207ff0,boundary_deficit,24.0,512,False
context_512_hop_24,False,1,16301,context_512_hop_24:ergt43_pair_198130036_cf1,1,24,full,0,native_ergt,12011,context_512_hop_24:ergt43_pair_198130036,2,b53cb21f1ab7b9235df4bcdd4dd013447048c1a61b8b8b75deb3e024b3dd536f,finite_speed_cone,1000000.0,512,False
context_512_hop_24,True,0,16301,context_512_hop_24:ergt43_pair_198130036_cf0,0,24,full,1,native_ergt,12011,context_512_hop_24:ergt43_pair_198130036,1,388289cccfb87d0e23a999aaa8cdfeb6cda2855ebd0db851ed8a5940cfbe5199,finite_speed_cone,24.0,512,False
context_512_hop_24,True,0,16301,context_512_hop_24:ergt43_pair_198130035_cf0,0,24,full,1,native_ergt,12011,context_512_hop_24:ergt43_pair_198130035,1,bede173eb1e53d6ed60931e048821bec4c00113d3bf1c69a379db864717b4a4e,geodesic_action,24.0,512,False
context_512_hop_24,False,1,16301,context_512_hop_24:ergt43_pair_198130035_cf1,0,24,full,0,native_ergt,12011,context_512_hop_24:ergt43_pair_198130035,1,a10ffd79887f8d4b46cc782a7e3e78df521282e786181f4bae11fc8831af3d8a,geodesic_action,72.0,512,False
context_512_hop_24,True,1,16301,context_512_hop_24:ergt43_pair_198130000_cf1,0,24,full,0,native_ergt,12011,context_512_hop_24:ergt43_pair_198130000,0,14399a34519b43d6419d6fa74e3c1466593c394ccf61aa6a5e09985cd160b94f,geodesic_action,24.0,512,False
context_512_hop_24,True,0,16301,context_512_hop_24:ergt43_pair_198130000_cf0,0,24,full,1,native_ergt,12011,context_512_hop_24:ergt43_pair_198130000,1,5e99c1b4043efee551b88f197b76e8eb94bfe9d17584026744f58ccfe829a3b9,geodesic_action,24.0,512,False
context_512_hop_24,True,0,16301,context_512_hop_24:ergt43_pair_198130011_cf0,0,24,full,1,native_ergt,12011,context_512_hop_24:ergt43_pair_198130011,1,f2e165d41da9d075a894dcc86e0d883c5391fefcce49374a1132da6e610107ef,terminal_mass,24.0,512,False
context_512_hop_24,True,1,16301,context_512_hop_24:ergt43_pair_198130011_cf1,0,24,full,0,native_ergt,12011,context_512_hop_24:ergt43_pair_198130011,0,acd9c1622da4b1389d903c9560b05a467147d6c431293d1ef6dd8dc7573da0ab,terminal_mass,24.0,512,False
context_512_hop_24,True,0,16301,context_512_hop_24:ergt43_pair_198130025_cf0,0,24,full,1,native_ergt,12011,context_512_hop_24:ergt43_pair_198130025,1,33ef611e28f8f47dd6f0c568cf5f0c7d5e042e88555f1b26424343abd4fafa32,terminal_mass,24.0,512,False
context_512_hop_24,True,1,16301,context_512_hop_24:ergt43_pair_198130025_cf1,0,24,full,0,native_ergt,12011,context_512_hop_24:ergt43_pair_198130025,0,aefb3743f1ab722004d06f1dec3b79379d1111f4679aa99093b750bd639238eb,terminal_mass,24.0,512,False
context_512_hop_24,True,0,16301,context_512_hop_24:ergt43_pair_198130037_cf0,0,24,full,1,native_ergt,12011,context_512_hop_24:ergt43_pair_198130037,1,bb218b2daebdae6b690e043af70a8df58c85e08d12d139271790e26a58a27427,boundary_deficit,24.0,512,False
context_512_hop_24,True,1,16301,context_512_hop_24:ergt43_pair_198130037_cf1,0,24,full,0,native_ergt,12011,context_512_hop_24:ergt43_pair_198130037,0,6780d8c97f673cc0c90d40fe54086e797b9006ce73dc6e06f4087a983df6269d,boundary_deficit,24.0,512,False
context_512_hop_24,True,1,16301,context_512_hop_24:ergt43_pair_198130013_cf1,0,24,full,0,native_ergt,12011,context_512_hop_24:ergt43_pair_198130013,0,69466f9a724e0b6decded4bf2f3c1b8d0ecc9176e49e60a2bc2bc5ded3fa5d45,combined_long_horizon,24.0,512,False
context_512_hop_24,True,0,16301,context_512_hop_24:ergt43_pair_198130013_cf0,0,24,full,1,native_ergt,12011,context_512_hop_24:ergt43_pair_198130013,1,0992d89515d638e4d434bdfb3736878f4d2a8505e00b23d86c60b94a6105bb86,combined_long_horizon,24.0,512,False
context_512_hop_24,True,0,16301,context_512_hop_24:ergt43_pair_198130018_cf0,0,24,full,1,native_ergt,12011,context_512_hop_24:ergt43_pair_198130018,1,d99ea82b24499ddec2678c47afd4e43c56af935c2fefab0516eb8d854cb46230,terminal_mass,24.0,512,False
context_512_hop_24,True,1,16301,context_512_hop_24:ergt43_pair_198130018_cf1,0,24,full,0,native_ergt,12011,context_512_hop_24:ergt43_pair_198130018,0,c96e4d89a07fde1b0b217e2aa22d9a43067feefafeccd6021cbf483118c7fcb8,terminal_mass,24.0,512,False
context_512_hop_24,False,0,16301,context_512_hop_24:ergt43_pair_198130026_cf0,,24,,1,direct_transformer,12011,context_512_hop_24:ergt43_pair_198130026,0,e74d1e25547ec01cce20eeb63ad8678414cfb11d0d6d0305f6fb105995b9c38b,memory_source_condition,,512,False
context_512_hop_24,True,1,16301,context_512_hop_24:ergt43_pair_198130026_cf1,,24,,0,direct_transformer,12011,context_512_hop_24:ergt43_pair_198130026,0,ec0cb2049ee9605f491ee5cd30d21b933b18e53f9716b9f11024ea050cc71f41,memory_source_condition,,512,False
context_512_hop_24,False,0,16301,context_512_hop_24:ergt43_pair_198130031_cf0,,24,,1,direct_transformer,12011,context_512_hop_24:ergt43_pair_198130031,0,f6dff19134ed68c77d0ed7db71c23b62e92e9ea896dfa181613472dbbef2dfbc,payload_transport,,512,False
context_512_hop_24,True,1,16301,context_512_hop_24:ergt43_pair_198130031_cf1,,24,,0,direct_transformer,12011,context_512_hop_24:ergt43_pair_198130031,0,cfe99ae5c370f9bf6545ecb618b721f12c5d8d849332dea7450a56b6b82d71c5,payload_transport,,512,False
context_512_hop_24,True,1,16301,context_512_hop_24:ergt43_pair_198130032_cf1,,24,,0,direct_transformer,12011,context_512_hop_24:ergt43_pair_198130032,0,5b02d53917edbad31ecdf7db05e9e21f85656e8af3f507e819f37e1ac2e48a78,terminal_mass,,512,False
context_512_hop_24,False,0,16301,context_512_hop_24:ergt43_pair_198130032_cf0,,24,,1,direct_transformer,12011,context_512_hop_24:ergt43_pair_198130032,0,bfb799bf132e809e79a42e20e99db754b1926ce68f46f95426ce5482c12e05f8,terminal_mass,,512,False
context_512_hop_24,False,0,16301,context_512_hop_24:ergt43_pair_198130016_cf0,,24,,1,direct_transformer,12011,context_512_hop_24:ergt43_pair_198130016,0,abf9a9572f1cd2c2951cbbf12ba1510eaf69502d3d06def14550349bd00f84ff,boundary_deficit,,512,False
context_512_hop_24,True,1,16301,context_512_hop_24:ergt43_pair_198130016_cf1,,24,,0,direct_transformer,12011,context_512_hop_24:ergt43_pair_198130016,0,9b4bf05f5df1df65d34ec58c22e25b56ccf2031806c91d536c742c620e640fe1,boundary_deficit,,512,False
context_512_hop_24,False,1,16301,context_512_hop_24:ergt43_pair_198130029_cf1,,24,,0,direct_transformer,12011,context_512_hop_24:ergt43_pair_198130029,1,ab5c8f82f3d8dcc7a30683b01a71f319b9a5df18be84e4ad5006ea5c748888c8,finite_speed_cone,,512,False
context_512_hop_24,True,0,16301,context_512_hop_24:ergt43_pair_198130029_cf0,,24,,1,direct_transformer,12011,context_512_hop_24:ergt43_pair_198130029,1,5bb51937cc4ba77175f137000da1af1ff36d9733bcf11ca5301a9489598a6528,finite_speed_cone,,512,False
context_512_hop_24,False,1,16301,context_512_hop_24:ergt43_pair_198130034_cf1,,24,,0,direct_transformer,12011,context_512_hop_24:ergt43_pair_198130034,1,da6f6a43d202114ac51198438c4d05fc50515b65bd4b33b848abee71a40a5df1,combined_long_horizon,,512,False
context_512_hop_24,True,0,16301,context_512_hop_24:ergt43_pair_198130034_cf0,,24,,1,direct_transformer,12011,context_512_hop_24:ergt43_pair_198130034,1,6b209beac9b91520ba225f6f82aa8314811fe5e455fcee8580049029299986ff,combined_long_horizon,,512,False
context_512_hop_24,False,0,16301,context_512_hop_24:ergt43_pair_198130003_cf0,,24,,1,direct_transformer,12011,context_512_hop_24:ergt43_pair_198130003,0,93ccaa4a9983085f34dd479e77dcf9e3edbae3b5c55ed8d3e7415446db3606ce,payload_transport,,512,False
context_512_hop_24,True,1,16301,context_512_hop_24:ergt43_pair_198130003_cf1,,24,,0,direct_transformer,12011,context_512_hop_24:ergt43_pair_198130003,0,9cf95a9075173022d080970119beffa302418a01dfafe49c926eb5c200c04c78,payload_transport,,512,False
context_512_hop_24,False,1,16301,context_512_hop_24:ergt43_pair_198130028_cf1,,24,,0,direct_transformer,12011,context_512_hop_24:ergt43_pair_198130028,1,82004f0dc9f6e87efe3cb2847ddf9f0f6d4ed01354f7cd20bbd54ee142de24b9,geodesic_action,,512,False
context_512_hop_24,True,0,16301,context_512_hop_24:ergt43_pair_198130028_cf0,,24,,1,direct_transformer,12011,context_512_hop_24:ergt43_pair_198130028,1,4b50eeb9b5e740e37ea07392c6e9beafe5bbd426f3167655cf986c779d274940,geodesic_action,,512,False
context_512_hop_24,True,1,16301,context_512_hop_24:ergt43_pair_198130001_cf1,,24,,0,direct_transformer,12011,context_512_hop_24:ergt43_pair_198130001,0,d1f3a7dcfd7f2b6ad7d27f83652b838098b8cf20a32ad05ad4e9db6e0ceeb139,finite_speed_cone,,512,False
context_512_hop_24,False,0,16301,context_512_hop_24:ergt43_pair_198130001_cf0,,24,,1,direct_transformer,12011,context_512_hop_24:ergt43_pair_198130001,0,8f1532f309db5f8db91656149f7fbdd1809a9167cf97a25cc66547512706028e,finite_speed_cone,,512,False
context_512_hop_24,False,0,16301,context_512_hop_24:ergt43_pair_198130027_cf0,,24,,1,direct_transformer,12011,context_512_hop_24:ergt43_pair_198130027,0,c359c539fa175bff285aee14853005fba8569e73916f369d3df49533386c650e,combined_long_horizon,,512,False
context_512_hop_24,True,1,16301,context_512_hop_24:ergt43_pair_198130027_cf1,,24,,0,direct_transformer,12011,context_512_hop_24:ergt43_pair_198130027,0,37bb1e40eff938dcdae77c0d1e389042911a9db25ed6a63d29097d7d7021b4f3,combined_long_horizon,,512,False
context_512_hop_24,True,1,16301,context_512_hop_24:ergt43_pair_198130033_cf1,,24,,0,direct_transformer,12011,context_512_hop_24:ergt43_pair_198130033,0,dc96db0b8cf51bedf6ecf87c5a84d98036d09d58f4a86e2a7b3fe426c19a1848,memory_source_condition,,512,False
context_512_hop_24,False,0,16301,context_512_hop_24:ergt43_pair_198130033_cf0,,24,,1,direct_transformer,12011,context_512_hop_24:ergt43_pair_198130033,0,796454182912d4e74e6176fc12e0deab6df3045cbaaad898a3b0b25568fb11bb,memory_source_condition,,512,False
context_512_hop_24,True,1,16301,context_512_hop_24:ergt43_pair_198130009_cf1,,24,,0,direct_transformer,12011,context_512_hop_24:ergt43_pair_198130009,0,f68b5497cbe5395186224120c8357343741082e6e97aee276520f54f709473b8,boundary_deficit,,512,False
context_512_hop_24,False,0,16301,context_512_hop_24:ergt43_pair_198130009_cf0,,24,,1,direct_transformer,12011,context_512_hop_24:ergt43_pair_198130009,0,f16354c0bcb61d4944d6e480f693768cd1ef223155f5e1af443d8cc971207ff0,boundary_deficit,,512,False
context_512_hop_24,False,1,16301,context_512_hop_24:ergt43_pair_198130036_cf1,,24,,0,direct_transformer,12011,context_512_hop_24:ergt43_pair_198130036,1,b53cb21f1ab7b9235df4bcdd4dd013447048c1a61b8b8b75deb3e024b3dd536f,finite_speed_cone,,512,False
context_512_hop_24,True,0,16301,context_512_hop_24:ergt43_pair_198130036_cf0,,24,,1,direct_transformer,12011,context_512_hop_24:ergt43_pair_198130036,1,388289cccfb87d0e23a999aaa8cdfeb6cda2855ebd0db851ed8a5940cfbe5199,finite_speed_cone,,512,False
context_512_hop_24,False,0,16301,context_512_hop_24:ergt43_pair_198130035_cf0,,24,,1,direct_transformer,12011,context_512_hop_24:ergt43_pair_198130035,0,bede173eb1e53d6ed60931e048821bec4c00113d3bf1c69a379db864717b4a4e,geodesic_action,,512,False
context_512_hop_24,True,1,16301,context_512_hop_24:ergt43_pair_198130035_cf1,,24,,0,direct_transformer,12011,context_512_hop_24:ergt43_pair_198130035,0,a10ffd79887f8d4b46cc782a7e3e78df521282e786181f4bae11fc8831af3d8a,geodesic_action,,512,False
context_512_hop_24,True,1,16301,context_512_hop_24:ergt43_pair_198130000_cf1,,24,,0,direct_transformer,12011,context_512_hop_24:ergt43_pair_198130000,0,14399a34519b43d6419d6fa74e3c1466593c394ccf61aa6a5e09985cd160b94f,geodesic_action,,512,False
context_512_hop_24,False,0,16301,context_512_hop_24:ergt43_pair_198130000_cf0,,24,,1,direct_transformer,12011,context_512_hop_24:ergt43_pair_198130000,0,5e99c1b4043efee551b88f197b76e8eb94bfe9d17584026744f58ccfe829a3b9,geodesic_action,,512,False
context_512_hop_24,False,0,16301,context_512_hop_24:ergt43_pair_198130011_cf0,,24,,1,direct_transformer,12011,context_512_hop_24:ergt43_pair_198130011,0,f2e165d41da9d075a894dcc86e0d883c5391fefcce49374a1132da6e610107ef,terminal_mass,,512,False
context_512_hop_24,False,1,16301,context_512_hop_24:ergt43_pair_198130011_cf1,,24,,0,direct_transformer,12011,context_512_hop_24:ergt43_pair_198130011,1,acd9c1622da4b1389d903c9560b05a467147d6c431293d1ef6dd8dc7573da0ab,terminal_mass,,512,False
context_512_hop_24,False,0,16301,context_512_hop_24:ergt43_pair_198130025_cf0,,24,,1,direct_transformer,12011,context_512_hop_24:ergt43_pair_198130025,0,33ef611e28f8f47dd6f0c568cf5f0c7d5e042e88555f1b26424343abd4fafa32,terminal_mass,,512,False
context_512_hop_24,True,1,16301,context_512_hop_24:ergt43_pair_198130025_cf1,,24,,0,direct_transformer,12011,context_512_hop_24:ergt43_pair_198130025,0,aefb3743f1ab722004d06f1dec3b79379d1111f4679aa99093b750bd639238eb,terminal_mass,,512,False
context_512_hop_24,True,0,16301,context_512_hop_24:ergt43_pair_198130037_cf0,,24,,1,direct_transformer,12011,context_512_hop_24:ergt43_pair_198130037,1,bb218b2daebdae6b690e043af70a8df58c85e08d12d139271790e26a58a27427,boundary_deficit,,512,False
context_512_hop_24,False,1,16301,context_512_hop_24:ergt43_pair_198130037_cf1,,24,,0,direct_transformer,12011,context_512_hop_24:ergt43_pair_198130037,1,6780d8c97f673cc0c90d40fe54086e797b9006ce73dc6e06f4087a983df6269d,boundary_deficit,,512,False
context_512_hop_24,True,1,16301,context_512_hop_24:ergt43_pair_198130013_cf1,,24,,0,direct_transformer,12011,context_512_hop_24:ergt43_pair_198130013,0,69466f9a724e0b6decded4bf2f3c1b8d0ecc9176e49e60a2bc2bc5ded3fa5d45,combined_long_horizon,,512,False
context_512_hop_24,False,0,16301,context_512_hop_24:ergt43_pair_198130013_cf0,,24,,1,direct_transformer,12011,context_512_hop_24:ergt43_pair_198130013,0,0992d89515d638e4d434bdfb3736878f4d2a8505e00b23d86c60b94a6105bb86,combined_long_horizon,,512,False
context_512_hop_24,False,0,16301,context_512_hop_24:ergt43_pair_198130018_cf0,,24,,1,direct_transformer,12011,context_512_hop_24:ergt43_pair_198130018,0,d99ea82b24499ddec2678c47afd4e43c56af935c2fefab0516eb8d854cb46230,terminal_mass,,512,False
context_512_hop_24,True,1,16301,context_512_hop_24:ergt43_pair_198130018_cf1,,24,,0,direct_transformer,12011,context_512_hop_24:ergt43_pair_198130018,0,c96e4d89a07fde1b0b217e2aa22d9a43067feefafeccd6021cbf483118c7fcb8,terminal_mass,,512,False
context_768_hop_24,True,0,16301,context_768_hop_24:ergt43_pair_200690023_cf0,0,24,full,1,native_ergt,12011,context_768_hop_24:ergt43_pair_200690023,1,5d2e11e099e5eb62bdb76217f131036eff40144bc9f06e014de5cdb137375393,boundary_deficit,24.0,768,False
context_768_hop_24,True,1,16301,context_768_hop_24:ergt43_pair_200690023_cf1,0,24,full,0,native_ergt,12011,context_768_hop_24:ergt43_pair_200690023,0,6fd0bc6663d47498d208232e2d2bf23c1a902fa7da8bf6be6c5da8b048769349,boundary_deficit,24.0,768,False
context_768_hop_24,True,1,16301,context_768_hop_24:ergt43_pair_200690019_cf1,0,24,full,0,native_ergt,12011,context_768_hop_24:ergt43_pair_200690019,0,a7ce5b3ea1cadb5803b3ae568339932c64d0e35ec561b2681cb944b398b6c927,memory_source_condition,24.0,768,False
context_768_hop_24,True,0,16301,context_768_hop_24:ergt43_pair_200690019_cf0,0,24,full,1,native_ergt,12011,context_768_hop_24:ergt43_pair_200690019,1,53f9720d001e0bd783a61bae8b348763f18dd7eed170b317fabe7cba18bd05ca,memory_source_condition,24.0,768,False
context_768_hop_24,True,1,16301,context_768_hop_24:ergt43_pair_200690001_cf1,0,24,full,0,native_ergt,12011,context_768_hop_24:ergt43_pair_200690001,0,3398a7b5ae87eef906f5ebbab3bf0ccb12a1dd874e70fc9538560fd1751f5b20,finite_speed_cone,24.0,768,False
context_768_hop_24,True,0,16301,context_768_hop_24:ergt43_pair_200690001_cf0,0,24,full,1,native_ergt,12011,context_768_hop_24:ergt43_pair_200690001,1,d13da67a82a48572cf6eddbdd6b480762ac4b9ae074b5ff03eda13e6b2791fd4,finite_speed_cone,24.0,768,False
context_768_hop_24,True,0,16301,context_768_hop_24:ergt43_pair_200690036_cf0,0,24,full,1,native_ergt,12011,context_768_hop_24:ergt43_pair_200690036,1,be05d528dbb06562859e400d850ed84c2f05bff007b536d9fd18988afae22144,finite_speed_cone,24.0,768,False
context_768_hop_24,True,1,16301,context_768_hop_24:ergt43_pair_200690036_cf1,0,24,full,0,native_ergt,12011,context_768_hop_24:ergt43_pair_200690036,0,4f679224ad854f832afb2efeb795745c889768cb37f5852ceedddb5aff98d872,finite_speed_cone,24.0,768,False
context_768_hop_24,True,0,16301,context_768_hop_24:ergt43_pair_200690007_cf0,0,24,full,1,native_ergt,12011,context_768_hop_24:ergt43_pair_200690007,1,583313acb956879a9e130f83d90af284e49d4d9e5e83365c4325c1041ca4dd02,geodesic_action,24.0,768,False
context_768_hop_24,True,1,16301,context_768_hop_24:ergt43_pair_200690007_cf1,0,24,full,0,native_ergt,12011,context_768_hop_24:ergt43_pair_200690007,0,c9d85df0eba68ac4531972a88c0c971b4f6f43b6fc095abe236cf350e3401006,geodesic_action,24.0,768,False
context_768_hop_24,True,0,16301,context_768_hop_24:ergt43_pair_200690022_cf0,0,24,full,1,native_ergt,12011,context_768_hop_24:ergt43_pair_200690022,1,efcc831d8d7f7d51460f41f7bd31b9998b4d11eba8e0c8a8263fda7f3a3a6f0c,finite_speed_cone,24.0,768,False
context_768_hop_24,True,1,16301,context_768_hop_24:ergt43_pair_200690022_cf1,0,24,full,0,native_ergt,12011,context_768_hop_24:ergt43_pair_200690022,0,d4eebe75ff08e0840a992c08c5f8426c40ca7382113accad155ce5156d80efda,finite_speed_cone,24.0,768,False
context_768_hop_24,True,0,16301,context_768_hop_24:ergt43_pair_200690032_cf0,0,24,full,1,native_ergt,12011,context_768_hop_24:ergt43_pair_200690032,1,1cbd2f3c30a613ffaee949a8cb6fb6ddbfc608b50dcccecff3d237dc4876e2fa,terminal_mass,24.0,768,False
context_768_hop_24,True,1,16301,context_768_hop_24:ergt43_pair_200690032_cf1,0,24,full,0,native_ergt,12011,context_768_hop_24:ergt43_pair_200690032,0,fe3727e735f4c6520ce13dcb3bddbccb7e3ae809969da40a1960be84e9f8004a,terminal_mass,24.0,768,False
context_768_hop_24,True,1,16301,context_768_hop_24:ergt43_pair_200690013_cf1,0,24,full,0,native_ergt,12011,context_768_hop_24:ergt43_pair_200690013,0,6458a50e00c7bfbc6f7971cd040ad590b972a3614d5e7c2a6869da686573c5ad,combined_long_horizon,24.0,768,False
context_768_hop_24,True,0,16301,context_768_hop_24:ergt43_pair_200690013_cf0,0,24,full,1,native_ergt,12011,context_768_hop_24:ergt43_pair_200690013,1,e2dbbd45c9010baf48952259f2f2883c76dbd7804927876c0dd425aa9987cd0e,combined_long_horizon,24.0,768,False
context_768_hop_24,True,1,16301,context_768_hop_24:ergt43_pair_200690025_cf1,0,24,full,0,native_ergt,12011,context_768_hop_24:ergt43_pair_200690025,0,65e25185109a099e190ecd30839a06e6b4bcb376b5bd9281b8fc434040ded2eb,terminal_mass,24.0,768,False
context_768_hop_24,True,0,16301,context_768_hop_24:ergt43_pair_200690025_cf0,0,24,full,1,native_ergt,12011,context_768_hop_24:ergt43_pair_200690025,1,59ba83c6ff667ef51b781f80eef367b7dd00f909455cc8d0dfc1b5695e8dcd22,terminal_mass,24.0,768,False
context_768_hop_24,True,0,16301,context_768_hop_24:ergt43_pair_200690015_cf0,0,24,full,1,native_ergt,12011,context_768_hop_24:ergt43_pair_200690015,1,cf3b34d4bd12e7cff7c849dd8bf22644ec7424380cad2826c9424f957d08404a,finite_speed_cone,24.0,768,False
context_768_hop_24,True,1,16301,context_768_hop_24:ergt43_pair_200690015_cf1,0,24,full,0,native_ergt,12011,context_768_hop_24:ergt43_pair_200690015,0,302b571de0105c171526d41ed7da9785d94b7598c13b3f776310fbdee72a6ef2,finite_speed_cone,24.0,768,False
context_768_hop_24,True,1,16301,context_768_hop_24:ergt43_pair_200690029_cf1,0,24,full,0,native_ergt,12011,context_768_hop_24:ergt43_pair_200690029,0,4bc288d230496b7642677d1b438caa70b3c305f74dd8fbc6bb4368718abe0418,finite_speed_cone,24.0,768,False
context_768_hop_24,True,0,16301,context_768_hop_24:ergt43_pair_200690029_cf0,0,24,full,1,native_ergt,12011,context_768_hop_24:ergt43_pair_200690029,1,c751f84235e077d2475f31299598779a8c83dbefe51ae4e218cebf57964c4f46,finite_speed_cone,24.0,768,False
context_768_hop_24,True,0,16301,context_768_hop_24:ergt43_pair_200690005_cf0,0,24,full,1,native_ergt,12011,context_768_hop_24:ergt43_pair_200690005,1,4fd5febc48cca1691b4a159df854ef04c056b69a368f9503e3b388587e1b01ce,memory_source_condition,24.0,768,False
context_768_hop_24,True,1,16301,context_768_hop_24:ergt43_pair_200690005_cf1,0,24,full,0,native_ergt,12011,context_768_hop_24:ergt43_pair_200690005,0,4cb1317656f855d9acd8f025003a17c72052148dc99ff019da4177d4fd82701f,memory_source_condition,24.0,768,False
context_768_hop_24,True,0,16301,context_768_hop_24:ergt43_pair_200690003_cf0,0,24,full,1,native_ergt,12011,context_768_hop_24:ergt43_pair_200690003,1,fafbec3b5005bbeccb8b33b6e3c3f356ec94cfaeab753b34a26c11079c7c9f22,payload_transport,24.0,768,False
context_768_hop_24,True,1,16301,context_768_hop_24:ergt43_pair_200690003_cf1,0,24,full,0,native_ergt,12011,context_768_hop_24:ergt43_pair_200690003,0,5e0ac32e869f880965da4d01f8f83e0f7fdda4ec57ece53a289c0cfbe18e46b8,payload_transport,24.0,768,False
context_768_hop_24,True,0,16301,context_768_hop_24:ergt43_pair_200690033_cf0,0,24,full,1,native_ergt,12011,context_768_hop_24:ergt43_pair_200690033,1,48961bf092890a8b109037aa2a61d461f4ea6e2deee8d926cbaf909bae77445b,memory_source_condition,24.0,768,False
context_768_hop_24,True,1,16301,context_768_hop_24:ergt43_pair_200690033_cf1,0,24,full,0,native_ergt,12011,context_768_hop_24:ergt43_pair_200690033,0,b32227f820c74ddffa60f077ad0b94471d6cb323bf10d65110cb2248c8c663f7,memory_source_condition,24.0,768,False
context_768_hop_24,True,0,16301,context_768_hop_24:ergt43_pair_200690000_cf0,0,24,full,1,native_ergt,12011,context_768_hop_24:ergt43_pair_200690000,1,6a60345b29eece46a58b795b4463e8f2f085cfdaa8f97d88ab7aadc5d8f5dd68,geodesic_action,24.0,768,False
context_768_hop_24,True,1,16301,context_768_hop_24:ergt43_pair_200690000_cf1,0,24,full,0,native_ergt,12011,context_768_hop_24:ergt43_pair_200690000,0,83071673ec96dbd708a5030eef7c3e15ad68e9f7fb5fdaf468f2f0ba113862da,geodesic_action,24.0,768,False
context_768_hop_24,True,0,16301,context_768_hop_24:ergt43_pair_200690030_cf0,0,24,full,1,native_ergt,12011,context_768_hop_24:ergt43_pair_200690030,1,6b7f29bcf96fb13c20d84b8836b02840f4cda6dd4abdde02375e011eb80caa93,boundary_deficit,24.0,768,False
context_768_hop_24,True,1,16301,context_768_hop_24:ergt43_pair_200690030_cf1,0,24,full,0,native_ergt,12011,context_768_hop_24:ergt43_pair_200690030,0,c6bd1e81a76f1e8f2efdd75d252e8adb07aae04fa90c1a299424fa988a74b147,boundary_deficit,24.0,768,False
context_768_hop_24,True,1,16301,context_768_hop_24:ergt43_pair_200690018_cf1,0,24,full,0,native_ergt,12011,context_768_hop_24:ergt43_pair_200690018,0,c97f31ab3a7d32eab960e4a251c8fb82a9456792d259068a0afd3cd75e1cde33,terminal_mass,24.0,768,False
context_768_hop_24,True,0,16301,context_768_hop_24:ergt43_pair_200690018_cf0,0,24,full,1,native_ergt,12011,context_768_hop_24:ergt43_pair_200690018,1,cb03d7aa57e52877559aa861fa266bb3f7595acca5f5311d20112666a34208f4,terminal_mass,24.0,768,False
context_768_hop_24,True,1,16301,context_768_hop_24:ergt43_pair_200690002_cf1,0,24,full,0,native_ergt,12011,context_768_hop_24:ergt43_pair_200690002,0,0a4ea25482dfbf16c1796ed4241224f42197e0243c47132e5661b74afe7f63e9,boundary_deficit,24.0,768,False
context_768_hop_24,True,0,16301,context_768_hop_24:ergt43_pair_200690002_cf0,0,24,full,1,native_ergt,12011,context_768_hop_24:ergt43_pair_200690002,1,533c8c7ed3b4f79c423769b284342be70f0426186c0557ff95bd34851d4adfe0,boundary_deficit,24.0,768,False
context_768_hop_24,True,1,16301,context_768_hop_24:ergt43_pair_200690026_cf1,0,24,full,0,native_ergt,12011,context_768_hop_24:ergt43_pair_200690026,0,3d69155f185c8196da1289c1a5da11a7db8281036267604cb73da805a51d9def,memory_source_condition,24.0,768,False
context_768_hop_24,True,0,16301,context_768_hop_24:ergt43_pair_200690026_cf0,0,24,full,1,native_ergt,12011,context_768_hop_24:ergt43_pair_200690026,1,2f6facd0538ff52e8170cf4ffb1f0b9c1deaf975003ad591b153f564bab30187,memory_source_condition,24.0,768,False
context_768_hop_24,True,1,16301,context_768_hop_24:ergt43_pair_200690037_cf1,0,24,full,0,native_ergt,12011,context_768_hop_24:ergt43_pair_200690037,0,3dc9895dfdfd1c94ff2ebf800854c135fc74290d24e1561deb21669e27e21f5a,boundary_deficit,24.0,768,False
context_768_hop_24,True,0,16301,context_768_hop_24:ergt43_pair_200690037_cf0,0,24,full,1,native_ergt,12011,context_768_hop_24:ergt43_pair_200690037,1,877062145e32750f8a5906484a3632b6e70cdc9c5b5c2fb78cd74aa5858f63b1,boundary_deficit,24.0,768,False
context_768_hop_24,False,0,16301,context_768_hop_24:ergt43_pair_200690023_cf0,,24,,1,direct_transformer,12011,context_768_hop_24:ergt43_pair_200690023,0,5d2e11e099e5eb62bdb76217f131036eff40144bc9f06e014de5cdb137375393,boundary_deficit,,768,False
context_768_hop_24,True,1,16301,context_768_hop_24:ergt43_pair_200690023_cf1,,24,,0,direct_transformer,12011,context_768_hop_24:ergt43_pair_200690023,0,6fd0bc6663d47498d208232e2d2bf23c1a902fa7da8bf6be6c5da8b048769349,boundary_deficit,,768,False
context_768_hop_24,False,1,16301,context_768_hop_24:ergt43_pair_200690019_cf1,,24,,0,direct_transformer,12011,context_768_hop_24:ergt43_pair_200690019,1,a7ce5b3ea1cadb5803b3ae568339932c64d0e35ec561b2681cb944b398b6c927,memory_source_condition,,768,False
context_768_hop_24,True,0,16301,context_768_hop_24:ergt43_pair_200690019_cf0,,24,,1,direct_transformer,12011,context_768_hop_24:ergt43_pair_200690019,1,53f9720d001e0bd783a61bae8b348763f18dd7eed170b317fabe7cba18bd05ca,memory_source_condition,,768,False
context_768_hop_24,True,1,16301,context_768_hop_24:ergt43_pair_200690001_cf1,,24,,0,direct_transformer,12011,context_768_hop_24:ergt43_pair_200690001,0,3398a7b5ae87eef906f5ebbab3bf0ccb12a1dd874e70fc9538560fd1751f5b20,finite_speed_cone,,768,False
context_768_hop_24,False,0,16301,context_768_hop_24:ergt43_pair_200690001_cf0,,24,,1,direct_transformer,12011,context_768_hop_24:ergt43_pair_200690001,0,d13da67a82a48572cf6eddbdd6b480762ac4b9ae074b5ff03eda13e6b2791fd4,finite_speed_cone,,768,False
context_768_hop_24,False,0,16301,context_768_hop_24:ergt43_pair_200690036_cf0,,24,,1,direct_transformer,12011,context_768_hop_24:ergt43_pair_200690036,0,be05d528dbb06562859e400d850ed84c2f05bff007b536d9fd18988afae22144,finite_speed_cone,,768,False
context_768_hop_24,True,1,16301,context_768_hop_24:ergt43_pair_200690036_cf1,,24,,0,direct_transformer,12011,context_768_hop_24:ergt43_pair_200690036,0,4f679224ad854f832afb2efeb795745c889768cb37f5852ceedddb5aff98d872,finite_speed_cone,,768,False
context_768_hop_24,False,0,16301,context_768_hop_24:ergt43_pair_200690007_cf0,,24,,1,direct_transformer,12011,context_768_hop_24:ergt43_pair_200690007,0,583313acb956879a9e130f83d90af284e49d4d9e5e83365c4325c1041ca4dd02,geodesic_action,,768,False
context_768_hop_24,True,1,16301,context_768_hop_24:ergt43_pair_200690007_cf1,,24,,0,direct_transformer,12011,context_768_hop_24:ergt43_pair_200690007,0,c9d85df0eba68ac4531972a88c0c971b4f6f43b6fc095abe236cf350e3401006,geodesic_action,,768,False
context_768_hop_24,True,0,16301,context_768_hop_24:ergt43_pair_200690022_cf0,,24,,1,direct_transformer,12011,context_768_hop_24:ergt43_pair_200690022,1,efcc831d8d7f7d51460f41f7bd31b9998b4d11eba8e0c8a8263fda7f3a3a6f0c,finite_speed_cone,,768,False
context_768_hop_24,False,1,16301,context_768_hop_24:ergt43_pair_200690022_cf1,,24,,0,direct_transformer,12011,context_768_hop_24:ergt43_pair_200690022,1,d4eebe75ff08e0840a992c08c5f8426c40ca7382113accad155ce5156d80efda,finite_speed_cone,,768,False
context_768_hop_24,False,0,16301,context_768_hop_24:ergt43_pair_200690032_cf0,,24,,1,direct_transformer,12011,context_768_hop_24:ergt43_pair_200690032,0,1cbd2f3c30a613ffaee949a8cb6fb6ddbfc608b50dcccecff3d237dc4876e2fa,terminal_mass,,768,False
context_768_hop_24,True,1,16301,context_768_hop_24:ergt43_pair_200690032_cf1,,24,,0,direct_transformer,12011,context_768_hop_24:ergt43_pair_200690032,0,fe3727e735f4c6520ce13dcb3bddbccb7e3ae809969da40a1960be84e9f8004a,terminal_mass,,768,False
context_768_hop_24,True,1,16301,context_768_hop_24:ergt43_pair_200690013_cf1,,24,,0,direct_transformer,12011,context_768_hop_24:ergt43_pair_200690013,0,6458a50e00c7bfbc6f7971cd040ad590b972a3614d5e7c2a6869da686573c5ad,combined_long_horizon,,768,False
context_768_hop_24,False,0,16301,context_768_hop_24:ergt43_pair_200690013_cf0,,24,,1,direct_transformer,12011,context_768_hop_24:ergt43_pair_200690013,0,e2dbbd45c9010baf48952259f2f2883c76dbd7804927876c0dd425aa9987cd0e,combined_long_horizon,,768,False
context_768_hop_24,True,1,16301,context_768_hop_24:ergt43_pair_200690025_cf1,,24,,0,direct_transformer,12011,context_768_hop_24:ergt43_pair_200690025,0,65e25185109a099e190ecd30839a06e6b4bcb376b5bd9281b8fc434040ded2eb,terminal_mass,,768,False
context_768_hop_24,False,0,16301,context_768_hop_24:ergt43_pair_200690025_cf0,,24,,1,direct_transformer,12011,context_768_hop_24:ergt43_pair_200690025,0,59ba83c6ff667ef51b781f80eef367b7dd00f909455cc8d0dfc1b5695e8dcd22,terminal_mass,,768,False
context_768_hop_24,True,0,16301,context_768_hop_24:ergt43_pair_200690015_cf0,,24,,1,direct_transformer,12011,context_768_hop_24:ergt43_pair_200690015,1,cf3b34d4bd12e7cff7c849dd8bf22644ec7424380cad2826c9424f957d08404a,finite_speed_cone,,768,False
context_768_hop_24,False,1,16301,context_768_hop_24:ergt43_pair_200690015_cf1,,24,,0,direct_transformer,12011,context_768_hop_24:ergt43_pair_200690015,1,302b571de0105c171526d41ed7da9785d94b7598c13b3f776310fbdee72a6ef2,finite_speed_cone,,768,False
context_768_hop_24,True,1,16301,context_768_hop_24:ergt43_pair_200690029_cf1,,24,,0,direct_transformer,12011,context_768_hop_24:ergt43_pair_200690029,0,4bc288d230496b7642677d1b438caa70b3c305f74dd8fbc6bb4368718abe0418,finite_speed_cone,,768,False
context_768_hop_24,False,0,16301,context_768_hop_24:ergt43_pair_200690029_cf0,,24,,1,direct_transformer,12011,context_768_hop_24:ergt43_pair_200690029,0,c751f84235e077d2475f31299598779a8c83dbefe51ae4e218cebf57964c4f46,finite_speed_cone,,768,False
context_768_hop_24,False,0,16301,context_768_hop_24:ergt43_pair_200690005_cf0,,24,,1,direct_transformer,12011,context_768_hop_24:ergt43_pair_200690005,0,4fd5febc48cca1691b4a159df854ef04c056b69a368f9503e3b388587e1b01ce,memory_source_condition,,768,False
context_768_hop_24,True,1,16301,context_768_hop_24:ergt43_pair_200690005_cf1,,24,,0,direct_transformer,12011,context_768_hop_24:ergt43_pair_200690005,0,4cb1317656f855d9acd8f025003a17c72052148dc99ff019da4177d4fd82701f,memory_source_condition,,768,False
context_768_hop_24,True,0,16301,context_768_hop_24:ergt43_pair_200690003_cf0,,24,,1,direct_transformer,12011,context_768_hop_24:ergt43_pair_200690003,1,fafbec3b5005bbeccb8b33b6e3c3f356ec94cfaeab753b34a26c11079c7c9f22,payload_transport,,768,False
context_768_hop_24,False,1,16301,context_768_hop_24:ergt43_pair_200690003_cf1,,24,,0,direct_transformer,12011,context_768_hop_24:ergt43_pair_200690003,1,5e0ac32e869f880965da4d01f8f83e0f7fdda4ec57ece53a289c0cfbe18e46b8,payload_transport,,768,False
context_768_hop_24,False,0,16301,context_768_hop_24:ergt43_pair_200690033_cf0,,24,,1,direct_transformer,12011,context_768_hop_24:ergt43_pair_200690033,0,48961bf092890a8b109037aa2a61d461f4ea6e2deee8d926cbaf909bae77445b,memory_source_condition,,768,False
context_768_hop_24,True,1,16301,context_768_hop_24:ergt43_pair_200690033_cf1,,24,,0,direct_transformer,12011,context_768_hop_24:ergt43_pair_200690033,0,b32227f820c74ddffa60f077ad0b94471d6cb323bf10d65110cb2248c8c663f7,memory_source_condition,,768,False
context_768_hop_24,False,0,16301,context_768_hop_24:ergt43_pair_200690000_cf0,,24,,1,direct_transformer,12011,context_768_hop_24:ergt43_pair_200690000,0,6a60345b29eece46a58b795b4463e8f2f085cfdaa8f97d88ab7aadc5d8f5dd68,geodesic_action,,768,False
context_768_hop_24,True,1,16301,context_768_hop_24:ergt43_pair_200690000_cf1,,24,,0,direct_transformer,12011,context_768_hop_24:ergt43_pair_200690000,0,83071673ec96dbd708a5030eef7c3e15ad68e9f7fb5fdaf468f2f0ba113862da,geodesic_action,,768,False
context_768_hop_24,True,0,16301,context_768_hop_24:ergt43_pair_200690030_cf0,,24,,1,direct_transformer,12011,context_768_hop_24:ergt43_pair_200690030,1,6b7f29bcf96fb13c20d84b8836b02840f4cda6dd4abdde02375e011eb80caa93,boundary_deficit,,768,False
context_768_hop_24,False,1,16301,context_768_hop_24:ergt43_pair_200690030_cf1,,24,,0,direct_transformer,12011,context_768_hop_24:ergt43_pair_200690030,1,c6bd1e81a76f1e8f2efdd75d252e8adb07aae04fa90c1a299424fa988a74b147,boundary_deficit,,768,False
context_768_hop_24,True,1,16301,context_768_hop_24:ergt43_pair_200690018_cf1,,24,,0,direct_transformer,12011,context_768_hop_24:ergt43_pair_200690018,0,c97f31ab3a7d32eab960e4a251c8fb82a9456792d259068a0afd3cd75e1cde33,terminal_mass,,768,False
context_768_hop_24,False,0,16301,context_768_hop_24:ergt43_pair_200690018_cf0,,24,,1,direct_transformer,12011,context_768_hop_24:ergt43_pair_200690018,0,cb03d7aa57e52877559aa861fa266bb3f7595acca5f5311d20112666a34208f4,terminal_mass,,768,False
context_768_hop_24,True,1,16301,context_768_hop_24:ergt43_pair_200690002_cf1,,24,,0,direct_transformer,12011,context_768_hop_24:ergt43_pair_200690002,0,0a4ea25482dfbf16c1796ed4241224f42197e0243c47132e5661b74afe7f63e9,boundary_deficit,,768,False
context_768_hop_24,False,0,16301,context_768_hop_24:ergt43_pair_200690002_cf0,,24,,1,direct_transformer,12011,context_768_hop_24:ergt43_pair_200690002,0,533c8c7ed3b4f79c423769b284342be70f0426186c0557ff95bd34851d4adfe0,boundary_deficit,,768,False
context_768_hop_24,True,1,16301,context_768_hop_24:ergt43_pair_200690026_cf1,,24,,0,direct_transformer,12011,context_768_hop_24:ergt43_pair_200690026,0,3d69155f185c8196da1289c1a5da11a7db8281036267604cb73da805a51d9def,memory_source_condition,,768,False
context_768_hop_24,False,0,16301,context_768_hop_24:ergt43_pair_200690026_cf0,,24,,1,direct_transformer,12011,context_768_hop_24:ergt43_pair_200690026,0,2f6facd0538ff52e8170cf4ffb1f0b9c1deaf975003ad591b153f564bab30187,memory_source_condition,,768,False
context_768_hop_24,True,1,16301,context_768_hop_24:ergt43_pair_200690037_cf1,,24,,0,direct_transformer,12011,context_768_hop_24:ergt43_pair_200690037,0,3dc9895dfdfd1c94ff2ebf800854c135fc74290d24e1561deb21669e27e21f5a,boundary_deficit,,768,False
context_768_hop_24,False,0,16301,context_768_hop_24:ergt43_pair_200690037_cf0,,24,,1,direct_transformer,12011,context_768_hop_24:ergt43_pair_200690037,0,877062145e32750f8a5906484a3632b6e70cdc9c5b5c2fb78cd74aa5858f63b1,boundary_deficit,,768,False
unsupported_hop_4,True,1,16301,unsupported_hop_4:ergt43_pair_203050016_cf1,1,4,full,2,native_ergt,12011,unsupported_hop_4:ergt43_pair_203050016_unsupported,2,a2ddf39f316d6ab02199611462737959c83380d14e35c4f12a5cc123fe52b8cf,boundary_deficit,1000000.0,95,True
unsupported_hop_4,True,0,16301,unsupported_hop_4:ergt43_pair_203050016_cf0,1,4,full,2,native_ergt,12011,unsupported_hop_4:ergt43_pair_203050016_unsupported,2,6135ecfbc726277aff37396f89a987992f2e3396cd03016af322af78cb1f2de9,boundary_deficit,1000000.0,95,True
unsupported_hop_4,True,0,16301,unsupported_hop_4:ergt43_pair_203050009_cf0,1,4,full,2,native_ergt,12011,unsupported_hop_4:ergt43_pair_203050009_unsupported,2,68fe3cb32aebc7bd4567d707e7f777e69260540045cc9eb1a7db6b2bafbde677,boundary_deficit,1000000.0,95,True
unsupported_hop_4,True,1,16301,unsupported_hop_4:ergt43_pair_203050009_cf1,1,4,full,2,native_ergt,12011,unsupported_hop_4:ergt43_pair_203050009_unsupported,2,7c04b2931b8eb862d22b5ffb77f2c3bab966083e61df3d9331eb8d534df93e00,boundary_deficit,1000000.0,95,True
unsupported_hop_4,True,0,16301,unsupported_hop_4:ergt43_pair_203050007_cf0,1,4,full,2,native_ergt,12011,unsupported_hop_4:ergt43_pair_203050007_unsupported,2,7643a086360e0ae08bdc29e9794f3ff3fcfc6a1dc500571f47b196fd5ab2a9f3,geodesic_action,1000000.0,95,True
unsupported_hop_4,True,1,16301,unsupported_hop_4:ergt43_pair_203050007_cf1,1,4,full,2,native_ergt,12011,unsupported_hop_4:ergt43_pair_203050007_unsupported,2,a0c4b0d2ac9f9251b8eb8eba39b2aad0d306712e75f5f702111237b8966a565f,geodesic_action,1000000.0,95,True
unsupported_hop_4,True,1,16301,unsupported_hop_4:ergt43_pair_203050025_cf1,1,4,full,2,native_ergt,12011,unsupported_hop_4:ergt43_pair_203050025_unsupported,2,c0170083a326c22aad54eb55152b3ea7dd48db96a658f6bf2d49ccb556023c36,terminal_mass,1000000.0,95,True
unsupported_hop_4,True,0,16301,unsupported_hop_4:ergt43_pair_203050025_cf0,1,4,full,2,native_ergt,12011,unsupported_hop_4:ergt43_pair_203050025_unsupported,2,c0170083a326c22aad54eb55152b3ea7dd48db96a658f6bf2d49ccb556023c36,terminal_mass,1000000.0,95,True
unsupported_hop_4,True,1,16301,unsupported_hop_4:ergt43_pair_203050010_cf1,1,4,full,2,native_ergt,12011,unsupported_hop_4:ergt43_pair_203050010_unsupported,2,da8aa0a91fa39bdda2274dbeb4a7ed8a79c2c0cc72149dc7cf67fa58928c0c12,payload_transport,1000000.0,95,True
unsupported_hop_4,True,0,16301,unsupported_hop_4:ergt43_pair_203050010_cf0,1,4,full,2,native_ergt,12011,unsupported_hop_4:ergt43_pair_203050010_unsupported,2,bfdf73ee40ec18c83b6d946650786530452d7bacdba1d98bea78b252af356408,payload_transport,1000000.0,95,True
unsupported_hop_4,True,0,16301,unsupported_hop_4:ergt43_pair_203050015_cf0,1,4,full,2,native_ergt,12011,unsupported_hop_4:ergt43_pair_203050015_unsupported,2,6e0bbac8c98d7e4406d169d2c7ed69eb12166ff74f80cb3b360d2649e58146a4,finite_speed_cone,1000000.0,95,True
unsupported_hop_4,True,1,16301,unsupported_hop_4:ergt43_pair_203050015_cf1,1,4,full,2,native_ergt,12011,unsupported_hop_4:ergt43_pair_203050015_unsupported,2,46aa7f5b3d8bf8aedf5f9d11f360623ab3ab99feab582b073eeb098345fb2f55,finite_speed_cone,1000000.0,95,True
unsupported_hop_4,True,1,16301,unsupported_hop_4:ergt43_pair_203050006_cf1,1,4,full,2,native_ergt,12011,unsupported_hop_4:ergt43_pair_203050006_unsupported,2,7f61a181a3747b4cbf8a050fd977432c8b56e807a0ab361b28dd12982cfd28e5,combined_long_horizon,1000000.0,95,True
unsupported_hop_4,True,0,16301,unsupported_hop_4:ergt43_pair_203050006_cf0,1,4,full,2,native_ergt,12011,unsupported_hop_4:ergt43_pair_203050006_unsupported,2,c3e2a8b867621e14a18bb29aa050d19b12df7d065dfa9f6d93b1d12e56e4d472,combined_long_horizon,1000000.0,95,True
unsupported_hop_4,True,1,16301,unsupported_hop_4:ergt43_pair_203050017_cf1,1,4,full,2,native_ergt,12011,unsupported_hop_4:ergt43_pair_203050017_unsupported,2,ee8ef7112075ed77374e4a8f7f73083a4f290240e0e3772a8f7ecaeaffb27025,payload_transport,1000000.0,95,True
unsupported_hop_4,True,0,16301,unsupported_hop_4:ergt43_pair_203050017_cf0,1,4,full,2,native_ergt,12011,unsupported_hop_4:ergt43_pair_203050017_unsupported,2,f36ee3a302c207abcecea17f5621bcc0aa515e8b8b78a16061423d38fbc23122,payload_transport,1000000.0,95,True
unsupported_hop_4,True,1,16301,unsupported_hop_4:ergt43_pair_203050012_cf1,1,4,full,2,native_ergt,12011,unsupported_hop_4:ergt43_pair_203050012_unsupported,2,58aeb45a7c9f3b799f90688afc943c0222695da1f881f4e6315c30c1fb390d64,memory_source_condition,1000000.0,95,True
unsupported_hop_4,True,0,16301,unsupported_hop_4:ergt43_pair_203050012_cf0,1,4,full,2,native_ergt,12011,unsupported_hop_4:ergt43_pair_203050012_unsupported,2,8c9eea443209818832c769abdd8ed9d4f186bd2abee2191d28f9761d22d71316,memory_source_condition,1000000.0,95,True
unsupported_hop_4,True,1,16301,unsupported_hop_4:ergt43_pair_203050021_cf1,1,4,full,2,native_ergt,12011,unsupported_hop_4:ergt43_pair_203050021_unsupported,2,d32baed22d76ea3c4c8b2842e59bd4d110dbd5188d12a2bf5f87091db8bd5dd4,geodesic_action,1000000.0,95,True
unsupported_hop_4,True,0,16301,unsupported_hop_4:ergt43_pair_203050021_cf0,1,4,full,2,native_ergt,12011,unsupported_hop_4:ergt43_pair_203050021_unsupported,2,0745a291cf67f6e692f0a92f45e2cc32dedfb03877bf752e84820b3fbce1cb83,geodesic_action,1000000.0,95,True
unsupported_hop_4,True,0,16301,unsupported_hop_4:ergt43_pair_203050001_cf0,1,4,full,2,native_ergt,12011,unsupported_hop_4:ergt43_pair_203050001_unsupported,2,0f38a8248f63a5afc785d5d710f53dc8099de5fb2fc0d24389fc9ffb4b252ccf,finite_speed_cone,1000000.0,95,True
unsupported_hop_4,True,1,16301,unsupported_hop_4:ergt43_pair_203050001_cf1,1,4,full,2,native_ergt,12011,unsupported_hop_4:ergt43_pair_203050001_unsupported,2,9966275cd93d1cedb1616c95b29114bc954435ba3cdb1a737ad9098695a5cebf,finite_speed_cone,1000000.0,95,True
unsupported_hop_4,True,0,16301,unsupported_hop_4:ergt43_pair_203050019_cf0,1,4,full,2,native_ergt,12011,unsupported_hop_4:ergt43_pair_203050019_unsupported,2,df44a3c11330409b11d4a697eb16bfe892e194e05c9a9c7e9f7b1b2046d66631,memory_source_condition,1000000.0,95,True
unsupported_hop_4,True,1,16301,unsupported_hop_4:ergt43_pair_203050019_cf1,1,4,full,2,native_ergt,12011,unsupported_hop_4:ergt43_pair_203050019_unsupported,2,7afcbe6538b306d1e1dd56e7e75e6eea0f1c0e7b43085de8d842d75da330904c,memory_source_condition,1000000.0,95,True
unsupported_hop_4,True,0,16301,unsupported_hop_4:ergt43_pair_203050005_cf0,1,4,full,2,native_ergt,12011,unsupported_hop_4:ergt43_pair_203050005_unsupported,2,5b7e1cd23fe60cf88399da86d7a6a66cdceda922bff435c543bfcd3d6770878c,memory_source_condition,1000000.0,95,True
unsupported_hop_4,True,1,16301,unsupported_hop_4:ergt43_pair_203050005_cf1,1,4,full,2,native_ergt,12011,unsupported_hop_4:ergt43_pair_203050005_unsupported,2,b19183999f77aae347a1ce6e6bf4bf51f98093b0a40b065c4d1caaa2880457fb,memory_source_condition,1000000.0,95,True
unsupported_hop_4,True,1,16301,unsupported_hop_4:ergt43_pair_203050013_cf1,1,4,full,2,native_ergt,12011,unsupported_hop_4:ergt43_pair_203050013_unsupported,2,1f232a0170ce1372948216829094f24667c3e7e2d196f213ca5c33d95888a03d,combined_long_horizon,1000000.0,95,True
unsupported_hop_4,True,0,16301,unsupported_hop_4:ergt43_pair_203050013_cf0,1,4,full,2,native_ergt,12011,unsupported_hop_4:ergt43_pair_203050013_unsupported,2,5880743956c36899c45ee50ccc3aee5ab6a06b47de9d9e191147b5b9cbf175aa,combined_long_horizon,1000000.0,95,True
unsupported_hop_4,False,1,16301,unsupported_hop_4:ergt43_pair_203050016_cf1,,4,,2,direct_transformer,12011,unsupported_hop_4:ergt43_pair_203050016_unsupported,1,a2ddf39f316d6ab02199611462737959c83380d14e35c4f12a5cc123fe52b8cf,boundary_deficit,,95,True
unsupported_hop_4,False,0,16301,unsupported_hop_4:ergt43_pair_203050016_cf0,,4,,2,direct_transformer,12011,unsupported_hop_4:ergt43_pair_203050016_unsupported,1,6135ecfbc726277aff37396f89a987992f2e3396cd03016af322af78cb1f2de9,boundary_deficit,,95,True
unsupported_hop_4,False,0,16301,unsupported_hop_4:ergt43_pair_203050009_cf0,,4,,2,direct_transformer,12011,unsupported_hop_4:ergt43_pair_203050009_unsupported,0,68fe3cb32aebc7bd4567d707e7f777e69260540045cc9eb1a7db6b2bafbde677,boundary_deficit,,95,True
unsupported_hop_4,False,1,16301,unsupported_hop_4:ergt43_pair_203050009_cf1,,4,,2,direct_transformer,12011,unsupported_hop_4:ergt43_pair_203050009_unsupported,0,7c04b2931b8eb862d22b5ffb77f2c3bab966083e61df3d9331eb8d534df93e00,boundary_deficit,,95,True
unsupported_hop_4,False,0,16301,unsupported_hop_4:ergt43_pair_203050007_cf0,,4,,2,direct_transformer,12011,unsupported_hop_4:ergt43_pair_203050007_unsupported,0,7643a086360e0ae08bdc29e9794f3ff3fcfc6a1dc500571f47b196fd5ab2a9f3,geodesic_action,,95,True
unsupported_hop_4,False,1,16301,unsupported_hop_4:ergt43_pair_203050007_cf1,,4,,2,direct_transformer,12011,unsupported_hop_4:ergt43_pair_203050007_unsupported,0,a0c4b0d2ac9f9251b8eb8eba39b2aad0d306712e75f5f702111237b8966a565f,geodesic_action,,95,True
unsupported_hop_4,False,1,16301,unsupported_hop_4:ergt43_pair_203050025_cf1,,4,,2,direct_transformer,12011,unsupported_hop_4:ergt43_pair_203050025_unsupported,1,c0170083a326c22aad54eb55152b3ea7dd48db96a658f6bf2d49ccb556023c36,terminal_mass,,95,True
unsupported_hop_4,False,0,16301,unsupported_hop_4:ergt43_pair_203050025_cf0,,4,,2,direct_transformer,12011,unsupported_hop_4:ergt43_pair_203050025_unsupported,1,c0170083a326c22aad54eb55152b3ea7dd48db96a658f6bf2d49ccb556023c36,terminal_mass,,95,True
unsupported_hop_4,False,1,16301,unsupported_hop_4:ergt43_pair_203050010_cf1,,4,,2,direct_transformer,12011,unsupported_hop_4:ergt43_pair_203050010_unsupported,1,da8aa0a91fa39bdda2274dbeb4a7ed8a79c2c0cc72149dc7cf67fa58928c0c12,payload_transport,,95,True
unsupported_hop_4,False,0,16301,unsupported_hop_4:ergt43_pair_203050010_cf0,,4,,2,direct_transformer,12011,unsupported_hop_4:ergt43_pair_203050010_unsupported,1,bfdf73ee40ec18c83b6d946650786530452d7bacdba1d98bea78b252af356408,payload_transport,,95,True
unsupported_hop_4,False,0,16301,unsupported_hop_4:ergt43_pair_203050015_cf0,,4,,2,direct_transformer,12011,unsupported_hop_4:ergt43_pair_203050015_unsupported,1,6e0bbac8c98d7e4406d169d2c7ed69eb12166ff74f80cb3b360d2649e58146a4,finite_speed_cone,,95,True
unsupported_hop_4,False,1,16301,unsupported_hop_4:ergt43_pair_203050015_cf1,,4,,2,direct_transformer,12011,unsupported_hop_4:ergt43_pair_203050015_unsupported,1,46aa7f5b3d8bf8aedf5f9d11f360623ab3ab99feab582b073eeb098345fb2f55,finite_speed_cone,,95,True
unsupported_hop_4,True,1,16301,unsupported_hop_4:ergt43_pair_203050006_cf1,,4,,2,direct_transformer,12011,unsupported_hop_4:ergt43_pair_203050006_unsupported,2,7f61a181a3747b4cbf8a050fd977432c8b56e807a0ab361b28dd12982cfd28e5,combined_long_horizon,,95,True
unsupported_hop_4,True,0,16301,unsupported_hop_4:ergt43_pair_203050006_cf0,,4,,2,direct_transformer,12011,unsupported_hop_4:ergt43_pair_203050006_unsupported,2,c3e2a8b867621e14a18bb29aa050d19b12df7d065dfa9f6d93b1d12e56e4d472,combined_long_horizon,,95,True
unsupported_hop_4,False,1,16301,unsupported_hop_4:ergt43_pair_203050017_cf1,,4,,2,direct_transformer,12011,unsupported_hop_4:ergt43_pair_203050017_unsupported,1,ee8ef7112075ed77374e4a8f7f73083a4f290240e0e3772a8f7ecaeaffb27025,payload_transport,,95,True
unsupported_hop_4,False,0,16301,unsupported_hop_4:ergt43_pair_203050017_cf0,,4,,2,direct_transformer,12011,unsupported_hop_4:ergt43_pair_203050017_unsupported,1,f36ee3a302c207abcecea17f5621bcc0aa515e8b8b78a16061423d38fbc23122,payload_transport,,95,True
unsupported_hop_4,False,1,16301,unsupported_hop_4:ergt43_pair_203050012_cf1,,4,,2,direct_transformer,12011,unsupported_hop_4:ergt43_pair_203050012_unsupported,0,58aeb45a7c9f3b799f90688afc943c0222695da1f881f4e6315c30c1fb390d64,memory_source_condition,,95,True
unsupported_hop_4,False,0,16301,unsupported_hop_4:ergt43_pair_203050012_cf0,,4,,2,direct_transformer,12011,unsupported_hop_4:ergt43_pair_203050012_unsupported,0,8c9eea443209818832c769abdd8ed9d4f186bd2abee2191d28f9761d22d71316,memory_source_condition,,95,True
unsupported_hop_4,False,1,16301,unsupported_hop_4:ergt43_pair_203050021_cf1,,4,,2,direct_transformer,12011,unsupported_hop_4:ergt43_pair_203050021_unsupported,0,d32baed22d76ea3c4c8b2842e59bd4d110dbd5188d12a2bf5f87091db8bd5dd4,geodesic_action,,95,True
unsupported_hop_4,False,0,16301,unsupported_hop_4:ergt43_pair_203050021_cf0,,4,,2,direct_transformer,12011,unsupported_hop_4:ergt43_pair_203050021_unsupported,0,0745a291cf67f6e692f0a92f45e2cc32dedfb03877bf752e84820b3fbce1cb83,geodesic_action,,95,True
unsupported_hop_4,False,0,16301,unsupported_hop_4:ergt43_pair_203050001_cf0,,4,,2,direct_transformer,12011,unsupported_hop_4:ergt43_pair_203050001_unsupported,1,0f38a8248f63a5afc785d5d710f53dc8099de5fb2fc0d24389fc9ffb4b252ccf,finite_speed_cone,,95,True
unsupported_hop_4,False,1,16301,unsupported_hop_4:ergt43_pair_203050001_cf1,,4,,2,direct_transformer,12011,unsupported_hop_4:ergt43_pair_203050001_unsupported,1,9966275cd93d1cedb1616c95b29114bc954435ba3cdb1a737ad9098695a5cebf,finite_speed_cone,,95,True
unsupported_hop_4,False,0,16301,unsupported_hop_4:ergt43_pair_203050019_cf0,,4,,2,direct_transformer,12011,unsupported_hop_4:ergt43_pair_203050019_unsupported,1,df44a3c11330409b11d4a697eb16bfe892e194e05c9a9c7e9f7b1b2046d66631,memory_source_condition,,95,True
unsupported_hop_4,False,1,16301,unsupported_hop_4:ergt43_pair_203050019_cf1,,4,,2,direct_transformer,12011,unsupported_hop_4:ergt43_pair_203050019_unsupported,1,7afcbe6538b306d1e1dd56e7e75e6eea0f1c0e7b43085de8d842d75da330904c,memory_source_condition,,95,True
unsupported_hop_4,False,0,16301,unsupported_hop_4:ergt43_pair_203050005_cf0,,4,,2,direct_transformer,12011,unsupported_hop_4:ergt43_pair_203050005_unsupported,1,5b7e1cd23fe60cf88399da86d7a6a66cdceda922bff435c543bfcd3d6770878c,memory_source_condition,,95,True
unsupported_hop_4,False,1,16301,unsupported_hop_4:ergt43_pair_203050005_cf1,,4,,2,direct_transformer,12011,unsupported_hop_4:ergt43_pair_203050005_unsupported,1,b19183999f77aae347a1ce6e6bf4bf51f98093b0a40b065c4d1caaa2880457fb,memory_source_condition,,95,True
unsupported_hop_4,False,1,16301,unsupported_hop_4:ergt43_pair_203050013_cf1,,4,,2,direct_transformer,12011,unsupported_hop_4:ergt43_pair_203050013_unsupported,1,1f232a0170ce1372948216829094f24667c3e7e2d196f213ca5c33d95888a03d,combined_long_horizon,,95,True
unsupported_hop_4,False,0,16301,unsupported_hop_4:ergt43_pair_203050013_cf0,,4,,2,direct_transformer,12011,unsupported_hop_4:ergt43_pair_203050013_unsupported,1,5880743956c36899c45ee50ccc3aee5ab6a06b47de9d9e191147b5b9cbf175aa,combined_long_horizon,,95,True
unsupported_hop_16,True,1,16301,unsupported_hop_16:ergt43_pair_203170022_cf1,1,16,full,2,native_ergt,12011,unsupported_hop_16:ergt43_pair_203170022_unsupported,2,61f58f67ffb118fe7201d70d371b90038ab960d3063e0b424caca9309f06c1b5,finite_speed_cone,1000000.0,335,True
unsupported_hop_16,True,0,16301,unsupported_hop_16:ergt43_pair_203170022_cf0,1,16,full,2,native_ergt,12011,unsupported_hop_16:ergt43_pair_203170022_unsupported,2,139798e4e32277dd5bd8903566a4228e871adfb93b30a64d6d7d3a1f510f4c6c,finite_speed_cone,1000000.0,335,True
unsupported_hop_16,True,1,16301,unsupported_hop_16:ergt43_pair_203170005_cf1,1,16,full,2,native_ergt,12011,unsupported_hop_16:ergt43_pair_203170005_unsupported,2,0c2987efde6da2ecd81fa680d352402dd76efa4e15f22d9cf4e5b5c82551eac4,memory_source_condition,1000000.0,335,True
unsupported_hop_16,True,0,16301,unsupported_hop_16:ergt43_pair_203170005_cf0,1,16,full,2,native_ergt,12011,unsupported_hop_16:ergt43_pair_203170005_unsupported,2,a3c64ebb8ccf395d394499484d0e013d7a94d7ab4c4f55a8faa1730a5123086c,memory_source_condition,1000000.0,335,True
unsupported_hop_16,True,1,16301,unsupported_hop_16:ergt43_pair_203170015_cf1,1,16,full,2,native_ergt,12011,unsupported_hop_16:ergt43_pair_203170015_unsupported,2,61db36bd9f20047630d22dbf32fe8c574c601afba4d3ec22cf6abb6d8afb4151,finite_speed_cone,1000000.0,335,True
unsupported_hop_16,True,0,16301,unsupported_hop_16:ergt43_pair_203170015_cf0,1,16,full,2,native_ergt,12011,unsupported_hop_16:ergt43_pair_203170015_unsupported,2,9db6a38175e3920b92fb56ce4d1d03e0cd3b62d58339caf19cde16ceb04fba5a,finite_speed_cone,1000000.0,335,True
unsupported_hop_16,True,0,16301,unsupported_hop_16:ergt43_pair_203170010_cf0,1,16,full,2,native_ergt,12011,unsupported_hop_16:ergt43_pair_203170010_unsupported,2,acfa24cff6b3acd448fd086ab797f39cb1c0d95fc205e1d00e0f55c3a6318da4,payload_transport,1000000.0,335,True
unsupported_hop_16,True,1,16301,unsupported_hop_16:ergt43_pair_203170010_cf1,1,16,full,2,native_ergt,12011,unsupported_hop_16:ergt43_pair_203170010_unsupported,2,92c7bf6ff4ad55c23b76c04404ae3b2d1f9d7ada6a3261f3eb11a91b2241de01,payload_transport,1000000.0,335,True
unsupported_hop_16,True,1,16301,unsupported_hop_16:ergt43_pair_203170025_cf1,1,16,full,2,native_ergt,12011,unsupported_hop_16:ergt43_pair_203170025_unsupported,2,9c359d774240eaf12044c9cdc449c53d1015a89893ee9224c7f82c0264e44563,terminal_mass,1000000.0,335,True
unsupported_hop_16,True,0,16301,unsupported_hop_16:ergt43_pair_203170025_cf0,1,16,full,2,native_ergt,12011,unsupported_hop_16:ergt43_pair_203170025_unsupported,2,9c359d774240eaf12044c9cdc449c53d1015a89893ee9224c7f82c0264e44563,terminal_mass,1000000.0,335,True
unsupported_hop_16,True,1,16301,unsupported_hop_16:ergt43_pair_203170006_cf1,1,16,full,2,native_ergt,12011,unsupported_hop_16:ergt43_pair_203170006_unsupported,2,d9ece7d543a6e2f286478d885900c4a33043b7cd2d79ab638e9d905a745e826a,combined_long_horizon,1000000.0,335,True
unsupported_hop_16,True,0,16301,unsupported_hop_16:ergt43_pair_203170006_cf0,1,16,full,2,native_ergt,12011,unsupported_hop_16:ergt43_pair_203170006_unsupported,2,26e5b04090b7ecb428a4aa038f77b8d5f17f57bbcaea5d926f3d12947aa1eca7,combined_long_horizon,1000000.0,335,True
unsupported_hop_16,True,1,16301,unsupported_hop_16:ergt43_pair_203170017_cf1,1,16,full,2,native_ergt,12011,unsupported_hop_16:ergt43_pair_203170017_unsupported,2,a0a9539af12143522ae36e48f78b55dc67048bf51067cb7caf7c8ec37d661fb4,payload_transport,1000000.0,335,True
unsupported_hop_16,True,0,16301,unsupported_hop_16:ergt43_pair_203170017_cf0,1,16,full,2,native_ergt,12011,unsupported_hop_16:ergt43_pair_203170017_unsupported,2,492b25bc7a5b24c14fc9b93936799e26864c1eaf1d907656b53f70388662d820,payload_transport,1000000.0,335,True
unsupported_hop_16,True,0,16301,unsupported_hop_16:ergt43_pair_203170026_cf0,1,16,full,2,native_ergt,12011,unsupported_hop_16:ergt43_pair_203170026_unsupported,2,97e26f37b34507f7bfbf9a23630615250c464c88f2ac59b79560730a3c8f4ffe,memory_source_condition,1000000.0,335,True
unsupported_hop_16,True,1,16301,unsupported_hop_16:ergt43_pair_203170026_cf1,1,16,full,2,native_ergt,12011,unsupported_hop_16:ergt43_pair_203170026_unsupported,2,260beb81353f9bd3499806d9181599f1d3a625b851ceed3fcdf1ae7e640a2e78,memory_source_condition,1000000.0,335,True
unsupported_hop_16,True,1,16301,unsupported_hop_16:ergt43_pair_203170024_cf1,1,16,full,2,native_ergt,12011,unsupported_hop_16:ergt43_pair_203170024_unsupported,2,b8f7ac2a9297232f8da895ef7f461ec6c38c2770796d5669508f77d859dd5158,payload_transport,1000000.0,335,True
unsupported_hop_16,True,0,16301,unsupported_hop_16:ergt43_pair_203170024_cf0,1,16,full,2,native_ergt,12011,unsupported_hop_16:ergt43_pair_203170024_unsupported,2,0dbbb72f920ca927fac4594e7b11035d2a44907f06752cc3d656d01c1c7ad96c,payload_transport,1000000.0,335,True
unsupported_hop_16,True,1,16301,unsupported_hop_16:ergt43_pair_203170004_cf1,1,16,full,2,native_ergt,12011,unsupported_hop_16:ergt43_pair_203170004_unsupported,2,fb913bf17009ded24eec583e2d243857c3acf0e63cbeb0b698a6d4c29b0d755f,terminal_mass,1000000.0,335,True
unsupported_hop_16,True,0,16301,unsupported_hop_16:ergt43_pair_203170004_cf0,1,16,full,2,native_ergt,12011,unsupported_hop_16:ergt43_pair_203170004_unsupported,2,fb913bf17009ded24eec583e2d243857c3acf0e63cbeb0b698a6d4c29b0d755f,terminal_mass,1000000.0,335,True
unsupported_hop_16,True,0,16301,unsupported_hop_16:ergt43_pair_203170012_cf0,1,16,full,2,native_ergt,12011,unsupported_hop_16:ergt43_pair_203170012_unsupported,2,b4a81fa16d6c1a420d0f7e7ba8ac2431c4eb8e118e6381b610a5e6656080c894,memory_source_condition,1000000.0,335,True
unsupported_hop_16,True,1,16301,unsupported_hop_16:ergt43_pair_203170012_cf1,1,16,full,2,native_ergt,12011,unsupported_hop_16:ergt43_pair_203170012_unsupported,2,7ba5af180e6b0f3aebcfe2bc70b7c66677444f4e77b9565e8a6586a8a0575dae,memory_source_condition,1000000.0,335,True
unsupported_hop_16,True,0,16301,unsupported_hop_16:ergt43_pair_203170008_cf0,1,16,full,2,native_ergt,12011,unsupported_hop_16:ergt43_pair_203170008_unsupported,2,8b555fc729207a4313c7c477a14821b00e75a2cabee09d70128b3ae48f95ef29,finite_speed_cone,1000000.0,335,True
unsupported_hop_16,True,1,16301,unsupported_hop_16:ergt43_pair_203170008_cf1,1,16,full,2,native_ergt,12011,unsupported_hop_16:ergt43_pair_203170008_unsupported,2,5dda5e645f5b087a834009677a96eb2490df1813230d74ffbcace9104132b595,finite_speed_cone,1000000.0,335,True
unsupported_hop_16,True,1,16301,unsupported_hop_16:ergt43_pair_203170019_cf1,1,16,full,2,native_ergt,12011,unsupported_hop_16:ergt43_pair_203170019_unsupported,2,4c6e88312ce230eaaf7add189cbc4457c425c727190cbab01a5b6459e6974fa9,memory_source_condition,1000000.0,335,True
unsupported_hop_16,True,0,16301,unsupported_hop_16:ergt43_pair_203170019_cf0,1,16,full,2,native_ergt,12011,unsupported_hop_16:ergt43_pair_203170019_unsupported,2,37e09b5acb8c02376c4fc784c3fd54e968a70dd2b7c7148c56df5083aa5070a5,memory_source_condition,1000000.0,335,True
unsupported_hop_16,True,0,16301,unsupported_hop_16:ergt43_pair_203170020_cf0,1,16,full,2,native_ergt,12011,unsupported_hop_16:ergt43_pair_203170020_unsupported,2,0f40f77aa47e445f1cb936fd60a594afc355a4a3a15719469bf60ae73bbed0eb,combined_long_horizon,1000000.0,335,True
unsupported_hop_16,True,1,16301,unsupported_hop_16:ergt43_pair_203170020_cf1,1,16,full,2,native_ergt,12011,unsupported_hop_16:ergt43_pair_203170020_unsupported,2,48d74a7751b9517d739e02a431fe8ef188cd1fc76dd1e7aa93a27fa80e2a8f60,combined_long_horizon,1000000.0,335,True
unsupported_hop_16,False,1,16301,unsupported_hop_16:ergt43_pair_203170022_cf1,,16,,2,direct_transformer,12011,unsupported_hop_16:ergt43_pair_203170022_unsupported,0,61f58f67ffb118fe7201d70d371b90038ab960d3063e0b424caca9309f06c1b5,finite_speed_cone,,335,True
unsupported_hop_16,False,0,16301,unsupported_hop_16:ergt43_pair_203170022_cf0,,16,,2,direct_transformer,12011,unsupported_hop_16:ergt43_pair_203170022_unsupported,0,139798e4e32277dd5bd8903566a4228e871adfb93b30a64d6d7d3a1f510f4c6c,finite_speed_cone,,335,True
unsupported_hop_16,False,1,16301,unsupported_hop_16:ergt43_pair_203170005_cf1,,16,,2,direct_transformer,12011,unsupported_hop_16:ergt43_pair_203170005_unsupported,1,0c2987efde6da2ecd81fa680d352402dd76efa4e15f22d9cf4e5b5c82551eac4,memory_source_condition,,335,True
unsupported_hop_16,False,0,16301,unsupported_hop_16:ergt43_pair_203170005_cf0,,16,,2,direct_transformer,12011,unsupported_hop_16:ergt43_pair_203170005_unsupported,1,a3c64ebb8ccf395d394499484d0e013d7a94d7ab4c4f55a8faa1730a5123086c,memory_source_condition,,335,True
unsupported_hop_16,False,1,16301,unsupported_hop_16:ergt43_pair_203170015_cf1,,16,,2,direct_transformer,12011,unsupported_hop_16:ergt43_pair_203170015_unsupported,1,61db36bd9f20047630d22dbf32fe8c574c601afba4d3ec22cf6abb6d8afb4151,finite_speed_cone,,335,True
unsupported_hop_16,False,0,16301,unsupported_hop_16:ergt43_pair_203170015_cf0,,16,,2,direct_transformer,12011,unsupported_hop_16:ergt43_pair_203170015_unsupported,1,9db6a38175e3920b92fb56ce4d1d03e0cd3b62d58339caf19cde16ceb04fba5a,finite_speed_cone,,335,True
unsupported_hop_16,False,0,16301,unsupported_hop_16:ergt43_pair_203170010_cf0,,16,,2,direct_transformer,12011,unsupported_hop_16:ergt43_pair_203170010_unsupported,0,acfa24cff6b3acd448fd086ab797f39cb1c0d95fc205e1d00e0f55c3a6318da4,payload_transport,,335,True
unsupported_hop_16,False,1,16301,unsupported_hop_16:ergt43_pair_203170010_cf1,,16,,2,direct_transformer,12011,unsupported_hop_16:ergt43_pair_203170010_unsupported,0,92c7bf6ff4ad55c23b76c04404ae3b2d1f9d7ada6a3261f3eb11a91b2241de01,payload_transport,,335,True
unsupported_hop_16,False,1,16301,unsupported_hop_16:ergt43_pair_203170025_cf1,,16,,2,direct_transformer,12011,unsupported_hop_16:ergt43_pair_203170025_unsupported,1,9c359d774240eaf12044c9cdc449c53d1015a89893ee9224c7f82c0264e44563,terminal_mass,,335,True
unsupported_hop_16,False,0,16301,unsupported_hop_16:ergt43_pair_203170025_cf0,,16,,2,direct_transformer,12011,unsupported_hop_16:ergt43_pair_203170025_unsupported,1,9c359d774240eaf12044c9cdc449c53d1015a89893ee9224c7f82c0264e44563,terminal_mass,,335,True
unsupported_hop_16,False,1,16301,unsupported_hop_16:ergt43_pair_203170006_cf1,,16,,2,direct_transformer,12011,unsupported_hop_16:ergt43_pair_203170006_unsupported,0,d9ece7d543a6e2f286478d885900c4a33043b7cd2d79ab638e9d905a745e826a,combined_long_horizon,,335,True
unsupported_hop_16,False,0,16301,unsupported_hop_16:ergt43_pair_203170006_cf0,,16,,2,direct_transformer,12011,unsupported_hop_16:ergt43_pair_203170006_unsupported,1,26e5b04090b7ecb428a4aa038f77b8d5f17f57bbcaea5d926f3d12947aa1eca7,combined_long_horizon,,335,True
unsupported_hop_16,False,1,16301,unsupported_hop_16:ergt43_pair_203170017_cf1,,16,,2,direct_transformer,12011,unsupported_hop_16:ergt43_pair_203170017_unsupported,0,a0a9539af12143522ae36e48f78b55dc67048bf51067cb7caf7c8ec37d661fb4,payload_transport,,335,True
unsupported_hop_16,False,0,16301,unsupported_hop_16:ergt43_pair_203170017_cf0,,16,,2,direct_transformer,12011,unsupported_hop_16:ergt43_pair_203170017_unsupported,0,492b25bc7a5b24c14fc9b93936799e26864c1eaf1d907656b53f70388662d820,payload_transport,,335,True
unsupported_hop_16,False,0,16301,unsupported_hop_16:ergt43_pair_203170026_cf0,,16,,2,direct_transformer,12011,unsupported_hop_16:ergt43_pair_203170026_unsupported,0,97e26f37b34507f7bfbf9a23630615250c464c88f2ac59b79560730a3c8f4ffe,memory_source_condition,,335,True
unsupported_hop_16,False,1,16301,unsupported_hop_16:ergt43_pair_203170026_cf1,,16,,2,direct_transformer,12011,unsupported_hop_16:ergt43_pair_203170026_unsupported,0,260beb81353f9bd3499806d9181599f1d3a625b851ceed3fcdf1ae7e640a2e78,memory_source_condition,,335,True
unsupported_hop_16,False,1,16301,unsupported_hop_16:ergt43_pair_203170024_cf1,,16,,2,direct_transformer,12011,unsupported_hop_16:ergt43_pair_203170024_unsupported,1,b8f7ac2a9297232f8da895ef7f461ec6c38c2770796d5669508f77d859dd5158,payload_transport,,335,True
unsupported_hop_16,False,0,16301,unsupported_hop_16:ergt43_pair_203170024_cf0,,16,,2,direct_transformer,12011,unsupported_hop_16:ergt43_pair_203170024_unsupported,1,0dbbb72f920ca927fac4594e7b11035d2a44907f06752cc3d656d01c1c7ad96c,payload_transport,,335,True
unsupported_hop_16,False,1,16301,unsupported_hop_16:ergt43_pair_203170004_cf1,,16,,2,direct_transformer,12011,unsupported_hop_16:ergt43_pair_203170004_unsupported,0,fb913bf17009ded24eec583e2d243857c3acf0e63cbeb0b698a6d4c29b0d755f,terminal_mass,,335,True
unsupported_hop_16,False,0,16301,unsupported_hop_16:ergt43_pair_203170004_cf0,,16,,2,direct_transformer,12011,unsupported_hop_16:ergt43_pair_203170004_unsupported,0,fb913bf17009ded24eec583e2d243857c3acf0e63cbeb0b698a6d4c29b0d755f,terminal_mass,,335,True
unsupported_hop_16,False,0,16301,unsupported_hop_16:ergt43_pair_203170012_cf0,,16,,2,direct_transformer,12011,unsupported_hop_16:ergt43_pair_203170012_unsupported,0,b4a81fa16d6c1a420d0f7e7ba8ac2431c4eb8e118e6381b610a5e6656080c894,memory_source_condition,,335,True
unsupported_hop_16,False,1,16301,unsupported_hop_16:ergt43_pair_203170012_cf1,,16,,2,direct_transformer,12011,unsupported_hop_16:ergt43_pair_203170012_unsupported,0,7ba5af180e6b0f3aebcfe2bc70b7c66677444f4e77b9565e8a6586a8a0575dae,memory_source_condition,,335,True
unsupported_hop_16,False,0,16301,unsupported_hop_16:ergt43_pair_203170008_cf0,,16,,2,direct_transformer,12011,unsupported_hop_16:ergt43_pair_203170008_unsupported,1,8b555fc729207a4313c7c477a14821b00e75a2cabee09d70128b3ae48f95ef29,finite_speed_cone,,335,True
unsupported_hop_16,False,1,16301,unsupported_hop_16:ergt43_pair_203170008_cf1,,16,,2,direct_transformer,12011,unsupported_hop_16:ergt43_pair_203170008_unsupported,1,5dda5e645f5b087a834009677a96eb2490df1813230d74ffbcace9104132b595,finite_speed_cone,,335,True
unsupported_hop_16,False,1,16301,unsupported_hop_16:ergt43_pair_203170019_cf1,,16,,2,direct_transformer,12011,unsupported_hop_16:ergt43_pair_203170019_unsupported,1,4c6e88312ce230eaaf7add189cbc4457c425c727190cbab01a5b6459e6974fa9,memory_source_condition,,335,True
unsupported_hop_16,False,0,16301,unsupported_hop_16:ergt43_pair_203170019_cf0,,16,,2,direct_transformer,12011,unsupported_hop_16:ergt43_pair_203170019_unsupported,1,37e09b5acb8c02376c4fc784c3fd54e968a70dd2b7c7148c56df5083aa5070a5,memory_source_condition,,335,True
unsupported_hop_16,False,0,16301,unsupported_hop_16:ergt43_pair_203170020_cf0,,16,,2,direct_transformer,12011,unsupported_hop_16:ergt43_pair_203170020_unsupported,0,0f40f77aa47e445f1cb936fd60a594afc355a4a3a15719469bf60ae73bbed0eb,combined_long_horizon,,335,True
unsupported_hop_16,False,1,16301,unsupported_hop_16:ergt43_pair_203170020_cf1,,16,,2,direct_transformer,12011,unsupported_hop_16:ergt43_pair_203170020_unsupported,0,48d74a7751b9517d739e02a431fe8ef188cd1fc76dd1e7aa93a27fa80e2a8f60,combined_long_horizon,,335,True
unsupported_hop_32,True,1,16301,unsupported_hop_32:ergt43_pair_203330005_cf1,1,32,full,2,native_ergt,12011,unsupported_hop_32:ergt43_pair_203330005_unsupported,2,bf3663c0bbebc22ac9ce073e50bfcc4622dace448d92bb500c70c4e4184609ae,memory_source_condition,1000000.0,655,True
unsupported_hop_32,True,0,16301,unsupported_hop_32:ergt43_pair_203330005_cf0,1,32,full,2,native_ergt,12011,unsupported_hop_32:ergt43_pair_203330005_unsupported,2,cedefa0a2e264f59a1710edbf60c09b8a457c53f12da6775f5ae9231d6f6f984,memory_source_condition,1000000.0,655,True
unsupported_hop_32,True,0,16301,unsupported_hop_32:ergt43_pair_203330016_cf0,1,32,full,2,native_ergt,12011,unsupported_hop_32:ergt43_pair_203330016_unsupported,2,8b26292f27090220a6f4acbd1ecba9b8bd47353d2a3e7b676d4cfaecb59c332d,boundary_deficit,1000000.0,655,True
unsupported_hop_32,True,1,16301,unsupported_hop_32:ergt43_pair_203330016_cf1,1,32,full,2,native_ergt,12011,unsupported_hop_32:ergt43_pair_203330016_unsupported,2,05beb668c57ca1188c9af1675a68b06b7b6dd1b0bf491b421e014b7cd4ae7258,boundary_deficit,1000000.0,655,True
unsupported_hop_32,True,1,16301,unsupported_hop_32:ergt43_pair_203330009_cf1,1,32,full,2,native_ergt,12011,unsupported_hop_32:ergt43_pair_203330009_unsupported,2,1686ea15489dcebcc02bc7e7c969c57512b68d6b02bf733660040679d617eabb,boundary_deficit,1000000.0,655,True
unsupported_hop_32,True,0,16301,unsupported_hop_32:ergt43_pair_203330009_cf0,1,32,full,2,native_ergt,12011,unsupported_hop_32:ergt43_pair_203330009_unsupported,2,af76dd60cbfdb7d3640099bb7070c0df0cbcff4e1b40986b572718d54c2c73c9,boundary_deficit,1000000.0,655,True
unsupported_hop_32,True,0,16301,unsupported_hop_32:ergt43_pair_203330011_cf0,1,32,full,2,native_ergt,12011,unsupported_hop_32:ergt43_pair_203330011_unsupported,2,bea20b0e3cf894411be4d344a5d4ce193a11530f502aa6cf9ad01c6465247acb,terminal_mass,1000000.0,655,True
unsupported_hop_32,True,1,16301,unsupported_hop_32:ergt43_pair_203330011_cf1,1,32,full,2,native_ergt,12011,unsupported_hop_32:ergt43_pair_203330011_unsupported,2,bea20b0e3cf894411be4d344a5d4ce193a11530f502aa6cf9ad01c6465247acb,terminal_mass,1000000.0,655,True
unsupported_hop_32,True,0,16301,unsupported_hop_32:ergt43_pair_203330017_cf0,1,32,full,2,native_ergt,12011,unsupported_hop_32:ergt43_pair_203330017_unsupported,2,b00caacd97221b7c53ddad9bf5c1f7384a0bde85745dd0b79096655fd8d22db4,payload_transport,1000000.0,655,True
unsupported_hop_32,True,1,16301,unsupported_hop_32:ergt43_pair_203330017_cf1,1,32,full,2,native_ergt,12011,unsupported_hop_32:ergt43_pair_203330017_unsupported,2,5d1276ce0488e5f4926172e43acabbd9922161423c10052d65da1c625ead4599,payload_transport,1000000.0,655,True
unsupported_hop_32,True,1,16301,unsupported_hop_32:ergt43_pair_203330020_cf1,1,32,full,2,native_ergt,12011,unsupported_hop_32:ergt43_pair_203330020_unsupported,2,8076defc7076c9561ed88d648ee2abf655063a947b078d4f00bcc23287d38481,combined_long_horizon,1000000.0,655,True
unsupported_hop_32,True,0,16301,unsupported_hop_32:ergt43_pair_203330020_cf0,1,32,full,2,native_ergt,12011,unsupported_hop_32:ergt43_pair_203330020_unsupported,2,9745ec08fbea537f3438e006ee35690c68d729d6b9a839f9a7697616afd4808a,combined_long_horizon,1000000.0,655,True
unsupported_hop_32,True,1,16301,unsupported_hop_32:ergt43_pair_203330006_cf1,1,32,full,2,native_ergt,12011,unsupported_hop_32:ergt43_pair_203330006_unsupported,2,f020d8dcc9ff55bd2f5b93b742b9bc9024a0f2cb6adaf7654ed2b24d35565b4e,combined_long_horizon,1000000.0,655,True
unsupported_hop_32,True,0,16301,unsupported_hop_32:ergt43_pair_203330006_cf0,1,32,full,2,native_ergt,12011,unsupported_hop_32:ergt43_pair_203330006_unsupported,2,044d376788913f05676cd2a9a189e7d4345432eff591916426fae4575862fef0,combined_long_horizon,1000000.0,655,True
unsupported_hop_32,True,0,16301,unsupported_hop_32:ergt43_pair_203330014_cf0,1,32,full,2,native_ergt,12011,unsupported_hop_32:ergt43_pair_203330014_unsupported,2,e8de2b1e6de16592b7ca99db67f5fd805909853a7e33d18775a8c8e8886a5631,geodesic_action,1000000.0,655,True
unsupported_hop_32,True,1,16301,unsupported_hop_32:ergt43_pair_203330014_cf1,1,32,full,2,native_ergt,12011,unsupported_hop_32:ergt43_pair_203330014_unsupported,2,270e2206e922ebebb4051549fb63aec3c8261a02ea21439fef226a383bd5cb9e,geodesic_action,1000000.0,655,True
unsupported_hop_32,True,1,16301,unsupported_hop_32:ergt43_pair_203330001_cf1,1,32,full,2,native_ergt,12011,unsupported_hop_32:ergt43_pair_203330001_unsupported,2,6252644a6b8e6956d357256de145b02068435c6cf4eb04f0dcefbd3a12fa0262,finite_speed_cone,1000000.0,655,True
unsupported_hop_32,True,0,16301,unsupported_hop_32:ergt43_pair_203330001_cf0,1,32,full,2,native_ergt,12011,unsupported_hop_32:ergt43_pair_203330001_unsupported,2,20f1d4d29f84f26ccbf7987440536a44792817e7a96bb0a0b82511873848a669,finite_speed_cone,1000000.0,655,True
unsupported_hop_32,True,0,16301,unsupported_hop_32:ergt43_pair_203330008_cf0,1,32,full,2,native_ergt,12011,unsupported_hop_32:ergt43_pair_203330008_unsupported,2,c4785f1e051787a0a6b9aa1453cc4c54c48dcaee62fa3314b1a15547876d1010,finite_speed_cone,1000000.0,655,True
unsupported_hop_32,True,1,16301,unsupported_hop_32:ergt43_pair_203330008_cf1,1,32,full,2,native_ergt,12011,unsupported_hop_32:ergt43_pair_203330008_unsupported,2,94418a3d03b11487986d1478ee8449f86bd7c99c85b79fb543b2bc41d99e7a83,finite_speed_cone,1000000.0,655,True
unsupported_hop_32,True,1,16301,unsupported_hop_32:ergt43_pair_203330027_cf1,1,32,full,2,native_ergt,12011,unsupported_hop_32:ergt43_pair_203330027_unsupported,2,c581698856b33d528622485e4232f076e95c6f84341e40f787f8b6ddaa031d4e,combined_long_horizon,1000000.0,655,True
unsupported_hop_32,True,0,16301,unsupported_hop_32:ergt43_pair_203330027_cf0,1,32,full,2,native_ergt,12011,unsupported_hop_32:ergt43_pair_203330027_unsupported,2,f91151c221607aef614a5c29f867320a8e45567848f12f6c18507eb0d9dc7c37,combined_long_horizon,1000000.0,655,True
unsupported_hop_32,True,0,16301,unsupported_hop_32:ergt43_pair_203330012_cf0,1,32,full,2,native_ergt,12011,unsupported_hop_32:ergt43_pair_203330012_unsupported,2,3dd862aca6469e37992975ccad04d50b0e41f24fb16f32657cf6b5c625100168,memory_source_condition,1000000.0,655,True
unsupported_hop_32,True,1,16301,unsupported_hop_32:ergt43_pair_203330012_cf1,1,32,full,2,native_ergt,12011,unsupported_hop_32:ergt43_pair_203330012_unsupported,2,e5df1a411d271862a8010e7b94660786b7e43953854496395860a2183f249aba,memory_source_condition,1000000.0,655,True
unsupported_hop_32,True,0,16301,unsupported_hop_32:ergt43_pair_203330002_cf0,1,32,full,2,native_ergt,12011,unsupported_hop_32:ergt43_pair_203330002_unsupported,2,b4197ef1406b50f9c425d7acf0a6caa1a71a7f28e21b7e7d0ab5a6b46ac98e92,boundary_deficit,1000000.0,655,True
unsupported_hop_32,True,1,16301,unsupported_hop_32:ergt43_pair_203330002_cf1,1,32,full,2,native_ergt,12011,unsupported_hop_32:ergt43_pair_203330002_unsupported,2,bd6df06a62f8edc17c8fe0774f8d27c8588966cda5dc0033a69ed82e428bce19,boundary_deficit,1000000.0,655,True
unsupported_hop_32,True,1,16301,unsupported_hop_32:ergt43_pair_203330004_cf1,1,32,full,2,native_ergt,12011,unsupported_hop_32:ergt43_pair_203330004_unsupported,2,caa2d1cac6f71ecd704b40d0bdf9e3dcf37e094144159761014be7236442d844,terminal_mass,1000000.0,655,True
unsupported_hop_32,True,0,16301,unsupported_hop_32:ergt43_pair_203330004_cf0,1,32,full,2,native_ergt,12011,unsupported_hop_32:ergt43_pair_203330004_unsupported,2,caa2d1cac6f71ecd704b40d0bdf9e3dcf37e094144159761014be7236442d844,terminal_mass,1000000.0,655,True
unsupported_hop_32,False,1,16301,unsupported_hop_32:ergt43_pair_203330005_cf1,,32,,2,direct_transformer,12011,unsupported_hop_32:ergt43_pair_203330005_unsupported,1,bf3663c0bbebc22ac9ce073e50bfcc4622dace448d92bb500c70c4e4184609ae,memory_source_condition,,655,True
unsupported_hop_32,False,0,16301,unsupported_hop_32:ergt43_pair_203330005_cf0,,32,,2,direct_transformer,12011,unsupported_hop_32:ergt43_pair_203330005_unsupported,1,cedefa0a2e264f59a1710edbf60c09b8a457c53f12da6775f5ae9231d6f6f984,memory_source_condition,,655,True
unsupported_hop_32,False,0,16301,unsupported_hop_32:ergt43_pair_203330016_cf0,,32,,2,direct_transformer,12011,unsupported_hop_32:ergt43_pair_203330016_unsupported,0,8b26292f27090220a6f4acbd1ecba9b8bd47353d2a3e7b676d4cfaecb59c332d,boundary_deficit,,655,True
unsupported_hop_32,False,1,16301,unsupported_hop_32:ergt43_pair_203330016_cf1,,32,,2,direct_transformer,12011,unsupported_hop_32:ergt43_pair_203330016_unsupported,0,05beb668c57ca1188c9af1675a68b06b7b6dd1b0bf491b421e014b7cd4ae7258,boundary_deficit,,655,True
unsupported_hop_32,False,1,16301,unsupported_hop_32:ergt43_pair_203330009_cf1,,32,,2,direct_transformer,12011,unsupported_hop_32:ergt43_pair_203330009_unsupported,0,1686ea15489dcebcc02bc7e7c969c57512b68d6b02bf733660040679d617eabb,boundary_deficit,,655,True
unsupported_hop_32,False,0,16301,unsupported_hop_32:ergt43_pair_203330009_cf0,,32,,2,direct_transformer,12011,unsupported_hop_32:ergt43_pair_203330009_unsupported,0,af76dd60cbfdb7d3640099bb7070c0df0cbcff4e1b40986b572718d54c2c73c9,boundary_deficit,,655,True
unsupported_hop_32,False,0,16301,unsupported_hop_32:ergt43_pair_203330011_cf0,,32,,2,direct_transformer,12011,unsupported_hop_32:ergt43_pair_203330011_unsupported,1,bea20b0e3cf894411be4d344a5d4ce193a11530f502aa6cf9ad01c6465247acb,terminal_mass,,655,True
unsupported_hop_32,False,1,16301,unsupported_hop_32:ergt43_pair_203330011_cf1,,32,,2,direct_transformer,12011,unsupported_hop_32:ergt43_pair_203330011_unsupported,1,bea20b0e3cf894411be4d344a5d4ce193a11530f502aa6cf9ad01c6465247acb,terminal_mass,,655,True
unsupported_hop_32,False,0,16301,unsupported_hop_32:ergt43_pair_203330017_cf0,,32,,2,direct_transformer,12011,unsupported_hop_32:ergt43_pair_203330017_unsupported,1,b00caacd97221b7c53ddad9bf5c1f7384a0bde85745dd0b79096655fd8d22db4,payload_transport,,655,True
unsupported_hop_32,False,1,16301,unsupported_hop_32:ergt43_pair_203330017_cf1,,32,,2,direct_transformer,12011,unsupported_hop_32:ergt43_pair_203330017_unsupported,1,5d1276ce0488e5f4926172e43acabbd9922161423c10052d65da1c625ead4599,payload_transport,,655,True
unsupported_hop_32,False,1,16301,unsupported_hop_32:ergt43_pair_203330020_cf1,,32,,2,direct_transformer,12011,unsupported_hop_32:ergt43_pair_203330020_unsupported,1,8076defc7076c9561ed88d648ee2abf655063a947b078d4f00bcc23287d38481,combined_long_horizon,,655,True
unsupported_hop_32,False,0,16301,unsupported_hop_32:ergt43_pair_203330020_cf0,,32,,2,direct_transformer,12011,unsupported_hop_32:ergt43_pair_203330020_unsupported,1,9745ec08fbea537f3438e006ee35690c68d729d6b9a839f9a7697616afd4808a,combined_long_horizon,,655,True
unsupported_hop_32,False,1,16301,unsupported_hop_32:ergt43_pair_203330006_cf1,,32,,2,direct_transformer,12011,unsupported_hop_32:ergt43_pair_203330006_unsupported,1,f020d8dcc9ff55bd2f5b93b742b9bc9024a0f2cb6adaf7654ed2b24d35565b4e,combined_long_horizon,,655,True
unsupported_hop_32,False,0,16301,unsupported_hop_32:ergt43_pair_203330006_cf0,,32,,2,direct_transformer,12011,unsupported_hop_32:ergt43_pair_203330006_unsupported,1,044d376788913f05676cd2a9a189e7d4345432eff591916426fae4575862fef0,combined_long_horizon,,655,True
unsupported_hop_32,False,0,16301,unsupported_hop_32:ergt43_pair_203330014_cf0,,32,,2,direct_transformer,12011,unsupported_hop_32:ergt43_pair_203330014_unsupported,0,e8de2b1e6de16592b7ca99db67f5fd805909853a7e33d18775a8c8e8886a5631,geodesic_action,,655,True
unsupported_hop_32,False,1,16301,unsupported_hop_32:ergt43_pair_203330014_cf1,,32,,2,direct_transformer,12011,unsupported_hop_32:ergt43_pair_203330014_unsupported,0,270e2206e922ebebb4051549fb63aec3c8261a02ea21439fef226a383bd5cb9e,geodesic_action,,655,True
unsupported_hop_32,False,1,16301,unsupported_hop_32:ergt43_pair_203330001_cf1,,32,,2,direct_transformer,12011,unsupported_hop_32:ergt43_pair_203330001_unsupported,1,6252644a6b8e6956d357256de145b02068435c6cf4eb04f0dcefbd3a12fa0262,finite_speed_cone,,655,True
unsupported_hop_32,False,0,16301,unsupported_hop_32:ergt43_pair_203330001_cf0,,32,,2,direct_transformer,12011,unsupported_hop_32:ergt43_pair_203330001_unsupported,1,20f1d4d29f84f26ccbf7987440536a44792817e7a96bb0a0b82511873848a669,finite_speed_cone,,655,True
unsupported_hop_32,False,0,16301,unsupported_hop_32:ergt43_pair_203330008_cf0,,32,,2,direct_transformer,12011,unsupported_hop_32:ergt43_pair_203330008_unsupported,0,c4785f1e051787a0a6b9aa1453cc4c54c48dcaee62fa3314b1a15547876d1010,finite_speed_cone,,655,True
unsupported_hop_32,False,1,16301,unsupported_hop_32:ergt43_pair_203330008_cf1,,32,,2,direct_transformer,12011,unsupported_hop_32:ergt43_pair_203330008_unsupported,0,94418a3d03b11487986d1478ee8449f86bd7c99c85b79fb543b2bc41d99e7a83,finite_speed_cone,,655,True
unsupported_hop_32,False,1,16301,unsupported_hop_32:ergt43_pair_203330027_cf1,,32,,2,direct_transformer,12011,unsupported_hop_32:ergt43_pair_203330027_unsupported,1,c581698856b33d528622485e4232f076e95c6f84341e40f787f8b6ddaa031d4e,combined_long_horizon,,655,True
unsupported_hop_32,False,0,16301,unsupported_hop_32:ergt43_pair_203330027_cf0,,32,,2,direct_transformer,12011,unsupported_hop_32:ergt43_pair_203330027_unsupported,1,f91151c221607aef614a5c29f867320a8e45567848f12f6c18507eb0d9dc7c37,combined_long_horizon,,655,True
unsupported_hop_32,False,0,16301,unsupported_hop_32:ergt43_pair_203330012_cf0,,32,,2,direct_transformer,12011,unsupported_hop_32:ergt43_pair_203330012_unsupported,0,3dd862aca6469e37992975ccad04d50b0e41f24fb16f32657cf6b5c625100168,memory_source_condition,,655,True
unsupported_hop_32,False,1,16301,unsupported_hop_32:ergt43_pair_203330012_cf1,,32,,2,direct_transformer,12011,unsupported_hop_32:ergt43_pair_203330012_unsupported,0,e5df1a411d271862a8010e7b94660786b7e43953854496395860a2183f249aba,memory_source_condition,,655,True
unsupported_hop_32,False,0,16301,unsupported_hop_32:ergt43_pair_203330002_cf0,,32,,2,direct_transformer,12011,unsupported_hop_32:ergt43_pair_203330002_unsupported,1,b4197ef1406b50f9c425d7acf0a6caa1a71a7f28e21b7e7d0ab5a6b46ac98e92,boundary_deficit,,655,True
unsupported_hop_32,False,1,16301,unsupported_hop_32:ergt43_pair_203330002_cf1,,32,,2,direct_transformer,12011,unsupported_hop_32:ergt43_pair_203330002_unsupported,1,bd6df06a62f8edc17c8fe0774f8d27c8588966cda5dc0033a69ed82e428bce19,boundary_deficit,,655,True
unsupported_hop_32,False,1,16301,unsupported_hop_32:ergt43_pair_203330004_cf1,,32,,2,direct_transformer,12011,unsupported_hop_32:ergt43_pair_203330004_unsupported,1,caa2d1cac6f71ecd704b40d0bdf9e3dcf37e094144159761014be7236442d844,terminal_mass,,655,True
unsupported_hop_32,False,0,16301,unsupported_hop_32:ergt43_pair_203330004_cf0,,32,,2,direct_transformer,12011,unsupported_hop_32:ergt43_pair_203330004_unsupported,1,caa2d1cac6f71ecd704b40d0bdf9e3dcf37e094144159761014be7236442d844,terminal_mass,,655,True
